{"type": "FeatureCollection", "name": "fir-regions", "crs": {"type": "name", "properties": {"name": "urn:ogc:def:crs:OGC:1.3:CRS84"}}, "features": [{"type": "Feature", "properties": {"FID": 0, "FIR_NAME": null, "ICAO_CODE": null, "TYPE": "FIR", "COUNTRY": null}, "geometry": {"type": "MultiPolygon", "coordinates": [[[[9.5654296875, 29.8583984375], [9.414062500000028, 30.048828125], [9.384765625, 30.15625], [9.544270833333334, 30.25716145833333], [9.873046875, 30.3515625], [9.986979166666666, 30.439453125], [9.986979166666666, 29.66796875], [9.6484375, 29.6728515625], [9.5654296875, 29.8583984375]]]]}}, {"type": "Feature", "properties": {"FID": 1, "FIR_NAME": null, "ICAO_CODE": null, "TYPE": "FIR", "COUNTRY": null}, "geometry": {"type": "MultiPolygon", "coordinates": [[[[9.544270833333334, 30.25716145833333], [9.384765625, 30.15625], [9.414062500000028, 30.048828125], [9.5654296875, 29.8583984375], [9.6484375, 29.6728515625], [9.140625, 29.66796875], [9.052734375, 29.697265625], [9.0234375, 30.185546875], [8.408203125, 32.4755859375], [9.072265625, 32.08984375], [9.544270833333334, 30.25716145833333]]]]}}, {"type": "Feature", "properties": {"FID": 2, "FIR_NAME": "WASHINGTON", "ICAO_CODE": "KZDC", "TYPE": "FIR", "COUNTRY": "United States"}, "geometry": {"type": "MultiPolygon", "coordinates": [[[[-74.8388671875, 40.1123046875], [-75.302734375, 40.081380208333336], [-75.048828125, 40.25390625], [-74.970703125, 40.341796875], [-74.697265625, 40.263671875], [-74.501953125, 40.3125], [-74.35546875, 40.25390625], [-74.66552734375, 40.0048828125], [-74.8388671875, 40.1123046875]]]]}}, {"type": "Feature", "properties": {"FID": 3, "FIR_NAME": "WASHINGTON", "ICAO_CODE": "KZDC", "TYPE": "FIR", "COUNTRY": "United States"}, "geometry": {"type": "MultiPolygon", "coordinates": [[[[-75.302734375, 40.081380208333336], [-74.8388671875, 40.1123046875], [-74.66552734375, 40.0048828125], [-74.94140625, 39.765625], [-74.90234375, 39.70703125], [-74.8046875, 39.658203125], [-74.48242187499999, 39.658203125], [-74.48242187499999, 39.599609375], [-74.208984375, 39.58984375], [-73.66861979166667, 39.04296875], [-74.033203125, 38.45703125], [-74.609375, 37.08984375], [-74.609375, 36.7578125], [-74.94140625, 35.5078125], [-75.21484375, 35.29296875], [-76.787109375, 32.985026041666664], [-78.759765625, 34.453125], [-79.14207779649797, 34.552356189011206], [-79.728058, 34.71334], [-79.912109375, 34.853515625], [-80.146484375, 34.866536458333336], [-79.8046875, 35.400390625], [-79.75585937499999, 36.09375], [-79.970703125, 36.181640625], [-80.625, 37.314453125], [-80.75846354166667, 37.317708333333336], [-80.849609375, 37.490234375], [-80.5859375, 38.740234375], [-80.41015625, 39.176432291666664], [-79.892578125, 39.1796875], [-79.51171875, 39.39453125], [-77.82958984375, 39.86083984375], [-77.65625, 39.78515625], [-77.36653645833333, 39.78515625], [-77.353515625, 39.51171875], [-76.884765625, 39.39453125], [-76.396484375, 39.39453125], [-76.33789062500001, 39.404296875], [-75.302734375, 40.081380208333336]]]]}}, {"type": "Feature", "properties": {"FID": 4, "FIR_NAME": "ALGER", "ICAO_CODE": "DAAA", "TYPE": "FIR", "COUNTRY": "Algeria"}, "geometry": {"type": "MultiPolygon", "coordinates": [[[[10.64453125, 24.55078125], [10.996093750000028, 24.482421875], [11.412760416666648, 24.222005208333332], [11.611328125000028, 24.2578125], [11.982421875, 23.544921875], [11.97265625, 23.505859375], [11.490885416666666, 23.229166666666668], [9.82421875, 22.28515625], [7.480468750000028, 20.869140625], [5.810546875000028, 19.443359375], [3.349609375000028, 18.974609375], [3.115234375, 19.140625], [3.193359375, 19.287109375], [3.193359375, 19.423828125], [3.251953125, 19.453125], [3.22265625, 19.58984375], [3.242187499999972, 19.84375], [3.134765625, 19.86328125], [2.96875, 19.9609375], [2.724609375, 20.0], [2.685546875, 20.078125], [2.558593750000028, 20.048828125], [2.4609375, 20.107421875], [2.382812500000028, 20.0390625], [2.363281249999972, 20.087890625], [2.392578125, 20.13671875], [2.3046875, 20.21484375], [2.294921875000028, 20.2734375], [2.216796875, 20.3125], [2.119140625000028, 20.244140625], [1.953125, 20.263671875], [1.923828124999972, 20.234375], [1.855468750000028, 20.302734375], [1.796875, 20.29296875], [1.660156249999972, 20.419921875], [1.660156249999972, 20.537109375], [1.58203125, 20.60546875], [1.3671875, 20.6640625], [1.308593749999972, 20.7421875], [1.162109375, 20.7421875], [1.181640625, 21.025390625], [1.152343750000028, 21.123046875], [1.09375, 21.171875], [-2.822265625, 23.740234375], [-3.590494791666667, 24.208984375], [-5.810546875, 25.625], [-8.668619791666666, 27.28515625], [-8.675130208333334, 27.67578125], [-8.662109375, 28.681640625], [-2.6904296875, 31.840820312499996], [-2.880859375, 31.953125], [-2.9296875, 32.021484375], [-2.9052734375, 32.119140625], [-2.59765625, 32.119140625], [-2.451171875, 32.16796875], [-2.109375, 32.1484375], [-2.041015625, 32.177734375], [-1.611328125, 32.099609375], [-1.240234375, 32.080078125], [-1.162109375, 32.119140625], [-1.201171875, 32.177734375], [-1.2890625, 32.1826171875], [-1.25, 32.216796875], [-1.25, 32.333984375], [-1.2109375, 32.392578125], [-1.07421875, 32.451171875], [-1.005859375, 32.51953125], [-1.416015625, 32.783203125], [-1.54296875, 32.958984375], [-1.484375, 32.98828125], [-1.474609375, 33.076171875], [-1.58203125, 33.154296875], [-1.669921875, 33.28125], [-1.6015625, 33.61328125], [-1.669921875, 33.69140625], [-1.708984375, 33.681640625], [-1.73828125, 33.7109375], [-1.6796875, 33.779296875], [-1.69921875, 33.90625], [-1.650390625, 34.111328125], [-1.71875, 34.23828125], [-1.708984375, 34.306640625], [-1.787109375, 34.39453125], [-1.69921875, 34.501953125], [-1.845703125, 34.638671875], [-1.767578125, 34.755859375], [-1.953125, 34.873046875], [-1.9921875, 34.94140625], [-2.060546875, 34.94140625], [-2.216796875, 35.068359375], [-2.10205078125, 35.85205078125], [-1.50390625, 36.259765625], [3.7109375, 38.3203125], [4.661458333333343, 39.007161458333336], [7.998046875, 38.9990234375], [8.639322916666666, 36.839192708333336], [8.636337226266674, 36.78843597153348], [8.634663530092526, 36.78753217559944], [8.573301712134628, 36.776604728565836], [8.518664476966634, 36.776604728565836], [8.478316980227195, 36.77408301001962], [8.448896930521354, 36.76903957292719], [8.449737503370091, 36.74970639740621], [8.468230106042334, 36.72953264903649], [8.473878229986266, 36.72153114011592], [8.369042509891216, 36.716924056305416], [8.363999072798784, 36.58999755614593], [8.320289284664389, 36.55301235080144], [8.275738923681258, 36.536200893826674], [8.222782834210742, 36.52527344679308], [8.185797628866256, 36.51350542691074], [8.166464453345274, 36.49921568848219], [8.170667317588965, 36.47483907586878], [8.21437710572336, 36.45382475465032], [8.26481147664766, 36.44289730761672], [8.306840119084576, 36.44205673476798], [8.327854440303035, 36.44289730761672], [8.356505040179412, 36.43880436477723], [8.344726562500014, 36.201171875], [8.30078125, 36.171875], [8.330078125, 36.103515625], [8.291015625, 36.044921875], [8.291015625, 35.966796875], [8.251953124999972, 35.927734375], [8.251953124999972, 35.751953125], [8.34765625, 35.6015625], [8.349609375, 35.46875], [7.650773010644303, 35.31863112242919], [7.900390625, 34.42626953125], [7.783203125, 34.208984375], [7.734375, 34.1796875], [7.636718749999972, 34.189453125], [7.529296875, 34.072265625], [7.548828124999972, 34.013671875], [7.51953125, 33.80859375], [7.568359375000028, 33.759765625], [7.607421875, 33.603515625], [7.744140625000028, 33.427734375], [7.802734375, 33.22265625], [8.10546875, 33.10546875], [8.10546875, 33.046875], [8.291015625, 32.867838541666664], [8.33984375, 32.65625], [8.349609375, 32.51953125], [8.408203125, 32.4755859375], [9.0234375, 30.185546875], [9.052734375, 29.697265625], [9.140625, 29.66796875], [9.6484375, 29.6728515625], [9.775390625, 29.443359375], [9.892578125, 28.8671875], [9.833984374999972, 28.26171875], [9.9609375, 27.87109375], [9.921875, 27.6953125], [9.84375, 27.578125], [9.86328125, 27.5390625], [9.8046875, 27.4609375], [9.775390625, 27.275390625], [9.853515625000028, 26.962890625], [9.921875, 26.865234375], [9.892578125, 26.7578125], [9.912109375, 26.650390625], [9.853515625000028, 26.5234375], [9.521484375, 26.38671875], [9.394531249999972, 26.201171875], [10.01953125, 25.341796875], [10.048828125, 24.84375], [10.205078125000028, 24.755859375], [10.244140625, 24.619140625], [10.400390625, 24.4921875], [10.48828125, 24.482421875], [10.64453125, 24.55078125]]]]}}, {"type": "Feature", "properties": {"FID": 5, "FIR_NAME": "TRIPOLI", "ICAO_CODE": "HLLL", "TYPE": "FIR", "COUNTRY": "Libya"}, "geometry": {"type": "MultiPolygon", "coordinates": [[[[11.412760416666648, 24.222005208333332], [10.996093750000028, 24.482421875], [10.64453125, 24.55078125], [10.48828125, 24.482421875], [10.400390625, 24.4921875], [10.244140625, 24.619140625], [10.205078125000028, 24.755859375], [10.048828125, 24.84375], [10.01953125, 25.341796875], [9.394531249999972, 26.201171875], [9.521484375, 26.38671875], [9.853515625000028, 26.5234375], [9.912109375, 26.650390625], [9.892578125, 26.7578125], [9.921875, 26.865234375], [9.853515625000028, 26.962890625], [9.775390625, 27.275390625], [9.8046875, 27.4609375], [9.86328125, 27.5390625], [9.84375, 27.578125], [9.921875, 27.6953125], [9.9609375, 27.87109375], [9.833984374999972, 28.26171875], [9.892578125, 28.8671875], [9.775390625, 29.443359375], [9.6484375, 29.6728515625], [9.986979166666666, 29.66796875], [10.0, 28.056640625], [11.412760416666648, 24.222005208333332]]]]}}, {"type": "Feature", "properties": {"FID": 6, "FIR_NAME": "ACCRA", "ICAO_CODE": "DGAC", "TYPE": "FIR", "COUNTRY": null}, "geometry": {"type": "MultiPolygon", "coordinates": [[[[2.783203125, 7.0458984375], [2.724609375, 6.9921875], [2.75390625, 6.9140625], [2.734375, 6.796875], [2.783203125, 6.7578125], [2.714843749999972, 6.474609375], [2.744140625, 5.712890625], [6.572265625, 3.004557291666667], [6.585286458333314, -4.169921875], [6.572265625, -5.869140625], [-3.004557291666667, -9.518229166666666], [-3.011067708333333, -1.8359375], [-3.0078125, 4.6875], [-3.10546875, 5.146484375], [-2.75390625, 5.1171875], [-2.734375, 5.15625], [-2.783203125, 5.341796875], [-2.724609375, 5.361328125], [-2.724609375, 5.41015625], [-2.7734375, 5.60546875], [-2.841796875, 5.64453125], [-2.958984375, 5.634765625], [-2.958984375, 5.712890625], [-3.017578125, 5.732421875], [-3.017578125, 5.87890625], [-3.0859375, 6.015625], [-3.095703125, 6.142578125], [-3.18359375, 6.298828125], [-3.251953125, 6.640625], [-3.193359375, 6.71875], [-3.232421875, 6.77734375], [-3.22265625, 6.845703125], [-3.10546875, 7.05078125], [-3.02734375, 7.08984375], [-2.958984375, 7.2265625], [-2.978515625, 7.34375], [-2.9296875, 7.607421875], [-2.7685546875, 7.9296875], [-2.65625, 8.037109375], [-2.59765625, 8.046875], [-2.6171875, 8.14453125], [-2.587890625, 8.18359375], [-2.5, 8.203125], [-2.5, 8.26171875], [-2.578125, 8.75], [-2.6171875, 8.798828125], [-2.607421875, 8.857421875], [-2.65625, 9.013671875], [-2.7734375, 9.052734375], [-2.763671875, 9.140625], [-2.666015625, 9.267578125], [-2.724609375, 9.31640625], [-2.67578125, 9.375], [-2.67578125, 9.462890625], [-2.7734375, 9.5703125], [-2.75390625, 9.658203125], [-2.802734375, 9.7265625], [-2.744140625, 9.82421875], [-2.776692708333333, 9.8828125], [-2.802734375, 10.205078125], [-2.763671875, 10.263671875], [-2.8515625, 10.322265625], [-2.83203125, 10.390625], [-2.783203125, 10.419921875], [-2.861328125, 10.458984375], [-2.939453125, 10.625], [-2.880859375, 10.849609375], [-2.822265625, 10.927734375], [-2.83203125, 11.005859375], [3.736979166666667, 11.009114583333334], [3.769531249999972, 10.91796875], [3.740234375, 10.810546875], [3.798828125, 10.72265625], [3.837890625, 10.712890625], [3.84765625, 10.5859375], [3.798828125, 10.498046875], [3.798828125, 10.4296875], [3.769531249999972, 10.41015625], [3.671875, 10.44921875], [3.583984375, 10.302734375], [3.603515625, 10.244140625], [3.681640624999972, 10.17578125], [3.671875, 10.1171875], [3.613281250000028, 10.068359375], [3.613281250000028, 9.970703125], [3.525390625000028, 9.853515625], [3.466796875, 9.86328125], [3.330078124999972, 9.8046875], [3.349609375000028, 9.677734375], [3.242187499999972, 9.619140625], [3.251953125, 9.58984375], [3.14453125, 9.47265625], [3.1640625, 9.27734375], [3.095703125, 9.111328125], [3.017578125, 9.072265625], [2.939453125, 9.091796875], [2.783203125, 9.0625], [2.763671875, 8.818359375], [2.734375, 8.7890625], [2.75390625, 8.486328125], [2.705078125, 8.369140625], [2.744140625, 8.18359375], [2.685546875, 7.919921875], [2.734375, 7.822265625], [2.724609375, 7.587890625], [2.802734374999972, 7.5], [2.802734374999972, 7.44140625], [2.744140625, 7.412109375], [2.7734375, 7.197265625], [2.744140625, 7.099609375], [2.783203125, 7.0458984375]]]]}}, {"type": "Feature", "properties": {"FID": 7, "FIR_NAME": "KANO", "ICAO_CODE": "DNKK", "TYPE": "FIR", "COUNTRY": "Nigeria"}, "geometry": {"type": "MultiPolygon", "coordinates": [[[[6.572265625, 3.004557291666667], [2.744140625, 5.712890625], [2.714843749999972, 6.474609375], [2.783203125, 6.7578125], [2.734375, 6.796875], [2.75390625, 6.9140625], [2.724609375, 6.9921875], [2.783203125, 7.0458984375], [2.744140625, 7.099609375], [2.7734375, 7.197265625], [2.744140625, 7.412109375], [2.802734374999972, 7.44140625], [2.802734374999972, 7.5], [2.724609375, 7.587890625], [2.734375, 7.822265625], [2.685546875, 7.919921875], [2.744140625, 8.18359375], [2.705078125, 8.369140625], [2.75390625, 8.486328125], [2.734375, 8.7890625], [2.763671875, 8.818359375], [2.783203125, 9.0625], [2.939453125, 9.091796875], [3.017578125, 9.072265625], [3.095703125, 9.111328125], [3.1640625, 9.27734375], [3.14453125, 9.47265625], [3.251953125, 9.58984375], [3.242187499999972, 9.619140625], [3.349609375000028, 9.677734375], [3.330078124999972, 9.8046875], [3.466796875, 9.86328125], [3.525390625000028, 9.853515625], [3.613281250000028, 9.970703125], [3.613281250000028, 10.068359375], [3.671875, 10.1171875], [3.681640624999972, 10.17578125], [3.603515625, 10.244140625], [3.583984375, 10.302734375], [3.671875, 10.44921875], [3.769531249999972, 10.41015625], [3.798828125, 10.4296875], [3.798828125, 10.498046875], [3.84765625, 10.5859375], [3.837890625, 10.712890625], [3.798828125, 10.72265625], [3.740234375, 10.810546875], [3.769531249999972, 10.91796875], [3.736979166666667, 11.009114583333334], [3.73046875, 11.123046875], [3.662109375, 11.171875], [3.466796875, 11.435546875], [3.564453125, 11.66015625], [3.671875, 11.748046875], [3.613281250000028, 11.884765625], [3.613281250000028, 11.93359375], [3.662109375, 11.982421875], [3.6328125, 12.099609375], [3.662109375, 12.24609375], [3.65234375, 12.529296875], [3.955078125, 12.763671875], [4.08203125, 12.96875], [4.130859375, 13.154296875], [4.140625, 13.4765625], [4.23828125, 13.486328125], [4.482421875, 13.701171875], [4.873046875, 13.7890625], [4.921875, 13.740234375], [5.234375, 13.75], [5.302734375, 13.76953125], [5.371093750000028, 13.857421875], [5.546875, 13.896484375], [6.142578124999972, 13.65234375], [6.26953125, 13.69140625], [6.38671875, 13.6328125], [6.650390625, 13.37890625], [6.777343750000028, 13.14453125], [6.923828125, 13.0078125], [7.080078125, 12.998046875], [7.2265625, 13.134765625], [7.3828125, 13.10546875], [7.832031250000028, 13.359375], [8.095703125000028, 13.3203125], [8.26171875, 13.22265625], [8.41796875, 13.076171875], [8.544921875, 13.076171875], [8.681640625, 12.939453125], [8.96484375, 12.8515625], [9.287109375, 12.822265625], [9.62890625, 12.8125], [9.931640625, 13.14453125], [10.17578125, 13.28125], [10.458984375, 13.3203125], [10.703125, 13.3984375], [10.976562499999972, 13.369140625], [11.490885416666666, 13.382161458333334], [11.81640625, 13.28125], [12.099609375, 13.115234375], [12.177734375, 13.134765625], [12.470703124999972, 13.06640625], [12.58544921875, 13.251953125], [12.71484375, 13.3203125], [12.8369140625, 13.447265625], [13.056640625, 13.5546875], [13.193359375000028, 13.53515625], [13.359375, 13.73046875], [13.613281249999972, 13.720703125], [14.072265625000028, 13.076171875], [14.189453125, 12.5390625], [14.169921875, 12.392578125], [14.208984375, 12.353515625], [14.47265625, 12.34375], [14.560546875, 12.2265625], [14.658203125, 12.1875], [14.658203125, 12.1484375], [14.619140625, 12.041015625], [14.638671875, 11.9140625], [14.599609375000028, 11.77734375], [14.55078125, 11.728515625], [14.62890625, 11.650390625], [14.619140625, 11.5234375], [14.39453125, 11.40625], [14.189453125, 11.25], [14.00390625, 11.2890625], [13.876953124999972, 11.171875], [13.84765625, 11.09375], [13.76953125, 11.03515625], [13.76953125, 10.947265625], [13.5546875, 10.654296875], [13.457031250000028, 10.17578125], [13.369140625000028, 10.107421875], [13.291015625, 10.107421875], [13.2421875, 10.068359375], [13.251953125, 9.951171875], [13.22265625, 9.873046875], [13.28125, 9.8046875], [13.2421875, 9.716796875], [13.2421875, 9.599609375], [13.18359375, 9.53125], [13.017578125000028, 9.501953125], [12.861328125, 9.3701171875], [12.910156249999972, 9.3359375], [12.910156249999972, 9.248046875], [12.83203125, 9.08203125], [12.822265624999972, 8.84765625], [12.7734375, 8.759765625], [12.71484375, 8.75], [12.6904296875, 8.681640625], [12.568359375, 8.61328125], [12.397460937500014, 8.6083984375], [12.412109375, 8.505859375], [12.333984375, 8.427734375], [12.255859375, 8.427734375], [12.236328125, 8.388671875], [12.24609375, 8.18359375], [12.197265625, 8.125], [12.210286458333314, 8.0078125], [12.021484375, 7.71484375], [12.03125, 7.587890625], [11.748046875, 7.275390625], [11.89453125, 7.109375], [11.826171875, 7.08984375], [11.572265625, 6.884765625], [11.5625, 6.6796875], [11.503906249999972, 6.611328125], [11.42578125, 6.58203125], [11.3671875, 6.455078125], [11.1328125, 6.435546875], [11.083984375000028, 6.50390625], [11.064453124999972, 6.728515625], [11.005859375, 6.787109375], [10.927734375, 6.787109375], [10.87890625, 6.8359375], [10.849609375, 6.953125], [10.625, 7.05078125], [10.5908203125, 7.1240234375], [10.498046875, 6.884765625], [10.224609375, 6.884765625], [10.146484375, 7.021484375], [9.873046875, 6.787109375], [9.78515625, 6.796875], [9.716796875, 6.552734375], [9.599609375, 6.5234375], [9.560546875, 6.4453125], [9.47265625, 6.416015625], [9.423828125, 6.337890625], [9.365234375, 6.337890625], [9.296875, 6.220703125], [9.111328125, 6.07421875], [8.994140625, 5.908203125], [8.9453125, 5.91796875], [8.857421875, 5.83984375], [8.876953125, 5.76171875], [8.828125, 5.712890625], [8.916015625, 5.5859375], [8.857421875, 5.517578125], [8.818359375, 5.185546875], [8.61328125, 4.90234375], [8.6328125, 4.833984375], [8.5546875, 4.794921875], [8.544921875, 4.70703125], [6.572265625, 3.004557291666667]]]]}}, {"type": "Feature", "properties": {"FID": 8, "FIR_NAME": "HOUSTON", "ICAO_CODE": "KZHU", "TYPE": "FIR", "COUNTRY": "United States"}, "geometry": {"type": "MultiPolygon", "coordinates": [[[[-87.412109375, 31.285807291666668], [-87.66601562499999, 30.966796875], [-87.71484375, 30.712890625], [-87.919921875, 30.634765625], [-87.919921875, 30.517578125], [-88.037109375, 30.224609375], [-88.01106770833333, 28.154296875], [-89.0234375, 28.26171875], [-93.984375, 28.26171875], [-95.15625, 27.5390625], [-95.92122395833333, 26.009114583333332], [-97.021484375, 26.005859375], [-97.119140625, 25.966796875], [-97.34619140625, 25.91552734375], [-97.666015625, 26.03515625], [-97.87109375, 26.07421875], [-98.212890625, 26.064453125], [-98.369140625, 26.162109375], [-98.466796875, 26.23046875], [-98.515625, 26.220703125], [-98.59375, 26.259765625], [-98.671875, 26.240234375], [-98.818359375, 26.376953125], [-98.935546875, 26.38671875], [-99.111328125, 26.42578125], [-99.1015625, 26.494140625], [-99.1796875, 26.552734375], [-99.267578125, 26.8359375], [-99.453125, 27.03125], [-99.43359375, 27.197265625], [-99.521484375, 27.32421875], [-99.4921875, 27.490234375], [-99.53125, 27.51953125], [-99.53125, 27.587890625], [-99.609375, 27.646484375], [-99.716796875, 27.666015625], [-99.84375, 27.7734375], [-99.94140625, 27.978515625], [-100.01953125, 28.02734375], [-100.068359375, 28.125], [-100.2734375, 28.251953125], [-100.3515625, 28.3984375], [-100.3515625, 28.505859375], [-100.5078125, 28.671875], [-100.546875, 28.818359375], [-100.64453125, 28.92578125], [-100.673828125, 29.1015625], [-100.78125, 29.1796875], [-100.80078125, 29.248046875], [-100.99609375, 29.365234375], [-101.083984375, 29.47265625], [-101.259765625, 29.53125], [-101.259765625, 29.619140625], [-101.298828125, 29.580078125], [-101.30859375, 29.6484375], [-101.3671875, 29.66796875], [-101.4208984375, 29.7607421875], [-101.533203125, 29.775390625], [-101.552734375, 29.814453125], [-101.640625, 29.765625], [-101.97265625, 29.814453125], [-102.109375, 29.794921875], [-102.3046875, 29.8828125], [-102.373046875, 29.84375], [-102.40234375, 29.775390625], [-102.57161458333333, 29.768880208333332], [-102.158203125, 31.285807291666668], [-100.615234375, 30.99609375], [-100.46875, 31.015625], [-99.453125, 31.396484375], [-97.783203125, 31.396484375], [-97.685546875, 31.357421875], [-97.51953125, 31.220703125], [-96.669921875, 31.2109375], [-96.103515625, 31.435546875], [-95.908203125, 31.484375], [-94.21875, 31.58203125], [-93.330078125, 31.5625], [-92.24609375, 32.294921875], [-91.70247395833333, 32.298177083333336], [-91.279296875, 31.904296875], [-90.380859375, 31.66015625], [-88.330078125, 31.526692708333332], [-87.83203125, 31.533203125], [-87.412109375, 31.285807291666668]]]]}}, {"type": "Feature", "properties": {"FID": 9, "FIR_NAME": "JACKSONVILLE", "ICAO_CODE": "KZJX", "TYPE": "FIR", "COUNTRY": "United States"}, "geometry": {"type": "MultiPolygon", "coordinates": [[[[-88.01106770833333, 28.154296875], [-88.037109375, 30.224609375], [-87.919921875, 30.517578125], [-87.919921875, 30.634765625], [-87.71484375, 30.712890625], [-87.66601562499999, 30.966796875], [-87.412109375, 31.285807291666668], [-86.953125, 31.50390625], [-85.55989583333333, 31.754557291666668], [-85.55989583333333, 31.754557291666668], [-83.876953125, 32.08984375], [-83.495837, 32.125006], [-82.66601562500001, 32.451171875], [-82.2265625, 32.301432291666664], [-81.93359375, 32.578125], [-81.8359375, 32.96875], [-81.845703125, 33.92578125], [-81.6796875, 34.2578125], [-81.35091145833333, 34.391276041666664], [-80.146484375, 34.866536458333336], [-79.912109375, 34.853515625], [-79.728058, 34.71334], [-79.14207779649797, 34.552356189011206], [-78.759765625, 34.453125], [-76.787109375, 32.985026041666664], [-76.99869791666667, 32.255859375], [-77.01497395833333, 30.013020833333332], [-79.19921875, 30.205078125], [-79.32617187500001, 30.13671875], [-79.62890625, 29.208984375], [-80.185546875, 29.00390625], [-80.7421875, 28.90625], [-80.99609375000001, 28.720703125], [-81.015625, 28.564453125], [-81.97265625, 28.134765625], [-82.373046875, 27.958984375], [-82.94921875, 27.958984375], [-83.54492187500001, 28.427734375], [-84.0234375, 28.564453125], [-84.62890625, 28.076171875], [-84.94140624999999, 28.056640625], [-85.24088541666667, 27.513020833333332], [-85.99934895833333, 27.008463541666668], [-87.67578125000001, 27.5], [-88.01106770833333, 28.154296875]]]]}}, {"type": "Feature", "properties": {"FID": 10, "FIR_NAME": "URUMQI", "ICAO_CODE": "ZWUQ", "TYPE": "FIR", "COUNTRY": "China"}, "geometry": {"type": "MultiPolygon", "coordinates": [[[[78.9404296875, 31.357421875], [78.876953125, 31.298828125], [78.759765625, 31.318359375], [78.7890625, 31.4453125], [78.7109375, 31.5234375], [78.837890625, 31.611328125], [78.73046875, 31.69921875], [78.681640625, 31.787109375], [78.720703125, 31.826171875], [78.759765625, 31.9921875], [78.671875, 32.041015625], [78.4912109375, 32.2509765625], [78.447265625, 32.392578125], [78.466796875, 32.44140625], [78.388671875, 32.5390625], [78.427734375, 32.578125], [78.61328125, 32.578125], [78.740234375, 32.646484375], [78.76953125, 32.626953125], [78.76953125, 32.490234375], [78.92578125, 32.36328125], [78.984375, 32.36328125], [79.033203125, 32.392578125], [79.091796875, 32.3828125], [79.16015625, 32.5], [79.31640625, 32.509765625], [79.501953125, 32.666015625], [79.521484375, 32.75390625], [79.345703125, 32.978515625], [79.404296875, 33.1640625], [79.16015625, 33.2421875], [79.1015625, 33.22265625], [79.072265625, 33.291015625], [79.00390625, 33.310546875], [78.935546875, 33.388671875], [78.90625, 33.6328125], [79.0234375, 33.6328125], [79.033203125, 33.671875], [78.896484375, 33.96484375], [78.96484375, 34.0234375], [79.4140625, 34.0234375], [79.521484375, 34.130859375], [79.501953125, 34.189453125], [79.5703125, 34.208984375], [79.521484375, 34.4140625], [79.55078125, 34.443359375], [79.716796875, 34.423828125], [79.755859375, 34.462890625], [79.7265625, 34.541015625], [79.82421875, 34.5703125], [79.8828125, 34.66796875], [80.068359375, 34.6875], [80.107421875, 34.8046875], [80.1953125, 34.892578125], [80.185546875, 35.09765625], [80.29296875, 35.205078125], [80.2734375, 35.33203125], [80.380859375, 35.4296875], [80.380859375, 35.5078125], [80.283203125, 35.517578125], [80.1953125, 35.56640625], [80.15625, 35.478515625], [80.05859375, 35.41015625], [79.94140625, 35.615234375], [79.84375, 35.576171875], [79.78515625, 35.64453125], [79.70703125, 35.64453125], [79.62890625, 35.76171875], [79.658203125, 35.80078125], [79.638671875, 35.83984375], [79.5703125, 35.87890625], [79.462890625, 35.859375], [79.43359375, 35.888671875], [79.443359375, 35.95703125], [79.326171875, 35.99609375], [79.21875, 35.947265625], [79.0625, 35.947265625], [78.9453125, 35.8984375], [78.73046875, 35.927734375], [78.642578125, 35.830078125], [78.4375, 35.771484375], [78.173828125, 35.634765625], [78.125, 35.546875], [77.96875, 35.576171875], [77.919921875, 35.498046875], [77.724609375, 35.475260416666664], [77.40234375, 35.478515625], [77.28515625, 35.546875], [77.158203125, 35.537109375], [77.0703125, 35.595703125], [76.923828125, 35.595703125], [76.845703125, 35.6640625], [76.767578125, 35.6640625], [76.689453125, 35.732421875], [76.591796875, 35.76171875], [76.5625, 35.80078125], [76.5625, 35.91796875], [76.416015625, 35.83984375], [76.171875, 35.8203125], [76.123046875, 35.9765625], [76.064453125, 36.015625], [75.986328125, 36.005859375], [75.91796875, 36.083984375], [75.908203125, 36.11328125], [75.986328125, 36.162109375], [75.986328125, 36.2109375], [76.025390625, 36.240234375], [75.986328125, 36.318359375], [76.005859375, 36.4453125], [75.830078125, 36.689453125], [75.732421875, 36.748046875], [75.5859375, 36.77734375], [75.46875, 36.728515625], [75.41992187500003, 36.767578125], [75.41992187500003, 36.865234375], [75.37109375, 36.93359375], [75.205078125, 36.962890625], [75.126953125, 37.01171875], [74.96093749999997, 36.9921875], [74.89257812500003, 36.923828125], [74.814453125, 37.03125], [74.7265625, 37.03125], [74.6875, 37.0703125], [74.560546875, 37.037760416666664], [74.384765625, 37.16796875], [74.47265625, 37.1875], [74.51171875, 37.24609375], [74.6484375, 37.24609375], [74.7265625, 37.3046875], [74.755859375, 37.3046875], [74.80468750000003, 37.2265625], [74.87630208333331, 37.249348958333336], [75.087890625, 37.32421875], [75.09765625, 37.373046875], [75.166015625, 37.412109375], [75.0390625, 37.529296875], [74.94140625, 37.568359375], [74.89257812500003, 37.65625], [74.94140625, 37.6953125], [74.98046875000003, 37.802734375], [74.90234375, 37.8515625], [74.912109375, 38.017578125], [74.814453125, 38.076171875], [74.78515624999997, 38.193359375], [74.78515624999997, 38.30078125], [74.86328125, 38.408203125], [74.853515625, 38.466796875], [74.775390625, 38.53515625], [74.70703125, 38.53515625], [74.34570312499997, 38.681640625], [74.130859375, 38.681640625], [74.052734375, 38.603515625], [74.0625, 38.544921875], [73.935546875, 38.544921875], [73.83789062500003, 38.59375], [73.701171875, 38.896484375], [73.759765625, 38.9453125], [73.828125, 38.9453125], [73.84765625, 38.984375], [73.7109375, 39.1015625], [73.61328125, 39.23828125], [73.66210937500003, 39.345703125], [73.65234375, 39.459635416666664], [73.84765625, 39.482421875], [73.88671875, 39.560546875], [73.9453125, 39.599609375], [73.92578125000003, 39.6875], [73.83789062500003, 39.765625], [73.83789062500003, 39.814453125], [74.00390625, 40.068359375], [74.10156250000003, 40.078125], [74.18945312500003, 40.126953125], [74.375, 40.107421875], [74.736328125, 40.3515625], [74.87304687499997, 40.33203125], [74.87304687499997, 40.37109375], [74.80468750000003, 40.419921875], [74.86328125, 40.52734375], [75.01953125, 40.458984375], [75.22460937499997, 40.458984375], [75.57617187499997, 40.654296875], [75.625, 40.595703125], [75.634765625, 40.5078125], [75.693359375, 40.44921875], [75.654296875, 40.41015625], [75.673828125, 40.33203125], [75.81705729166667, 40.325520833333336], [75.92773437499997, 40.3125], [76.044921875, 40.400390625], [76.181640625, 40.380859375], [76.259765625, 40.458984375], [76.328125, 40.361328125], [76.435546875, 40.400390625], [76.640625, 40.625], [76.650390625, 40.76171875], [76.787109375, 40.869140625], [76.787109375, 40.95703125], [76.875, 41.025390625], [77.0703125, 41.0546875], [77.109375, 41.025390625], [77.373046875, 41.03515625], [77.55859375, 40.99609375], [77.67578125, 41.005859375], [77.83203125, 41.07421875], [78.076171875, 41.044921875], [78.193359375, 41.11328125], [78.271484375, 41.220703125], [78.37890625, 41.298828125], [78.359375, 41.376953125], [78.3984375, 41.40625], [78.53515625, 41.474609375], [78.6328125, 41.484375], [78.671875, 41.54296875], [79.21875, 41.73828125], [79.296875, 41.796875], [79.43359375, 41.787109375], [79.658203125, 41.89453125], [79.78515625, 41.89453125], [79.86328125, 42.021484375], [80.234375, 42.041015625], [80.2734375, 42.0703125], [80.234375, 42.203776041666664], [80.283203125, 42.2265625], [80.283203125, 42.275390625], [80.21484375, 42.44140625], [80.234375, 42.5], [80.15625, 42.6171875], [80.244140625, 42.8125], [80.56640625, 42.900390625], [80.546875, 42.939453125], [80.380859375, 42.998046875], [80.390625, 43.046875], [80.654296875, 43.154296875], [80.771484375, 43.115234375], [80.810546875, 43.173828125], [80.771484375, 43.28125], [80.654296875, 43.33984375], [80.72265625, 43.41796875], [80.732421875, 43.4765625], [80.4296875, 44.00390625], [80.4296875, 44.052734375], [80.361328125, 44.12109375], [80.390625, 44.287109375], [80.341796875, 44.462890625], [80.400390625, 44.609375], [80.37109375, 44.658203125], [80.517578125, 44.736328125], [80.25390625, 44.833984375], [79.990234375, 44.8046875], [79.853515625, 44.892578125], [80.1171875, 45.048828125], [80.263671875, 45.0390625], [80.41015625, 45.05859375], [80.458984375, 45.1171875], [81.07421875, 45.17578125], [81.201171875, 45.234375], [81.5625, 45.302734375], [81.6796875, 45.361328125], [81.728515625, 45.361328125], [81.796875, 45.302734375], [81.796875, 45.224609375], [81.826171875, 45.1953125], [81.884765625, 45.205078125], [81.93359375, 45.166015625], [82.314453125, 45.244140625], [82.48046875, 45.126953125], [82.55859375, 45.13671875], [82.646484375, 45.29296875], [82.646484375, 45.4296875], [82.568359375, 45.478515625], [82.353515625, 45.498046875], [82.3046875, 45.56640625], [82.5, 45.888671875], [82.587890625, 46.220703125], [82.6953125, 46.337890625], [82.8125, 46.66015625], [83.0078125, 46.962890625], [83.046875, 47.2265625], [83.14453125, 47.236328125], [83.544921875, 47.0703125], [83.876953125, 46.982421875], [84.130859375, 46.982421875], [84.1796875, 47.01171875], [84.43359375, 47.01171875], [84.501953125, 46.982421875], [84.677734375, 47.001953125], [84.775390625, 46.93359375], [84.74609375, 46.8359375], [84.951171875, 46.865234375], [85.224609375, 47.05078125], [85.517578125, 47.0703125], [85.5859375, 47.197265625], [85.693359375, 47.236328125], [85.693359375, 47.392578125], [85.595703125, 47.51953125], [85.615234375, 47.646484375], [85.52734375, 47.939453125], [85.5908203125, 48.06640625], [85.615234375, 48.18359375], [85.791015625, 48.41796875], [86.015625, 48.447265625], [86.201171875, 48.427734375], [86.34765625, 48.505859375], [86.572265625, 48.53515625], [86.77734375, 48.73046875], [86.748046875, 48.7890625], [86.806640625, 48.857421875], [86.71875, 48.96484375], [86.85546875, 49.111328125], [87.16796875, 49.140625], [87.333984375, 49.104817708333336], [87.4609375, 49.08203125], [87.51953125, 49.130859375], [87.685546875, 49.169921875], [87.84505208333333, 49.166666666666664], [87.861328125, 49.1015625], [87.83203125, 49.052734375], [87.890625, 48.994140625], [87.861328125, 48.955078125], [87.783203125, 48.935546875], [87.75390625, 48.88671875], [87.841796875, 48.798828125], [87.998046875, 48.76953125], [88.0859375, 48.7109375], [87.958984375, 48.603515625], [87.98828125, 48.564453125], [88.3203125, 48.486328125], [88.427734375, 48.408203125], [88.505859375, 48.41796875], [88.59375, 48.33984375], [88.57421875, 48.291015625], [88.6328125, 48.193359375], [88.7109375, 48.18359375], [88.818359375, 48.115234375], [88.92578125, 48.125], [89.072265625, 47.998046875], [89.248046875, 47.98828125], [89.384765625, 48.056640625], [89.560546875, 48.046875], [89.609375, 47.96875], [89.736328125, 47.900390625], [89.78515625, 47.83203125], [89.94140625, 47.841796875], [89.98046875, 47.900390625], [90.068359375, 47.890625], [90.068359375, 47.8125], [90.126953125, 47.744140625], [90.361328125, 47.666015625], [90.341796875, 47.63671875], [90.458984375, 47.509765625], [90.458984375, 47.431640625], [90.5078125, 47.3828125], [90.48828125, 47.32421875], [90.546875, 47.236328125], [90.72265625, 47.03125], [90.83984375, 47.001953125], [90.91796875, 46.943359375], [90.95703125, 46.884765625], [90.9375, 46.826171875], [91.03515625, 46.748046875], [91.015625, 46.611328125], [91.0546875, 46.58203125], [91.0546875, 46.533203125], [90.91796875, 46.328125], [90.966796875, 46.181640625], [91.015625, 46.1328125], [91.025390625, 46.025390625], [90.72265625, 45.751953125], [90.6640625, 45.517578125], [90.771484375, 45.439453125], [90.810546875, 45.3125], [90.888671875, 45.263671875], [90.8984375, 45.1953125], [91.015625, 45.234375], [91.123046875, 45.224609375], [91.2890625, 45.13671875], [91.38671875, 45.126953125], [91.455078125, 45.166015625], [91.54296875, 45.087890625], [92.080078125, 45.087890625], [92.236328125, 45.01953125], [92.3046875, 45.0390625], [92.509765625, 45.009765625], [92.783203125, 45.05859375], [93.53515625, 44.970703125], [94.19921875, 44.677734375], [94.365234375, 44.521484375], [94.453125, 44.521484375], [94.58984375, 44.462890625], [94.7265625, 44.35546875], [95.0, 44.267578125], [95.400390625, 44.306640625], [95.419921875, 44.287109375], [95.341796875, 44.1796875], [95.33203125, 44.0234375], [95.517578125, 44.00390625], [95.556640625, 43.974609375], [95.732421875, 43.59375], [95.859375, 43.427734375], [95.869140625, 43.291015625], [96.34440104166667, 42.903645833333336], [95.13671875, 41.806640625], [92.255859375, 39.853515625], [91.0546875, 38.984375], [89.033203125, 37.55859375], [87.38932291666667, 36.429036458333336], [84.052734375, 32.3046875], [81.5546875, 30.400390625], [81.40625, 30.380859375], [81.376953125, 30.185546875], [81.2890625, 30.13671875], [81.298828125, 30.09765625], [81.23046875, 30.01953125], [81.103515625, 30.029296875], [80.955078125, 30.19921875], [80.9765625, 30.2734375], [80.810546875, 30.322265625], [80.732421875, 30.41015625], [80.5859375, 30.48828125], [80.537109375, 30.46875], [80.3125, 30.576171875], [80.224609375, 30.590820312499996], [80.224609375, 30.634765625], [80.185546875, 30.673828125], [80.244140625, 30.7421875], [80.166015625, 30.810546875], [80.087890625, 30.791015625], [80.029296875, 30.859375], [79.931640625, 30.888671875], [79.873046875, 30.966796875], [79.814453125, 30.986328125], [79.736328125, 30.99609375], [79.580078125, 30.947265625], [79.482421875, 31.03515625], [79.423828125, 31.03515625], [79.384765625, 31.11328125], [79.306640625, 31.142578125], [79.287109375, 31.220703125], [79.228515625, 31.259765625], [79.21875, 31.328125], [79.08203125, 31.4453125], [79.00390625, 31.40625], [78.994140625, 31.328125], [78.9404296875, 31.357421875]]]]}}, {"type": "Feature", "properties": {"FID": 11, "FIR_NAME": "DELHI", "ICAO_CODE": "VIDF", "TYPE": "FIR", "COUNTRY": "India"}, "geometry": {"type": "MultiPolygon", "coordinates": [[[[78.4912109375, 32.2509765625], [78.671875, 32.041015625], [78.759765625, 31.9921875], [78.720703125, 31.826171875], [78.681640625, 31.787109375], [78.73046875, 31.69921875], [78.837890625, 31.611328125], [78.7109375, 31.5234375], [78.7890625, 31.4453125], [78.759765625, 31.318359375], [78.876953125, 31.298828125], [78.9404296875, 31.357421875], [78.994140625, 31.328125], [79.00390625, 31.40625], [79.08203125, 31.4453125], [79.21875, 31.328125], [79.228515625, 31.259765625], [79.287109375, 31.220703125], [79.306640625, 31.142578125], [79.384765625, 31.11328125], [79.423828125, 31.03515625], [79.482421875, 31.03515625], [79.580078125, 30.947265625], [79.736328125, 30.99609375], [79.814453125, 30.986328125], [79.873046875, 30.966796875], [79.931640625, 30.888671875], [80.029296875, 30.859375], [80.087890625, 30.791015625], [80.166015625, 30.810546875], [80.244140625, 30.7421875], [80.185546875, 30.673828125], [80.224609375, 30.634765625], [80.224609375, 30.590820312499996], [80.3125, 30.576171875], [80.537109375, 30.46875], [80.5859375, 30.48828125], [80.732421875, 30.41015625], [80.810546875, 30.322265625], [80.9765625, 30.2734375], [80.955078125, 30.19921875], [80.732421875, 30.01953125], [80.595703125, 29.9609375], [80.52734375, 29.84375], [80.37109375, 29.755859375], [80.41015625, 29.62890625], [80.234375, 29.443359375], [80.29296875, 29.3115234375], [80.283203125, 29.228515625], [80.234375, 29.208984375], [80.244140625, 29.150390625], [80.13671875, 29.1015625], [80.126953125, 29.00390625], [80.048828125, 28.92578125], [80.048828125, 28.84765625], [80.185546875, 28.759765625], [80.234375, 28.759765625], [80.361328125, 28.6328125], [80.419921875, 28.642578125], [80.498046875, 28.583984375], [80.498046875, 28.662109375], [80.556640625, 28.69140625], [80.791015625, 28.525390625], [80.87890625, 28.515625], [80.927734375, 28.447265625], [81.181640625, 28.37890625], [81.30859375, 28.193359375], [81.318359375, 28.134765625], [81.416015625, 28.173828125], [81.474609375, 28.0859375], [81.875, 27.861328125], [82.03125, 27.9296875], [82.44140625, 27.67578125], [82.6953125, 27.71484375], [82.744140625, 27.5390625], [82.783203125, 27.5], [82.919921875, 27.5], [83.037109375, 27.451171875], [83.154296875, 27.4609375], [83.28125, 27.34375], [83.359375, 27.36328125], [83.388671875, 27.48046875], [83.583984375, 27.48046875], [83.67513020833333, 27.428385416666668], [83.65234375, 27.28515625], [82.98828125, 27.158203125], [82.998046875, 25.029296875], [81.9921875, 25.006510416666668], [70.92122395833331, 25.006510416666668], [70.87890625, 25.15625], [70.67382812500003, 25.400390625], [70.67382812500003, 25.68359375], [70.625, 25.72265625], [70.419921875, 25.68359375], [70.2734375, 25.712890625], [70.078125, 25.986328125], [70.087890625, 26.103515625], [70.166015625, 26.23046875], [70.185546875, 26.533203125], [70.09765625, 26.6015625], [69.8046875, 26.591796875], [69.7265625, 26.669921875], [69.501953125, 26.7578125], [69.501953125, 27.001953125], [69.580078125, 27.1875], [69.82421875, 27.3828125], [70.03906249999997, 27.607421875], [70.1171875, 27.83203125], [70.361328125, 28.02734375], [70.47851562499997, 28.056640625], [70.556640625, 28.02734375], [70.65429687499997, 27.939453125], [70.65429687499997, 27.87109375], [70.712890625, 27.763671875], [70.791015625, 27.71484375], [70.91796874999997, 27.724609375], [71.25, 27.861328125], [71.62109374999997, 27.880859375], [71.875, 27.958984375], [71.923828125, 28.14453125], [72.1875, 28.388671875], [72.294921875, 28.701171875], [72.3828125, 28.7890625], [72.94921875, 29.052734375], [72.98828125, 29.16015625], [73.10546875, 29.287109375], [73.28125, 29.599609375], [73.388671875, 29.94140625], [73.48958333333333, 30.003255208333332], [73.90625, 30.126953125], [73.955078125, 30.185546875], [73.955078125, 30.263671875], [73.857421875, 30.380859375], [74.052734375, 30.537109375], [74.04296875, 30.595703125], [74.25781249999997, 30.78125], [74.31640625, 30.8984375], [74.39453125, 30.888671875], [74.43359374999997, 30.95703125], [74.4921875, 30.95703125], [74.54101562500003, 30.99609375], [74.55078125, 31.044921875], [74.658203125, 31.044921875], [74.69726562499997, 31.07421875], [74.677734375, 31.123046875], [74.609375, 31.123046875], [74.560546875, 31.083984375], [74.52148437499997, 31.142578125], [74.54101562500003, 31.357421875], [74.638671875, 31.435546875], [74.58984375, 31.50390625], [74.609375, 31.552734375], [74.482421875, 31.71875], [74.55078125, 31.767578125], [74.580078125, 31.85546875], [74.677734375, 31.923828125], [74.833984375, 31.97265625], [74.90234375, 32.060546875], [75.009765625, 32.041015625], [75.24414062500003, 32.099609375], [75.29296875, 32.12890625], [75.322265625, 32.20703125], [75.380859375, 32.236328125], [75.283203125, 32.373046875], [75.146484375, 32.412109375], [75.029296875, 32.490234375], [74.970703125, 32.4609375], [74.86328125, 32.490234375], [74.7265625, 32.470703125], [74.6484375, 32.587890625], [74.70703125, 32.83203125], [74.677734375, 32.841796875], [74.62890625000003, 32.7734375], [74.5703125, 32.763671875], [74.47265625, 32.79296875], [74.35546875, 32.783203125], [74.3359375, 32.998046875], [74.1796875, 33.046875], [74.0234375, 33.18359375], [74.00390625, 33.251953125], [74.111328125, 33.33984375], [74.16992187499997, 33.544921875], [74.01367187500003, 33.642578125], [73.974609375, 33.720703125], [74.033203125, 33.828125], [74.21875, 33.876953125], [74.27734375000003, 33.935546875], [74.287109375, 33.994140625], [74.25781249999997, 34.0234375], [73.96484375, 34.0234375], [73.90625, 34.08203125], [73.90625, 34.12109375], [74.01367187500003, 34.189453125], [73.99414062499997, 34.27734375], [73.955078125, 34.31640625], [73.828125, 34.3359375], [73.7890625, 34.384765625], [73.9453125, 34.580078125], [73.935546875, 34.6484375], [74.36523437500003, 34.78515625], [75.01953125, 34.6484375], [75.263671875, 34.62890625], [75.361328125, 34.5703125], [75.68359375000003, 34.51171875], [75.810546875, 34.521484375], [75.888671875, 34.58984375], [76.015625, 34.638671875], [76.123046875, 34.599609375], [76.2109375, 34.609375], [76.26953125, 34.6875], [76.46484375, 34.775390625], [76.54296875, 34.736328125], [76.69921875, 34.755859375], [76.796875, 34.677734375], [76.875, 34.66796875], [76.9140625, 34.697265625], [76.953125, 34.94140625], [77.05078125, 35.01953125], [77.060546875, 35.1171875], [77.724609375, 35.475260416666664], [77.919921875, 35.498046875], [77.96875, 35.576171875], [78.125, 35.546875], [78.173828125, 35.634765625], [78.4375, 35.771484375], [78.642578125, 35.830078125], [78.73046875, 35.927734375], [78.9453125, 35.8984375], [79.0625, 35.947265625], [79.21875, 35.947265625], [79.326171875, 35.99609375], [79.443359375, 35.95703125], [79.43359375, 35.888671875], [79.462890625, 35.859375], [79.5703125, 35.87890625], [79.638671875, 35.83984375], [79.658203125, 35.80078125], [79.62890625, 35.76171875], [79.70703125, 35.64453125], [79.78515625, 35.64453125], [79.84375, 35.576171875], [79.94140625, 35.615234375], [80.05859375, 35.41015625], [80.15625, 35.478515625], [80.1953125, 35.56640625], [80.283203125, 35.517578125], [80.380859375, 35.5078125], [80.380859375, 35.4296875], [80.2734375, 35.33203125], [80.29296875, 35.205078125], [80.185546875, 35.09765625], [80.1953125, 34.892578125], [80.107421875, 34.8046875], [80.068359375, 34.6875], [79.8828125, 34.66796875], [79.82421875, 34.5703125], [79.7265625, 34.541015625], [79.755859375, 34.462890625], [79.716796875, 34.423828125], [79.55078125, 34.443359375], [79.521484375, 34.4140625], [79.5703125, 34.208984375], [79.501953125, 34.189453125], [79.521484375, 34.130859375], [79.4140625, 34.0234375], [78.96484375, 34.0234375], [78.896484375, 33.96484375], [79.033203125, 33.671875], [79.0234375, 33.6328125], [78.90625, 33.6328125], [78.935546875, 33.388671875], [79.00390625, 33.310546875], [79.072265625, 33.291015625], [79.1015625, 33.22265625], [79.16015625, 33.2421875], [79.404296875, 33.1640625], [79.345703125, 32.978515625], [79.521484375, 32.75390625], [79.501953125, 32.666015625], [79.31640625, 32.509765625], [79.16015625, 32.5], [79.091796875, 32.3828125], [79.033203125, 32.392578125], [78.984375, 32.36328125], [78.92578125, 32.36328125], [78.76953125, 32.490234375], [78.76953125, 32.626953125], [78.740234375, 32.646484375], [78.61328125, 32.578125], [78.427734375, 32.578125], [78.388671875, 32.5390625], [78.466796875, 32.44140625], [78.447265625, 32.392578125], [78.4912109375, 32.2509765625]]]]}}, {"type": "Feature", "properties": {"FID": 12, "FIR_NAME": "YEKATERINBURG", "ICAO_CODE": "USSS", "TYPE": "FIR", "COUNTRY": "Russia"}, "geometry": {"type": "MultiPolygon", "coordinates": [[[[69.15690104166664, 55.419921875], [68.935546875, 55.44921875], [68.92578125, 55.390625], [68.994140625, 55.3515625], [68.994140625, 55.29296875], [68.92578125, 55.29296875], [68.837890625, 55.361328125], [68.72070312499997, 55.37109375], [68.701171875, 55.29296875], [68.63281249999997, 55.25390625], [68.61328125, 55.205078125], [68.291015625, 55.21484375], [68.21289062500003, 55.1806640625], [68.232421875, 55.1171875], [68.3203125, 55.078125], [68.26171875, 55.05859375], [68.19335937499997, 54.970703125], [67.998046875, 54.9609375], [67.900390625, 54.990234375], [67.822265625, 54.970703125], [67.75390624999997, 54.892578125], [67.65625, 54.873046875], [67.3046875, 54.873046875], [67.236328125, 54.814453125], [66.796875, 54.775390625], [66.73828125, 54.736328125], [66.45507812500003, 54.7265625], [66.03515625, 54.62890625], [65.9765625, 54.638671875], [65.95703125, 54.716796875], [65.83984375000003, 54.6875], [65.76171875, 54.609375], [65.46386718749999, 54.6435546875], [65.458984375, 54.5703125], [65.341796875, 54.580078125], [65.21484375, 54.53125], [65.21484375, 54.326171875], [65.107421875, 54.31640625], [64.970703125, 54.4140625], [64.83723958333333, 54.397786458333336], [65.40039062500003, 55.48828125], [64.35546875, 56.044921875], [62.197265625, 56.181640625], [61.73828125, 55.908203125], [61.00585937500003, 55.908203125], [60.0, 55.91796875], [59.443359375, 56.083984375], [57.880859375, 55.709635416666664], [56.09049479166668, 56.507161458333336], [56.97265625, 57.421875], [58.603515625, 57.861328125], [57.216796875, 61.168619791666664], [59.495442708333314, 62.014973958333336], [63.18359374999997, 62.08984375], [63.662109375, 61.2890625], [63.69140625, 60.751953125], [64.12109375, 59.53125], [63.73046875000003, 59.04296875], [64.12109375, 57.8515625], [64.12109375, 57.8125], [63.740234375, 57.373046875], [63.740234375, 57.021484375], [65.02929687499997, 56.875], [68.3203125, 55.8203125], [69.20572916666667, 55.670572916666664], [69.15690104166664, 55.419921875]]]]}}, {"type": "Feature", "properties": {"FID": 13, "FIR_NAME": "ASTANA", "ICAO_CODE": "UACC", "TYPE": "FIR", "COUNTRY": "Kazakhstan"}, "geometry": {"type": "MultiPolygon", "coordinates": [[[[68.21289062500003, 55.1806640625], [68.291015625, 55.21484375], [68.61328125, 55.205078125], [68.63281249999997, 55.25390625], [68.701171875, 55.29296875], [68.72070312499997, 55.37109375], [68.837890625, 55.361328125], [68.92578125, 55.29296875], [68.994140625, 55.29296875], [68.994140625, 55.3515625], [68.92578125, 55.390625], [68.935546875, 55.44921875], [69.15690104166664, 55.419921875], [69.19921875, 55.341796875], [69.345703125, 55.400390625], [69.677734375, 55.361328125], [69.853515625, 55.29296875], [69.94140625, 55.21484375], [70.048828125, 55.21484375], [70.21484374999997, 55.146484375], [70.390625, 55.21484375], [70.46875, 55.302734375], [70.60546875, 55.283203125], [70.67382812500003, 55.322265625], [70.8203125, 55.322265625], [70.80078125, 55.263671875], [70.99609375, 55.087890625], [70.966796875, 54.892578125], [71.015625, 54.853515625], [71.00585937499997, 54.814453125], [71.09375, 54.74609375], [71.20117187500003, 54.74609375], [71.279296875, 54.6875], [71.26953124999997, 54.638671875], [71.15234375, 54.58984375], [71.2109375, 54.35546875], [71.171875, 54.326171875], [70.986328125, 54.3359375], [70.986328125, 54.296875], [71.0546875, 54.27734375], [71.07421875, 54.19921875], [71.18164062499997, 54.111328125], [71.25, 54.130859375], [71.328125, 54.21875], [71.46484375000003, 54.19921875], [71.50390625, 54.12109375], [71.669921875, 54.12109375], [71.73828125, 54.16015625], [71.72851562500003, 54.228515625], [71.7578125, 54.2578125], [71.8359375, 54.267578125], [72.01171875, 54.248046875], [72.119140625, 54.140625], [72.1875, 54.140625], [72.1875, 54.208984375], [72.08007812500003, 54.23828125], [72.119140625, 54.326171875], [72.041015625, 54.384765625], [72.08984375, 54.39453125], [72.177734375, 54.384765625], [72.294921875, 54.27734375], [72.34375, 54.267578125], [72.333984375, 54.189453125], [72.5, 54.140625], [72.373046875, 54.091796875], [72.43164062500003, 54.033203125], [72.392578125, 53.955078125], [72.43164062500003, 53.916015625], [72.5, 53.92578125], [72.578125, 53.994140625], [72.724609375, 53.974609375], [72.65625, 54.072265625], [72.51953125000003, 54.072265625], [72.60742187500003, 54.150390625], [72.96875, 54.130859375], [72.98828125, 54.072265625], [73.046875, 54.052734375], [73.076171875, 53.994140625], [73.31054687500003, 53.955078125], [73.457421875, 53.886328125], [73.46354166666667, 53.883463541666664], [73.46354166666667, 53.883463541666664], [73.349609375, 53.7890625], [73.3203125, 53.701171875], [73.2421875, 53.671875], [73.28125, 53.57421875], [73.39843750000003, 53.525390625], [73.369140625, 53.4765625], [73.388671875, 53.45703125], [73.447265625, 53.447265625], [73.53515625, 53.49609375], [73.59375, 53.57421875], [73.65234375, 53.57421875], [73.681640625, 53.623046875], [73.828125, 53.61328125], [73.916015625, 53.662109375], [74.0625, 53.642578125], [74.091796875, 53.583984375], [74.228515625, 53.61328125], [74.31640625, 53.505859375], [74.4140625, 53.486328125], [74.47265625, 53.57421875], [74.43359374999997, 53.623046875], [74.47265625, 53.701171875], [74.638671875, 53.701171875], [74.677734375, 53.76953125], [74.736328125, 53.76953125], [74.794921875, 53.84765625], [75.04882812499997, 53.818359375], [75.4296875, 53.994140625], [75.380859375, 54.072265625], [75.439453125, 54.1015625], [75.673828125, 54.111328125], [76.15234375, 54.248046875], [76.240234375, 54.365234375], [76.50390625, 54.3359375], [76.58203125, 54.375], [76.640625, 54.365234375], [76.708984375, 54.453125], [76.9140625, 54.482421875], [76.9140625, 54.443359375], [76.77734375, 54.39453125], [76.85546875, 54.35546875], [76.85546875, 54.306640625], [76.71875, 54.16015625], [76.396484375, 54.16015625], [76.513671875, 54.00390625], [76.767578125, 53.857421875], [77.5390625, 53.505859375], [77.91015625, 53.271484375], [78.92578125, 52.177734375], [79.541015625, 51.4453125], [79.82421875, 51.03515625], [78.154296875, 50.693359375], [76.19140625, 49.814453125], [76.162109375, 48.828125], [74.306640625, 48.14453125], [71.826171875, 48.0078125], [71.806640625, 47.890625], [71.91080729166667, 45.091145833333336], [69.404296875, 45.419921875], [64.51497395833334, 47.200520833333336], [62.67578125000003, 48.642578125], [62.41210937500003, 50.390625], [61.477864583333336, 50.966796875], [61.53320312500003, 51.2109375], [61.640625, 51.2744140625], [61.552734375, 51.337890625], [61.494140625, 51.435546875], [61.015625, 51.484375], [60.927734375, 51.5625], [60.91796875000003, 51.630859375], [60.576171875, 51.630859375], [60.37109374999997, 51.6796875], [60.48828125, 51.806640625], [60.30273437500003, 51.8359375], [60.060546875, 51.951171875], [60.224609375, 52.001953125], [60.498046875, 52.16796875], [60.712890625, 52.158203125], [60.76171875, 52.216796875], [61.03515625, 52.333984375], [60.966796875, 52.431640625], [60.966796875, 52.490234375], [60.83007812500003, 52.5390625], [60.83007812500003, 52.63671875], [60.732421875, 52.646484375], [60.693359375, 52.685546875], [60.72265624999997, 52.75390625], [60.83984375, 52.783203125], [61.03515625, 52.91015625], [61.03515625, 52.9736328125], [61.171875, 53.02734375], [61.38671875, 52.998046875], [61.46484375, 53.037109375], [61.611328125, 52.958984375], [61.85546875, 52.998046875], [61.9921875, 52.94921875], [62.08984375, 52.978515625], [62.138671875, 53.06640625], [62.099609375, 53.134765625], [61.806640625, 53.173828125], [61.6796875, 53.26171875], [61.51367187499997, 53.22265625], [61.34765625, 53.291015625], [61.2109375, 53.291015625], [61.142578125, 53.369140625], [61.2255859375, 53.4619140625], [61.25, 53.515625], [61.2890625, 53.525390625], [61.42578124999997, 53.447265625], [61.54296875, 53.505859375], [61.5625, 53.5546875], [61.5234375, 53.603515625], [61.38671875, 53.603515625], [61.30859375, 53.5546875], [61.018066406249986, 53.6376953125], [61.07421874999997, 53.720703125], [61.123046875, 53.73046875], [61.220703125, 53.828125], [61.103515625, 53.896484375], [60.98307291666665, 53.922526041666664], [61.03515625, 53.96484375], [61.123046875, 53.974609375], [61.23046875, 53.92578125], [61.220703125, 54.033203125], [61.318359375, 54.072265625], [61.435546875, 54.072265625], [61.484375, 54.0234375], [61.552734375, 54.013671875], [61.58203125, 53.96484375], [61.66015625, 54.013671875], [61.8359375, 54.013671875], [61.85546875, 53.955078125], [61.9921875, 53.9453125], [62.021484375, 53.955078125], [62.03125, 54.033203125], [62.44140625, 54.04296875], [62.4609375, 54.013671875], [62.40234375, 53.96484375], [62.5390625, 53.88671875], [62.548828125, 53.9453125], [62.59765625, 53.984375], [62.55859375, 54.04296875], [62.65625, 54.091796875], [63.125, 54.1015625], [63.125, 54.169921875], [63.173828125, 54.19921875], [63.41796875, 54.1796875], [63.701171875, 54.267578125], [63.916015625, 54.208984375], [64.013671875, 54.23828125], [63.984375, 54.31640625], [64.423828125, 54.345703125], [64.58984374999997, 54.39453125], [64.74609375, 54.345703125], [64.83723958333333, 54.397786458333336], [64.970703125, 54.4140625], [65.107421875, 54.31640625], [65.21484375, 54.326171875], [65.21484375, 54.53125], [65.341796875, 54.580078125], [65.458984375, 54.5703125], [65.46386718749999, 54.6435546875], [65.76171875, 54.609375], [65.83984375000003, 54.6875], [65.95703125, 54.716796875], [65.9765625, 54.638671875], [66.03515625, 54.62890625], [66.45507812500003, 54.7265625], [66.73828125, 54.736328125], [66.796875, 54.775390625], [67.236328125, 54.814453125], [67.3046875, 54.873046875], [67.65625, 54.873046875], [67.75390624999997, 54.892578125], [67.822265625, 54.970703125], [67.900390625, 54.990234375], [67.998046875, 54.9609375], [68.19335937499997, 54.970703125], [68.26171875, 55.05859375], [68.3203125, 55.078125], [68.232421875, 55.1171875], [68.21289062500003, 55.1806640625]]]]}}, {"type": "Feature", "properties": {"FID": 14, "FIR_NAME": "KINGSTON", "ICAO_CODE": "MKJK", "TYPE": "FIR", "COUNTRY": "Jamaica"}, "geometry": {"type": "MultiPolygon", "coordinates": [[[[-74.00716145833333, 15.009765625], [-77.421875, 15.006510416666666], [-82.25260416666667, 15.009765625], [-82.099609375, 18.88671875], [-82.01171875, 20.006510416666668], [-78.34960937499999, 20.009765625], [-77.4609375, 19.482421875], [-75.0, 18.505859375], [-73.0078125, 17.008463541666668], [-74.00390625, 16.005859375], [-74.00716145833333, 15.009765625]]]]}}, {"type": "Feature", "properties": {"FID": 15, "FIR_NAME": "BARRANQUILLA", "ICAO_CODE": "SKEC", "TYPE": "FIR", "COUNTRY": "Colombia"}, "geometry": {"type": "MultiPolygon", "coordinates": [[[[-77.421875, 15.006510416666666], [-74.00716145833333, 15.009765625], [-73.994140625, 14.326171875], [-71.40625, 12.506510416666666], [-71.015625, 12.001953125], [-71.435546875, 11.806640625], [-71.982421875, 11.669921875], [-72.255859375, 11.171875], [-72.48046875, 11.142578125], [-72.587890625, 10.9375], [-72.666015625, 10.888671875], [-72.734375, 10.712890625], [-72.91015625000001, 10.458984375], [-72.939453125, 10.126953125], [-72.99804687500001, 9.921875], [-72.96875, 9.84375], [-73.10546875, 9.580078125], [-73.17382812500001, 9.541015625], [-73.30078125, 9.287109375], [-73.388671875, 9.208984375], [-73.37890625, 9.1796875], [-73.212890625, 9.1796875], [-73.017578125, 9.306640625], [-72.96875, 9.21875], [-72.978515625, 9.150390625], [-72.939453125, 9.111328125], [-72.8955078125, 9.1259765625], [-72.8515625, 9.150390625], [-72.783203125, 9.12109375], [-72.67578125, 8.645833333333334], [-74.794921875, 7.626953125], [-77.421875, 8.587239583333334], [-77.421875, 15.006510416666666]]]]}}, {"type": "Feature", "properties": {"FID": 16, "FIR_NAME": "ENTEBBE", "ICAO_CODE": "HUEN", "TYPE": "FIR", "COUNTRY": "Uganda"}, "geometry": {"type": "MultiPolygon", "coordinates": [[[[30.462239583333332, -1.057942708333333], [30.361328125, -1.0546875], [30.283203125, -1.191406250000014], [30.1806640625, -1.284179687499993], [30.146484375, -1.34765625], [29.94140625, -1.46484375], [29.8828125, -1.435546875], [29.87304687499997, -1.357421874999986], [29.82421875, -1.318359375], [29.78515624999997, -1.357421874999986], [29.638671875, -1.359375], [29.58984375, -1.201171875], [29.560546875, -1.171875], [29.5703125, -0.8984375], [29.619140625, -0.87890625], [29.609375, -0.732421875], [29.658203125, -0.566406249999986], [29.638671875, -0.4296875], [29.7265625, -0.009765625], [29.70703125, 0.078125], [29.7705078125, 0.1708984375], [29.814453125, 0.17578125], [29.84375, 0.361328125], [29.951171875, 0.48828125], [29.951171875, 0.830078125], [30.126953125, 0.8984375], [30.21484375, 1.005859375], [30.205078125, 1.07421875], [30.263671875, 1.171875], [30.322265625, 1.162109375], [30.341796875, 1.201171875], [30.439453125, 1.2109375], [30.693359375, 1.513671875], [30.99609375, 1.7578125], [30.745442708333325, 4.000651041666667], [34.111328125, 3.997395833333333], [34.12109375, 3.92578125], [34.09179687499997, 3.88671875], [34.21875, 3.876953125], [34.16015625, 3.837890625], [34.189453125, 3.798828125], [34.248046875, 3.7890625], [34.296875, 3.720703125], [34.375, 3.740234375], [34.453125, 3.681640625], [34.453125, 3.53515625], [34.39453125, 3.486328125], [34.44335937499997, 3.18359375], [34.560546875, 3.10546875], [34.580078125, 2.94921875], [34.6484375, 2.87109375], [34.697265625, 2.880859375], [34.775390625, 2.8125], [34.8046875, 2.646484375], [34.84375, 2.59765625], [34.892578125, 2.59765625], [34.931640625, 2.5], [34.873046875, 2.3828125], [34.99023437500003, 2.099609375], [34.97070312499997, 1.9921875], [35.01953125, 1.923828125], [34.99023437500003, 1.875], [34.99023437500003, 1.669921875], [34.9609375, 1.6015625], [34.86328125, 1.513671875], [34.853515625, 1.4453125], [34.79492187499997, 1.40625], [34.81445312500003, 1.240234375], [34.697265625, 1.220703125], [34.599609375, 1.162109375], [34.5703125, 1.103515625], [34.501953125, 1.09375], [34.453125, 0.8984375], [34.375, 0.80078125], [34.306640625, 0.771484375], [34.306640625, 0.712890625], [34.2578125, 0.64453125], [34.150390625, 0.595703125], [34.09179687499997, 0.439453125], [34.1015625, 0.3515625], [33.90625, 0.1171875], [33.96484375, -0.09765625], [33.90625, -0.488281250000014], [33.916015625, -0.992838541666667], [30.791015625, -0.986328125], [30.693359375, -1.005859374999986], [30.64453125, -1.064453125], [30.462239583333332, -1.057942708333333]]]]}}, {"type": "Feature", "properties": {"FID": 17, "FIR_NAME": "KIGALI", "ICAO_CODE": "HRYR", "TYPE": "FIR", "COUNTRY": "Rwanda"}, "geometry": {"type": "MultiPolygon", "coordinates": [[[[30.1806640625, -1.284179687499993], [30.283203125, -1.191406250000014], [30.361328125, -1.0546875], [30.462239583333332, -1.057942708333333], [30.458984375, -1.1328125], [30.556640625, -1.269531249999986], [30.546875, -1.30859375], [30.732421875, -1.445312499999986], [30.732421875, -1.50390625], [30.830078125, -1.640625], [30.80078125, -1.923828125], [30.888671875, -2.060546874999986], [30.8251953125, -2.338867187500007], [30.77148437500003, -2.3828125], [30.703125, -2.353515625], [30.654296875, -2.40234375], [30.59570312500003, -2.392578125], [30.49944196428571, -2.551618303571433], [30.4443359375, -2.3291015625], [30.390625, -2.3046875], [30.361328125, -2.353515625], [30.21484375, -2.353515625], [30.146484375, -2.431640625], [29.96093749999997, -2.333984375000014], [29.96093749999997, -2.48046875], [29.912109375, -2.55859375], [29.921875, -2.685546875000014], [29.8828125, -2.744140625], [29.775390625, -2.75390625], [29.71679687500003, -2.8125], [29.658203125, -2.783203125], [29.545898437500014, -2.8125], [29.43359374999997, -2.79296875], [29.36523437500003, -2.822265625], [29.326171875, -2.65625], [29.150390625, -2.587890624999986], [29.052734375, -2.607421875], [29.029947916666668, -2.727864583333333], [28.896484375, -2.65625], [28.857421875, -2.51953125], [28.88671875, -2.470703125], [28.857421875, -2.421875], [29.00390625, -2.28515625], [29.08203124999997, -2.275390625], [29.130859375, -2.216796875], [29.16992187499997, -2.070312500000014], [29.12109375, -1.93359375], [29.130859375, -1.8359375], [29.25781249999997, -1.630859375000014], [29.35546875, -1.50390625], [29.443359375, -1.494140625], [29.638671875, -1.359375], [29.78515624999997, -1.357421874999986], [29.82421875, -1.318359375], [29.87304687499997, -1.357421874999986], [29.8828125, -1.435546875], [29.94140625, -1.46484375], [30.146484375, -1.34765625], [30.1806640625, -1.284179687499993]]]]}}, {"type": "Feature", "properties": {"FID": 18, "FIR_NAME": "MELBOURNE", "ICAO_CODE": "YMMM", "TYPE": "FIR", "COUNTRY": "Australia"}, "geometry": {"type": "MultiPolygon", "coordinates": [[[[162.98502604166666, -44.993489583333336], [162.98828125, -89.88932291666667], [74.99023437500001, -89.98697916666667], [74.98697916666667, -44.990234375], [74.98697916666667, -5.999348958333333], [78.00130208333333, -1.988932291666671], [91.98893229166667, -1.988932291666671], [99.35546875, -7.021484375], [103.61328125, -9.833984375], [106.982421875, -11.992187499999986], [114.4873046875, -11.9921875], [115.1171875, -14.08203125], [115.21484375, -14.208984375], [120.302734375, -19.04296875], [121.6796875, -20.05859375], [124.541015625, -21.513671875], [126.03515625, -23.369140625], [126.552734375, -23.359375], [128.45703125, -23.212890625], [131.845703125, -21.19140625], [136.123046875, -21.455078125], [136.650390625, -22.333984375], [138.37890625, -26.230468749999986], [143.486328125, -28.994140625], [146.5234375, -28.994140625], [148.876953125, -32.138671875], [150.517578125, -33.41796875], [150.869140625, -33.232421875], [151.03515625, -33.193359375], [151.2890625, -33.193359375], [151.572265625, -33.261718749999986], [151.71875, -33.330078125], [151.8359375, -33.427734375], [151.982421875, -33.603515625], [152.05078125, -33.759765625], [152.060546875, -34.052734374999986], [152.001953125, -34.238281250000014], [151.826171875, -34.462890625], [152.880859375, -35.2734375], [152.919921875, -35.341796875], [152.75390625, -35.722656249999986], [152.55859375, -36.025390625], [152.353515625, -36.259765625000014], [152.109375, -36.474609375], [151.58203125, -36.777343749999986], [151.142578125, -36.904296875], [150.7421875, -36.953125], [150.3125, -38.1640625], [150.99609375, -42.998046875], [150.6640625, -43.837890625], [150.0, -44.55078125], [150.0, -44.990234375], [162.98502604166666, -44.993489583333336]]]]}}, {"type": "Feature", "properties": {"FID": 19, "FIR_NAME": "AUCKLAND OCEANIC", "ICAO_CODE": "NZZO", "TYPE": "FIR", "COUNTRY": "New Zealand"}, "geometry": {"type": "MultiPolygon", "coordinates": [[[[162.98828125, -89.88932291666667], [162.98502604166666, -44.993489583333336], [163.00130208333334, -29.990234375], [167.98828125, -27.998046875000014], [171.42578125, -24.990234375], [179.98697916666666, -24.990234375], [179.990234375, -89.8828125], [162.98828125, -89.88932291666667]], [[166.4453125, -44.9609375], [165.302734375, -45.908203125], [167.861328125, -47.8515625], [168.2421875, -48.134765625], [168.28125, -48.134765625], [169.86328125, -47.01171875], [175.8984375, -42.1875], [178.486328125, -40.0390625], [179.7265625, -38.447265625], [178.92578125, -37.529296875], [178.955078125, -37.392578124999986], [178.935546875, -36.640625], [178.740234375, -35.966796875], [178.3984375, -35.361328125], [177.87109375, -34.775390625], [177.24609375, -34.316406249999986], [176.54296875, -33.974609375000014], [175.615234375, -33.73046875], [174.970703125, -33.662109375], [174.326171875, -33.69140625], [174.08203125, -33.710937500000014], [173.291015625, -33.896484375], [172.51953125, -34.228515624999986], [171.89453125, -34.6484375], [171.328125, -35.21484375], [170.9375, -35.830078125], [170.703125, -36.50390625], [170.64453125, -37.158203125], [170.76171875, -37.861328125], [170.810546875, -37.978515625], [171.07421875, -38.53515625], [171.54296875, -39.130859375], [171.201171875, -39.453125], [170.751953125, -40.068359375], [170.478515625, -40.72265625], [170.380859375, -41.42578125], [168.0859375, -43.564453125], [167.158203125, -44.35546875], [166.4453125, -44.9609375]]]]}}, {"type": "Feature", "properties": {"FID": 20, "FIR_NAME": "MUNICH", "ICAO_CODE": "EDMM", "TYPE": "FIR", "COUNTRY": "Germany"}, "geometry": {"type": "MultiPolygon", "coordinates": [[[[11.208333, 51.841111], [11.23046875, 51.85546875], [11.943359374999972, 51.9140625], [12.1484375, 51.89453125], [12.65625, 51.62109375], [13.085937499999972, 51.513671875], [13.759765625, 51.513671875], [14.6875, 51.708984375], [14.74609375, 51.669921875], [14.716796875, 51.552734375], [14.94140625, 51.484375], [14.970703125, 51.357421875], [15.029296875, 51.2890625], [14.9609375, 51.0546875], [14.817708333333334, 50.869140625], [14.794921875, 50.830078125], [14.62890625, 50.859375], [14.6484375, 50.91796875], [14.580078124999972, 50.91796875], [14.58984375, 50.986328125], [14.487304687499986, 51.03515625], [14.296875, 51.0546875], [14.267578125, 51.0009765625], [14.39453125, 50.91796875], [14.335937500000028, 50.888671875], [14.2578125, 50.8984375], [14.04296875, 50.810546875], [13.974609375, 50.8203125], [13.896484375000028, 50.791015625], [13.84765625, 50.732421875], [13.544921875000028, 50.712890625], [13.466796875, 50.60546875], [13.37890625, 50.64453125], [13.310546875, 50.5859375], [13.232421875, 50.5859375], [13.193359375000028, 50.517578125], [13.02734375, 50.5078125], [13.0078125, 50.44921875], [12.958984375, 50.419921875], [12.8125, 50.458984375], [12.6953125, 50.400390625], [12.51953125, 50.400390625], [12.34375, 50.263671875], [12.314453125000028, 50.17578125], [12.236328125, 50.2734375], [12.114257812499986, 50.3173828125], [12.099609375, 50.25390625], [12.177734375, 50.205078125], [12.197265625, 50.1171875], [12.265625, 50.05859375], [12.470703124999972, 49.990234375], [12.5, 49.931640625], [12.5390625, 49.921875], [12.4609375, 49.794921875], [12.392578125, 49.755859375], [12.51953125, 49.66796875], [12.51953125, 49.62890625], [12.63671875, 49.51171875], [12.666015625000028, 49.43359375], [12.744140625, 49.404296875], [12.79296875, 49.345703125], [12.8857421875, 49.345703125], [13.017578125000028, 49.306640625], [13.18359375, 49.130859375], [13.310546875, 49.111328125], [13.41796875, 48.984375], [13.4765625, 48.955078125], [13.564453125, 48.984375], [13.662109375, 48.896484375], [13.73046875, 48.88671875], [13.821614583333334, 48.776041666666664], [13.818359375, 48.623046875], [13.720703125000028, 48.525390625], [13.525390624999972, 48.59375], [13.447265625, 48.57421875], [13.41796875, 48.3984375], [13.359375, 48.349609375], [12.87109375, 48.212890625], [12.744140625, 48.115234375], [12.96875, 47.900390625], [12.98828125, 47.841796875], [12.929687500000028, 47.783203125], [13.076171875, 47.646484375], [13.046875, 47.509765625], [12.98828125, 47.48046875], [12.802734375, 47.55859375], [12.802734375, 47.63671875], [12.724609375, 47.6953125], [12.509765625, 47.63671875], [12.431640625, 47.705078125], [12.231445312500014, 47.7197265625], [12.177734375, 47.705078125], [12.1875, 47.6171875], [11.640625, 47.59765625], [11.5625, 47.51953125], [11.416015624999972, 47.51953125], [11.396484375, 47.4853515625], [11.279296875, 47.412109375], [11.19140625, 47.44140625], [11.11328125, 47.40234375], [10.976562499999972, 47.40234375], [10.888671874999972, 47.5244140625], [10.76171875, 47.529296875], [10.60546875, 47.578125], [10.56640625, 47.548828125], [10.454101562500014, 47.5634765625], [10.458984375, 47.44140625], [10.4296875, 47.40234375], [10.322265625, 47.314453125], [10.139160156250007, 47.35595703125], [10.132406440999754, 47.369064631258226], [10.127641450991188, 47.379672012665196], [10.097656249999972, 47.44140625], [10.029296875000028, 47.5], [10.0, 47.490234375], [9.951171875, 47.548828125], [9.84375, 47.548828125], [9.8046875, 47.59765625], [9.765625, 47.59765625], [9.716796875, 47.5390625], [9.563802083333323, 47.535807291666664], [9.451388, 47.5875], [9.242762584578687, 47.635957788184534], [9.541015625, 47.822265625], [9.541015625, 48.53515625], [9.78515625, 48.828125], [10.48828125, 49.12109375], [10.9521484375, 49.4482421875], [10.673828125, 49.98046875], [10.292968750000028, 50.234375], [10.46875, 50.458984375], [10.693359375, 50.6640625], [10.498046875, 51.318359375], [10.419921875, 51.350911458333336], [10.638020833333323, 51.54296875], [10.927734375, 51.686197916666664], [11.090125136020959, 51.77982977725908], [11.208333, 51.841111]]]]}}, {"type": "Feature", "properties": {"FID": 21, "FIR_NAME": "BREMEN", "ICAO_CODE": "EDWW", "TYPE": "FIR", "COUNTRY": "Germany"}, "geometry": {"type": "MultiPolygon", "coordinates": [[[[13.759765625, 51.513671875], [13.085937499999972, 51.513671875], [12.65625, 51.62109375], [12.1484375, 51.89453125], [11.943359374999972, 51.9140625], [11.23046875, 51.85546875], [11.208333, 51.841111], [11.090125136020959, 51.77982977725908], [10.927734375, 51.686197916666664], [10.638020833333323, 51.54296875], [10.419921875, 51.350911458333336], [10.013020833333352, 51.350911458333336], [8.782552083333314, 51.350911458333336], [8.994140625, 51.669921875], [8.984375, 52.138671875], [8.046875, 52.119140625], [7.988281249999972, 52.138671875], [7.988281249999972, 52.28515625], [7.044270833333353, 52.249348958333336], [7.021484374999972, 52.294921875], [7.060546875, 52.392578125], [6.982421875, 52.4609375], [6.904296875, 52.44140625], [6.71875, 52.48046875], [6.69921875, 52.548828125], [6.73828125, 52.578125], [6.71875, 52.626953125], [6.748046875, 52.65625], [7.05078125, 52.65625], [7.060546875, 52.822265625], [7.20703125, 52.998046875], [7.177734375, 53.134765625], [7.20703125, 53.2421875], [7.177734375, 53.310546875], [7.01171875, 53.3203125], [6.85546875, 53.486328125], [6.630859375, 53.544921875], [6.494140624999972, 53.671875], [6.494140625, 55.006510416666664], [8.037109375, 55.009765625], [8.427734374999972, 55.078125], [8.5546875, 54.98046875], [8.564453125, 54.931640625], [8.681640625, 54.90234375], [8.955078124999972, 54.912109375], [9.208984375, 54.86328125], [9.248046875, 54.814453125], [9.453125, 54.833984375], [9.580078125, 54.892578125], [9.697265625, 54.833984375], [9.8828125, 54.853515625], [10.05859375, 54.765625], [10.498046875, 54.658203125], [11.005859375, 54.6484375], [11.5625, 54.482421875], [11.943359374999972, 54.443359375], [12.845052083333352, 54.925130208333336], [14.348958333333334, 54.908854166666664], [14.2578125, 54.1796875], [14.248046875000028, 54.140625], [14.19921875, 54.12109375], [14.228515624999972, 54.033203125], [14.208984375, 53.916015625], [14.306640625, 53.544921875], [14.43359375, 53.26171875], [14.365234375, 53.18359375], [14.384765625, 53.134765625], [14.345703125, 53.056640625], [14.140625, 52.958984375], [14.130859375, 52.841796875], [14.35546875, 52.75390625], [14.62890625, 52.578125], [14.599609375000028, 52.51953125], [14.62890625, 52.490234375], [14.53125, 52.40234375], [14.599609375000028, 52.275390625], [14.70703125, 52.236328125], [14.677734375, 52.119140625], [14.74609375, 52.080078125], [14.697265625, 51.923828125], [14.599609375000028, 51.845703125], [14.6875, 51.708984375], [13.759765625, 51.513671875]]]]}}, {"type": "Feature", "properties": {"FID": 22, "FIR_NAME": "ANTOFAGASTA", "ICAO_CODE": "SCFZ", "TYPE": "FIR", "COUNTRY": "Chile"}, "geometry": {"type": "MultiPolygon", "coordinates": [[[[-69.68587239583333, -28.543294270833332], [-90.00651041666667, -28.49609375], [-90.00651041666667, -18.33984375], [-70.41015625, -18.33984375], [-70.36132812500001, -18.310546875], [-70.15625, -18.320312499999986], [-69.9609375, -18.242187500000014], [-69.86328125, -18.144531249999986], [-69.775390625, -17.978515625000014], [-69.853515625, -17.744140625], [-69.84375, -17.67578125], [-69.814453125, -17.646484375], [-69.6875, -17.65625], [-69.50520833333333, -17.509765625], [-69.501953125, -17.617187499999986], [-69.326171875, -17.792968749999986], [-69.31640625, -17.94921875], [-69.08203125, -18.02734375], [-69.08203125, -18.076171875], [-69.16015625, -18.144531249999986], [-69.091796875, -18.22265625], [-69.08203125, -18.388671875], [-69.03320312499999, -18.45703125], [-69.03320312499999, -18.642578125], [-68.94531249999999, -18.857421875000014], [-68.974609375, -18.935546874999986], [-68.935546875, -19.013671875], [-68.447265625, -19.423828125], [-68.701171875, -19.70703125], [-68.5546875, -19.84375], [-68.53515625, -19.921875], [-68.583984375, -20.048828125], [-68.7890625, -20.087890625000014], [-68.720703125, -20.146484375], [-68.73046875, -20.224609375], [-68.68164062499999, -20.302734375], [-68.76953124999999, -20.400390625], [-68.7109375, -20.48828125], [-68.466796875, -20.634765625], [-68.57421875, -20.72265625], [-68.564453125, -20.888671875], [-68.525390625, -20.927734375], [-68.4375, -20.927734375], [-68.408203125, -20.957031249999986], [-68.193359375, -21.298828125], [-68.193359375, -21.6015625], [-68.10546875, -21.748046874999986], [-68.095703125, -21.953125], [-67.958984375, -22.08984375], [-67.96875, -22.16796875], [-67.9296875, -22.216796875], [-67.94921875, -22.34375], [-67.861328125, -22.529296875], [-67.880859375, -22.8125], [-67.79296875, -22.87109375], [-67.65625, -22.890625], [-67.1875, -22.81901041666667], [-67.03125, -22.96875], [-67.01171874999999, -23.02734375], [-67.333984375, -24.00390625], [-68.24218749999999, -24.384765624999986], [-68.3203125, -24.482421875000014], [-68.408203125, -24.51171875], [-68.45703125, -24.619140625], [-68.4765625, -24.58984375], [-68.50585937499999, -24.619140625], [-68.57421875, -24.775390625], [-68.564453125, -24.84375], [-68.466796875, -24.892578125], [-68.4375, -25.009765625000014], [-68.359375, -25.1171875], [-68.50585937499999, -25.166015625], [-68.60351562500001, -25.4296875], [-68.408203125, -26.103515625], [-68.408203125, -26.171875], [-68.57421875, -26.298828125], [-68.59375, -26.503906250000014], [-68.291015625, -26.89453125], [-68.33007812499999, -27.021484374999986], [-68.50585937499999, -27.060546875], [-68.583984375, -27.158203125], [-68.75, -27.08984375], [-68.818359375, -27.119140625000014], [-68.88671875, -27.236328125], [-68.90625, -27.36328125], [-69.013671875, -27.451171875], [-69.013671875, -27.51953125], [-69.091796875, -27.636718749999986], [-69.072265625, -27.685546875], [-69.12109374999999, -27.734375], [-69.189453125, -27.958984375], [-69.30664062500001, -27.998046875000014], [-69.404296875, -28.193359375], [-69.47265624999999, -28.18359375], [-69.521484375, -28.291015625], [-69.65820312500001, -28.388671875], [-69.68587239583333, -28.543294270833332]]]]}}, {"type": "Feature", "properties": {"FID": 23, "FIR_NAME": "SANTIAGO", "ICAO_CODE": "SCEZ", "TYPE": "FIR", "COUNTRY": "Chile"}, "geometry": {"type": "MultiPolygon", "coordinates": [[[[-90.00651041666667, -28.49609375], [-69.68587239583333, -28.543294270833332], [-69.755859375, -28.662109375], [-69.7265625, -28.798828125], [-69.8046875, -28.955078124999986], [-69.794921875, -29.091796875], [-69.84375, -29.130859374999986], [-69.90234375, -29.130859374999986], [-70.0390625, -29.287109375], [-70.0390625, -29.365234375], [-69.970703125, -29.53125], [-69.970703125, -29.667968750000014], [-69.921875, -29.70703125], [-69.91210937499999, -29.775390625], [-69.91210937499999, -29.921875], [-69.970703125, -30.078125], [-69.8828125, -30.087890625], [-69.83398437500001, -30.17578125], [-69.892578125, -30.224609375], [-69.892578125, -30.29296875], [-69.951171875, -30.371093750000014], [-70.05859375, -30.390625], [-70.126953125, -30.341796875], [-70.166015625, -30.361328124999986], [-70.13671875, -30.439453125], [-70.21484375, -30.5078125], [-70.341796875, -30.927734375], [-70.2783203125, -31.0205078125], [-70.322265625, -31.025390625], [-70.400390625, -31.142578125], [-70.458984375, -31.083984375], [-70.52734374999999, -31.152343749999986], [-70.595703125, -31.552734375], [-70.478515625, -31.728515625], [-70.46875, -31.826171875], [-70.419921875, -31.875], [-70.302734375, -31.875], [-70.244140625, -31.93359375], [-70.27343750000001, -32.041015625000014], [-70.36132812500001, -32.021484375], [-70.380859375, -32.05078125], [-70.33203125, -32.128906250000014], [-70.322265625, -32.275390625], [-70.244140625, -32.314453125], [-70.244140625, -32.412109375], [-70.15625, -32.470703124999986], [-70.15625, -32.744140625000014], [-69.990234375, -32.880859375], [-70.0390625, -32.98828125], [-70.107421875, -33.02734375], [-70.107421875, -33.1640625], [-70.0, -33.291015625], [-69.931640625, -33.232421875], [-69.8046875, -33.28125], [-69.78515625, -33.408203125], [-69.873046875, -33.5546875], [-69.892578125, -33.662109375], [-69.853515625, -33.710937500000014], [-69.91210937499999, -33.76953125], [-69.91210937499999, -33.9453125], [-69.853515625, -33.964843749999986], [-69.873046875, -34.130859375], [-69.82421874999999, -34.228515624999986], [-69.91210937499999, -34.27734375], [-69.98046875, -34.2578125], [-70.05859375, -34.287109375], [-70.05859375, -34.404296874999986], [-70.234375, -34.589843750000014], [-70.25390625, -34.70703125], [-70.3125, -34.74609375], [-70.27343750000001, -34.8046875], [-70.37109375, -35.0], [-70.37109375, -35.146484375], [-70.458984375, -35.195312499999986], [-70.52734374999999, -35.195312499999986], [-70.576171875, -35.244140625], [-70.556640625, -35.292968750000014], [-70.4296875, -35.33203125], [-70.46875, -35.380859375000014], [-70.400390625, -35.498046875], [-70.419921875, -35.654296875], [-70.35156249999999, -35.78125], [-70.419921875, -35.87890625], [-70.390625, -35.908203125000014], [-70.41015625, -35.9765625], [-70.380859375, -36.044921875], [-70.44921875000001, -36.15234375], [-70.56640625, -36.1328125], [-70.71289062500001, -36.26953125], [-70.71289062500001, -36.416015625], [-70.8984375, -36.396484375], [-70.9375, -36.474609375], [-71.025390625, -36.46484375], [-71.05468749999999, -36.494140625], [-71.05468749999999, -36.6796875], [-71.14257812499999, -36.689453124999986], [-71.14257812499999, -36.7578125], [-71.19140625, -36.8359375], [-71.1328125, -36.943359375], [-71.162109375, -36.9775390625], [-71.09375, -37.099609375], [-71.1328125, -37.119140625], [-71.14257812499999, -37.216796874999986], [-71.201171875, -37.275390625], [-71.181640625, -37.36328125], [-71.11328125, -37.451171875], [-71.14257812499999, -37.5390625], [-71.123046875, -37.578125], [-71.181640625, -37.6171875], [-71.19140625, -37.685546875], [-71.005859375, -38.06640625], [-71.005859375, -38.30078125], [-70.8984375, -38.486328125], [-90.00651041666667, -38.49609375], [-90.00651041666667, -28.49609375]]]]}}, {"type": "Feature", "properties": {"FID": 24, "FIR_NAME": "MOSCOW", "ICAO_CODE": "UUWV", "TYPE": "FIR", "COUNTRY": "Russia"}, "geometry": {"type": "MultiPolygon", "coordinates": [[[[40.143229166666664, 49.381510416666664], [40.048828125, 49.47265625], [40.06835937499997, 49.53125], [40.146484375, 49.5703125], [40.126953125, 49.609375], [39.990234375, 49.619140625], [39.89257812499997, 49.560546875], [39.794921875, 49.560546875], [39.638671875, 49.619140625], [39.5703125, 49.736328125], [39.462890625, 49.765625], [39.267578125, 49.755859375], [39.18945312499997, 49.8828125], [39.140625, 49.8828125], [39.072265625, 49.82421875], [38.94531250000003, 49.814453125], [38.8671875, 49.8828125], [38.75, 49.892578125], [38.671875, 49.98046875], [38.48632812499997, 49.9609375], [38.37890625, 49.990234375], [38.31054687499997, 50.078125], [38.193359375, 50.078125], [38.193359375, 49.98046875], [38.1640625, 49.94140625], [38.017578125, 49.912109375], [37.91015625, 50.0390625], [37.734375, 50.087890625], [37.59765625, 50.224609375], [37.6171875, 50.302734375], [37.509765625, 50.341796875], [37.44140625, 50.44921875], [37.32421875, 50.439453125], [37.12890625, 50.3515625], [36.90429687499997, 50.3515625], [36.708984375, 50.283203125], [36.640625, 50.224609375], [36.5625, 50.224609375], [36.54296875, 50.283203125], [36.416015625, 50.322265625], [36.279296875, 50.29296875], [36.171875, 50.41015625], [36.103515625, 50.439453125], [35.84960937499997, 50.439453125], [35.703125, 50.3515625], [35.60546875000003, 50.37109375], [35.546875, 50.46875], [35.478515625, 50.478515625], [35.42968750000003, 50.52734375], [35.390625, 50.64453125], [35.46875, 50.68359375], [35.458984375, 50.771484375], [35.390625, 50.8203125], [35.361328125, 50.91796875], [35.302734375, 50.95703125], [35.302734375, 51.005859375], [35.37109375, 51.03515625], [35.32226562499997, 51.064453125], [35.17578125, 51.0546875], [35.107421875, 51.2109375], [34.951171875, 51.23046875], [34.833984375, 51.181640625], [34.66796875, 51.181640625], [34.62890625, 51.25], [34.443359375, 51.256510416666664], [34.228515625, 51.2646484375], [34.306640625, 51.357421875], [34.208984375, 51.40625], [34.23828125, 51.533203125], [34.09179687499997, 51.669921875], [34.423828125, 51.728515625], [34.423828125, 51.796875], [34.296875, 51.89453125], [34.2578125, 51.884765625], [34.169921875, 51.962890625], [34.12109375, 51.962890625], [34.0625, 52.060546875], [34.09179687499997, 52.158203125], [33.818359375, 52.373046875], [33.701171875, 52.373046875], [33.515625, 52.3046875], [33.505859375, 52.36328125], [33.193359375, 52.3828125], [32.9296875, 52.255859375], [32.71484375, 52.265625], [32.51953125, 52.333984375], [32.392578125, 52.34375], [32.35351562500003, 52.314453125], [32.373046875, 52.255859375], [32.314453125, 52.138671875], [32.216796875, 52.080078125], [32.12890625, 52.05078125], [31.91406250000003, 52.05078125], [31.884765625, 52.109375], [31.74609375, 52.177734375], [31.77734375, 52.16796875], [31.733054577464788, 52.19011333626761], [31.591796875, 52.32421875], [31.62109375, 52.392578125], [31.572265625, 52.529296875], [31.6162109375, 52.5634765625], [31.50390625, 52.685546875], [31.58203125, 52.734375], [31.572265625, 52.8125], [31.513671875, 52.87109375], [31.38671875000003, 52.91015625], [31.328125, 52.998046875], [31.26953125, 53.02734375], [31.376953125, 53.10546875], [31.40625, 53.212890625], [31.66015625, 53.22265625], [31.7578125, 53.203125], [31.80664062499997, 53.125], [32.138671875, 53.095703125], [32.421875, 53.203125], [32.48046875, 53.26171875], [32.48046875, 53.3203125], [32.71484375, 53.33984375], [32.734375, 53.466796875], [32.44140625000003, 53.57421875], [32.412109375, 53.642578125], [32.5, 53.681640625], [32.4609375, 53.73046875], [32.36328125, 53.73046875], [32.119140625, 53.828125], [31.923828125, 53.7890625], [31.77734375, 53.80859375], [31.767578125, 53.837890625], [31.82617187500003, 53.896484375], [31.85546875, 53.984375], [31.82617187500003, 54.072265625], [31.5234375, 54.150390625], [31.337890625, 54.23828125], [31.240234375, 54.443359375], [31.083984375, 54.501953125], [31.19140624999997, 54.638671875], [31.015625, 54.658203125], [30.99609375, 54.716796875], [30.77148437500003, 54.814453125], [30.83984374999997, 54.892578125], [30.83984374999997, 54.951171875], [30.94726562500003, 54.98046875], [30.92773437499997, 55.0390625], [31.025390625, 55.048828125], [30.986328125, 55.107421875], [30.99609375, 55.146484375], [30.810546875, 55.302734375], [30.9375, 55.41015625], [30.8984375, 55.44921875], [30.92773437499997, 55.498046875], [30.859375, 55.6103515625], [31.171875, 56.923828125], [32.578125, 57.36328125], [34.4921875, 58.18359375], [35.813802083333336, 58.597005208333336], [45.0, 58.779296875], [46.904296875, 58.18359375], [46.904296875, 58.02734375], [46.751302083333314, 57.24609375], [46.42578125, 55.615234375], [46.572265625, 54.827473958333336], [43.86718750000003, 54.6484375], [42.46093750000003, 53.49609375], [42.861328125, 52.34375], [42.578125, 51.533203125], [43.030598958333336, 50.764973958333336], [40.143229166666664, 49.381510416666664]]]]}}, {"type": "Feature", "properties": {"FID": 25, "FIR_NAME": "DNIPRO", "ICAO_CODE": "UKDV", "TYPE": "FIR", "COUNTRY": "Ukraine"}, "geometry": {"type": "MultiPolygon", "coordinates": [[[[35.46875, 50.68359375], [35.390625, 50.64453125], [35.42968750000003, 50.52734375], [35.478515625, 50.478515625], [35.546875, 50.46875], [35.60546875000003, 50.37109375], [35.703125, 50.3515625], [35.84960937499997, 50.439453125], [36.103515625, 50.439453125], [36.171875, 50.41015625], [36.279296875, 50.29296875], [36.416015625, 50.322265625], [36.54296875, 50.283203125], [36.5625, 50.224609375], [36.640625, 50.224609375], [36.708984375, 50.283203125], [36.90429687499997, 50.3515625], [37.12890625, 50.3515625], [37.32421875, 50.439453125], [37.44140625, 50.44921875], [37.509765625, 50.341796875], [37.6171875, 50.302734375], [37.59765625, 50.224609375], [37.734375, 50.087890625], [37.91015625, 50.0390625], [38.017578125, 49.912109375], [38.1640625, 49.94140625], [38.193359375, 49.98046875], [38.193359375, 50.078125], [38.31054687499997, 50.078125], [38.37890625, 49.990234375], [38.48632812499997, 49.9609375], [38.671875, 49.98046875], [38.75, 49.892578125], [38.8671875, 49.8828125], [38.94531250000003, 49.814453125], [39.072265625, 49.82421875], [39.140625, 49.8828125], [39.18945312499997, 49.8828125], [39.267578125, 49.755859375], [39.462890625, 49.765625], [39.5703125, 49.736328125], [39.638671875, 49.619140625], [39.794921875, 49.560546875], [39.89257812499997, 49.560546875], [39.990234375, 49.619140625], [40.126953125, 49.609375], [40.146484375, 49.5703125], [40.06835937499997, 49.53125], [40.048828125, 49.47265625], [40.143229166666664, 49.381510416666664], [40.17578125000003, 49.345703125], [40.15625, 49.2578125], [39.970703125, 49.140625], [39.931640625, 49.0625], [39.70703125, 49.04296875], [39.6875, 49.013671875], [39.765625, 48.90625], [39.9609375, 48.8671875], [40.029296875, 48.90625], [40.06835937499997, 48.88671875], [39.990234375, 48.798828125], [39.80468749999997, 48.828125], [39.697265625, 48.73046875], [39.658203125, 48.603515625], [39.814453125, 48.583984375], [39.853515625, 48.5107421875], [39.91210937500003, 48.369140625], [39.84375, 48.3203125], [39.90234375, 48.291015625], [39.98046874999997, 48.310546875], [40.009765625, 48.271484375], [39.84375, 48.115234375], [39.853515625, 48.056640625], [39.775390625, 48.02734375], [39.814453125, 47.96875], [39.794921875, 47.87109375], [39.755859375, 47.83203125], [38.85742187500003, 47.87109375], [38.80859375, 47.841796875], [38.75, 47.6953125], [38.671875, 47.6953125], [38.57421874999997, 47.63671875], [38.349609375, 47.6171875], [38.271484375, 47.509765625], [38.28125, 47.40234375], [38.203125, 47.333984375], [38.212890625, 47.3046875], [38.31054687499997, 47.294921875], [38.30078125, 47.255859375], [38.212890625, 47.20703125], [38.212890625, 47.138671875], [38.3203125, 46.9921875], [37.509765625, 46.796875], [37.353515625, 46.578776041666664], [36.6796875, 46.591796875], [36.005859375, 46.962890625], [35.87890625, 47.12890625], [34.79492187499997, 47.4609375], [32.990722656249986, 47.74169921875], [32.8271484375, 47.7783203125], [32.88085937500003, 48.134765625], [32.65625, 48.369140625], [32.59765624999997, 48.525390625], [32.744140625, 48.701171875], [33.349609375, 48.9453125], [33.57421875, 49.2578125], [33.642578125, 49.404296875], [33.876953125, 50.21484375], [34.443359375, 51.256510416666664], [34.62890625, 51.25], [34.66796875, 51.181640625], [34.833984375, 51.181640625], [34.951171875, 51.23046875], [35.107421875, 51.2109375], [35.17578125, 51.0546875], [35.32226562499997, 51.064453125], [35.37109375, 51.03515625], [35.302734375, 51.005859375], [35.302734375, 50.95703125], [35.361328125, 50.91796875], [35.390625, 50.8203125], [35.458984375, 50.771484375], [35.46875, 50.68359375]]]]}}, {"type": "Feature", "properties": {"FID": 27, "FIR_NAME": "KOBENHAVN", "ICAO_CODE": "EKDK", "TYPE": "FIR", "COUNTRY": "Denmark"}, "geometry": {"type": "MultiPolygon", "coordinates": [[[[4.990234375, 57.008463541666664], [7.490234375, 57.001953125], [9.482421874999972, 58.02734375], [10.494791666666666, 58.499348958333336], [11.5625, 57.24609375], [12.314453125000028, 56.279296875], [12.65625, 56.015625], [12.65625, 55.91796875], [12.705078125, 55.830078125], [12.890625, 55.64453125], [12.607421875, 55.4296875], [12.845052083333352, 54.925130208333336], [11.943359374999972, 54.443359375], [11.5625, 54.482421875], [11.005859375, 54.6484375], [10.498046875, 54.658203125], [10.05859375, 54.765625], [9.8828125, 54.853515625], [9.697265625, 54.833984375], [9.580078125, 54.892578125], [9.453125, 54.833984375], [9.248046875, 54.814453125], [9.208984375, 54.86328125], [8.955078124999972, 54.912109375], [8.681640625, 54.90234375], [8.564453125, 54.931640625], [8.5546875, 54.98046875], [8.427734374999972, 55.078125], [8.037109375, 55.009765625], [6.494140625, 55.006510416666664], [4.985351562499993, 55.009765625], [4.990234375, 57.008463541666664]]]]}}, {"type": "Feature", "properties": {"FID": 28, "FIR_NAME": "POLARIS", "ICAO_CODE": "ENOR", "TYPE": "FIR", "COUNTRY": "Norway"}, "geometry": {"type": "MultiPolygon", "coordinates": [[[[10.494791666666666, 58.499348958333336], [9.482421874999972, 58.02734375], [7.490234375, 57.001953125], [4.990234375, 57.008463541666664], [2.67578125, 58.486328125], [1.494140625, 59.1796875], [0.029296875, 59.98046875], [-0.009765625, 60.01953125], [-0.013020833333333, 61.005859375], [-0.006510416666667, 63.0078125], [3.994140625, 63.0078125], [4.970703125, 63.974609375], [6.220703125, 65.107421875], [6.982421875, 65.751953125], [7.71484375, 66.23046875], [9.414062500000028, 67.255859375], [14.970703125, 70.0], [18.06640625, 70.498046875], [24.94140625, 71.337890625], [28.02734374999997, 71.337890625], [29.986979166666675, 71.01888020833333], [31.69921875, 70.37109375], [31.171875, 70.02278645833333], [30.86914062500001, 69.81770833333333], [30.849609375, 69.775390625], [30.92773437499997, 69.6875], [30.92773437499997, 69.599609375], [30.830078125, 69.55078125], [30.498046875, 69.541015625], [30.166015625, 69.66796875], [30.126953125, 69.6533203125], [30.185546875, 69.55078125], [30.0390625, 69.443359375], [29.833984375, 69.423828125], [29.55078125, 69.326171875], [29.296875, 69.306640625], [29.31640625, 69.228515625], [29.1796875, 69.0625], [29.052734375, 69.0234375], [28.899739583333325, 69.05924479166667], [28.779296875, 69.130859375], [28.7890625, 69.19921875], [28.828125, 69.248046875], [29.287109375, 69.47265625], [29.18945312500003, 69.619140625], [29.091796875, 69.716796875], [28.369140625, 69.833984375], [28.330078125, 69.892578125], [28.13476562500003, 69.921875], [28.037109375, 69.970703125], [27.91015625, 70.09765625], [27.578125, 70.078125], [27.529296875, 70.0390625], [27.314453125, 70.0], [27.28515625, 69.951171875], [27.0703125, 69.912109375], [26.875, 69.931640625], [26.8359375, 69.9609375], [26.494140625, 69.951171875], [26.15234375, 69.74609375], [25.966796875, 69.70703125], [25.9375, 69.677734375], [25.966796875, 69.6484375], [25.95703125, 69.599609375], [25.859375, 69.5458984375], [25.869140625, 69.4921875], [25.8203125, 69.443359375], [25.8203125, 69.384765625], [25.74218749999997, 69.345703125], [25.74218749999997, 69.287109375], [25.703125, 69.248046875], [25.72265625, 69.12109375], [25.80078125, 69.0234375], [25.615234375, 68.88671875], [25.41015625000003, 68.896484375], [25.21484374999997, 68.828125], [25.15625, 68.7890625], [25.087890625, 68.6328125], [24.9267578125, 68.5888671875], [24.86328124999997, 68.57421875], [24.74609375, 68.671875], [24.35546875000003, 68.7109375], [24.013671875, 68.837890625], [23.828125, 68.837890625], [23.701171875, 68.720703125], [23.45703124999997, 68.701171875], [23.271484375, 68.642578125], [23.14453125, 68.642578125], [23.056640625, 68.701171875], [22.77343750000003, 68.701171875], [22.587890625, 68.740234375], [22.40234374999997, 68.720703125], [22.353515625, 68.828125], [22.216796875, 68.916015625], [22.177734375, 68.974609375], [21.69921874999997, 69.27734375], [21.58203125, 69.306640625], [21.2890625, 69.326171875], [21.0546875, 69.23828125], [21.025390625, 69.208984375], [21.03515625, 69.16015625], [21.10351562500003, 69.111328125], [21.0546875, 69.04296875], [20.791015625, 69.1015625], [20.611979166666668, 69.06575520833333], [20.126953125, 69.0380859375], [20.3125, 68.92578125], [20.341796875, 68.7890625], [20.17578125, 68.65234375], [19.98046875, 68.5498046875], [20.1953125, 68.4765625], [19.951171875, 68.349609375], [19.87304687500003, 68.349609375], [18.96484375, 68.49609375], [18.57421875, 68.486328125], [18.369140625, 68.544921875], [18.134765625, 68.525390625], [18.076171875, 68.49609375], [18.046875, 68.388671875], [18.14453125, 68.173828125], [17.87109375, 67.94921875], [17.55859375, 68.046875], [17.265625, 68.095703125], [17.16796875, 68.02734375], [16.73828125, 67.91015625], [16.591796875, 67.6953125], [16.396484375, 67.529296875], [16.19140625, 67.509765625], [16.083984375, 67.421875], [16.35742187500003, 67.24609375], [16.396484375, 67.1484375], [16.35742187500003, 67.041015625], [16.015625, 66.904296875], [15.625, 66.611328125], [15.371093749999972, 66.494140625], [15.454101562499986, 66.2939453125], [15.019531249999972, 66.15234375], [14.501953125, 66.1328125], [14.62890625, 65.8203125], [14.521484375, 65.693359375], [14.53125, 65.64453125], [14.492187499999972, 65.595703125], [14.482421875, 65.322265625], [14.365234375, 65.25390625], [14.27734375, 65.087890625], [14.12109375, 64.990234375], [13.662109375, 64.599609375], [13.876953124999972, 64.51171875], [14.111328125, 64.47265625], [14.150390625, 64.31640625], [14.140625, 64.1796875], [13.994140625, 64.033203125], [13.193359375000028, 64.1015625], [12.802734375, 64.0234375], [12.646484374999972, 63.96484375], [12.275390625, 63.662109375], [12.1484375, 63.603515625], [12.1875, 63.49609375], [11.943359374999972, 63.291015625], [12.158203125, 63.02734375], [12.03125, 62.91015625], [12.080078125, 62.744140625], [12.01171875, 62.607421875], [12.28515625, 62.28515625], [12.12890625, 61.73828125], [12.392578125, 61.58203125], [12.578125, 61.54296875], [12.8125, 61.396484375], [12.841796875000028, 61.34765625], [12.63671875, 61.064453125], [12.392578125, 61.064453125], [12.216796875, 61.005859375], [12.373046875, 60.76171875], [12.587890625, 60.52734375], [12.587890625, 60.41015625], [12.48046875, 60.302734375], [12.5, 60.166015625], [12.44140625, 60.05859375], [12.138671875000028, 59.892578125], [11.943359374999972, 59.90234375], [11.826171875, 59.853515625], [11.89453125, 59.78515625], [11.89453125, 59.70703125], [11.669921875, 59.599609375], [11.787109375000028, 59.248046875], [11.748046875, 59.19921875], [11.73828125, 59.091796875], [11.669921875, 59.0234375], [11.630859375, 58.92578125], [11.42578125, 58.896484375], [11.42578125, 58.984375], [11.30859375, 59.111328125], [11.162109375, 59.072265625], [11.11328125, 59.0234375], [11.1279296875, 58.9892578125], [11.09375, 58.955078125], [10.634765625, 58.896484375], [10.494791666666666, 58.499348958333336]]]]}}, {"type": "Feature", "properties": {"FID": 29, "FIR_NAME": "SAN JUAN", "ICAO_CODE": "TJZS", "TYPE": "FIR", "COUNTRY": null}, "geometry": {"type": "MultiPolygon", "coordinates": [[[[-68.0078125, 16.009114583333332], [-68.0078125, 19.00390625], [-69.150390625, 19.658203125], [-67.65299479166667, 21.256510416666668], [-66.73828125, 22.01171875], [-65.029296875, 22.099609375], [-64.00390625, 22.001953125], [-61.904296875, 20.0], [-61.513671875, 18.011067708333332], [-62.001953124999986, 18.0078125], [-63.0078125, 17.36328125], [-63.0078125, 15.33203125], [-63.26171875, 15.009765625], [-64.990234375, 15.006510416666666], [-67.07682291666667, 15.680338541666666], [-68.0078125, 16.009114583333332]]]]}}, {"type": "Feature", "properties": {"FID": 30, "FIR_NAME": "SANTO DOMINGO", "ICAO_CODE": "MDCS", "TYPE": "FIR", "COUNTRY": "Dominican Republic"}, "geometry": {"type": "MultiPolygon", "coordinates": [[[[-69.150390625, 19.658203125], [-68.0078125, 19.00390625], [-68.0078125, 16.009114583333332], [-71.66015625, 16.005859375], [-71.68294270833333, 17.001953125], [-71.77734375, 18.017578125], [-71.77734375, 18.212890625], [-71.708984375, 18.3203125], [-71.9140625, 18.447265625], [-71.89453125, 18.486328125], [-72.001953125, 18.61328125], [-71.84570312499999, 18.623046875], [-71.728515625, 18.720703125], [-71.71875, 18.876953125], [-71.787109375, 18.96484375], [-71.84570312499999, 18.955078125], [-71.85546875000001, 18.984375], [-71.787109375, 19.00390625], [-71.640625, 19.150390625], [-71.640625, 19.21875], [-71.76757812500001, 19.326171875], [-71.69921875, 19.453125], [-71.77734375, 19.8046875], [-71.669921875, 20.416666666666668], [-70.517578125, 20.4296875], [-69.150390625, 19.658203125]]]]}}, {"type": "Feature", "properties": {"FID": 31, "FIR_NAME": "BREST", "ICAO_CODE": "LFRR", "TYPE": "FIR", "COUNTRY": "France"}, "geometry": {"type": "MultiPolygon", "coordinates": [[[[-0.25390625, 50.006510416666664], [-0.250651041666667, 47.171223958333336], [-0.2734375, 46.50390625], [-1.640625, 46.494140625], [-1.790364583333333, 43.59375], [-4.0234375, 44.345703125], [-8.0078125, 45.013020833333336], [-8.004557291666666, 48.84765625], [-4.970703125, 49.482421875], [-2.01171875, 50.009765625], [-0.25390625, 50.006510416666664]]]]}}, {"type": "Feature", "properties": {"FID": 32, "FIR_NAME": "PARIS", "ICAO_CODE": "LFFF", "TYPE": "FIR", "COUNTRY": "France"}, "geometry": {"type": "MultiPolygon", "coordinates": [[[[-0.250651041666667, 47.171223958333336], [-0.25390625, 50.006510416666664], [1.455078125, 50.6640625], [1.474609375, 51.005859375], [1.9921875, 51.126302083333336], [2.529296875, 51.103515625], [2.6171875, 50.9765625], [2.59765625, 50.859375], [2.705078125, 50.8203125], [2.79296875, 50.732421875], [2.900390625, 50.703125], [2.94921875, 50.76171875], [3.14453125, 50.80078125], [3.242187499999972, 50.703125], [3.30078125, 50.52734375], [3.408203125, 50.5078125], [3.486328125, 50.537109375], [3.515625, 50.498046875], [3.59375, 50.5078125], [3.662109375, 50.44921875], [3.662109375, 50.361328125], [3.701171875000028, 50.3125], [3.759765625, 50.361328125], [3.857421874999972, 50.361328125], [3.896484375, 50.33203125], [4.033203124999972, 50.361328125], [4.1650390625, 50.2783203125], [4.208984374999972, 50.25390625], [4.130859375, 50.146484375], [4.1796875, 50.146484375], [4.21875, 50.087890625], [4.140625, 50.0390625], [4.189453125, 49.970703125], [4.51171875, 49.951171875], [4.658203125, 50.0], [4.6875, 50.087890625], [4.78515625, 50.15625], [4.873046875, 50.166015625], [4.8828125, 50.13671875], [4.794921875, 49.98046875], [4.873046875, 49.921875], [4.873046875, 49.8046875], [4.98046875, 49.814453125], [5.087890624999972, 49.775390625], [5.166015625, 49.70703125], [5.2734375, 49.70703125], [5.322265625, 49.62890625], [5.41015625, 49.619140625], [5.46875, 49.51171875], [5.556640625, 49.541015625], [5.615234374999972, 49.521484375], [5.654296875, 49.560546875], [5.732421875, 49.541015625], [5.76171875, 49.5703125], [5.970052083333314, 49.462890625], [4.8046875, 48.955078125], [5.712890625, 48.26171875], [5.166015625, 48.173828125], [4.3359375, 47.431640625], [4.814453125, 46.507161458333336], [3.251953125, 46.50390625], [2.913411458333352, 46.344401041666664], [2.8125, 46.767578125], [1.9921875, 47.177734375], [-0.250651041666667, 47.171223958333336]]]]}}, {"type": "Feature", "properties": {"FID": 33, "FIR_NAME": "NEW YORK OCEANIC", "ICAO_CODE": "KZNY", "TYPE": "FIR", "COUNTRY": "United States"}, "geometry": {"type": "MultiPolygon", "coordinates": [[[[-72.79947916666667, 40.201822916666664], [-72.490234375, 40.078125], [-70.95703125, 40.56640625], [-69.03320312499999, 40.99609375], [-67.01497395833333, 41.624348958333336], [-67.001953125, 39.016927083333336], [-69.931640625, 38.349609375], [-71.689453125, 37.51953125], [-72.64648437500001, 37.24609375], [-72.67578125, 37.216796875], [-72.67578125, 35.107421875], [-76.81640625, 32.20703125], [-76.99869791666667, 32.255859375], [-76.787109375, 32.985026041666664], [-75.21484375, 35.29296875], [-74.94140625, 35.5078125], [-74.609375, 36.7578125], [-74.609375, 37.08984375], [-74.033203125, 38.45703125], [-73.66861979166667, 39.04296875], [-73.193359375, 39.658203125], [-73.18359375, 39.6875], [-73.25520833333333, 39.733072916666664], [-73.134765625, 39.765625], [-73.0078125, 40.009765625], [-72.79947916666667, 40.201822916666664]]]]}}, {"type": "Feature", "properties": {"FID": 34, "FIR_NAME": "BOSTON", "ICAO_CODE": "KZBW", "TYPE": "FIR", "COUNTRY": "United States"}, "geometry": {"type": "MultiPolygon", "coordinates": [[[[-67.01497395833333, 41.624348958333336], [-69.03320312499999, 40.99609375], [-70.95703125, 40.56640625], [-72.490234375, 40.078125], [-72.79947916666667, 40.201822916666664], [-73.25195312499999, 40.41015625], [-73.67024739583333, 40.29296875], [-73.30078125, 40.80078125], [-73.3984375, 40.869140625], [-73.857421875, 40.869140625], [-73.87695312500001, 41.25], [-74.12109375, 41.344401041666664], [-74.35546875, 41.494140625], [-74.6142578125, 41.59423828125], [-74.814453125, 41.767578125], [-75.03580729166667, 41.852213541666664], [-76.04166666666667, 42.301432291666664], [-75.97656249999999, 42.705078125], [-76.015625, 42.861328125], [-76.09375, 42.939453125], [-76.50390624999999, 42.94921875], [-76.67643229166667, 42.890625], [-76.77734375000001, 43.0859375], [-76.806640625, 43.639322916666664], [-76.42578125000001, 44.12109375], [-76.18815104166667, 44.254557291666664], [-76.06445312499999, 44.35546875], [-75.869140625, 44.404296875], [-75.71289062499999, 44.580078125], [-75.3125, 44.853515625], [-74.84375, 45.029296875], [-74.560546875, 45.0], [-71.513671875, 45.01953125], [-71.4013671875, 45.2294921875], [-71.30859375, 45.302734375], [-71.201171875, 45.25390625], [-71.1181640625, 45.283203125], [-70.927734375, 45.29296875], [-70.80078125000001, 45.4296875], [-70.64453125, 45.400390625], [-70.72265625, 45.498046875], [-70.693359375, 45.56640625], [-70.576171875, 45.6640625], [-70.41015625, 45.72265625], [-70.400390625, 45.8203125], [-70.27343750000001, 45.888671875], [-70.25390625, 45.947265625], [-70.29296875, 45.986328125], [-70.302734375, 46.083984375], [-70.25390625, 46.123046875], [-70.29296875, 46.201171875], [-70.1953125, 46.357421875], [-70.05859375, 46.42578125], [-70.0, 46.708984375], [-69.23828125, 47.4609375], [-69.052734375, 47.431640625], [-69.052734375, 47.265625], [-68.90625, 47.1875], [-68.61328125, 47.255859375], [-68.54817708333333, 47.307942708333336], [-68.3984375, 47.294921875], [-68.369140625, 47.36328125], [-68.24218749999999, 47.36328125], [-67.96875, 47.20703125], [-67.79296875, 47.060546875], [-67.7734375, 45.908203125], [-67.80273437499999, 45.869140625], [-67.7734375, 45.830078125], [-67.8125, 45.80078125], [-67.8125, 45.693359375], [-67.734375, 45.68359375], [-67.666015625, 45.625], [-67.44140625, 45.595703125], [-67.44140625, 45.52734375], [-67.5, 45.48828125], [-67.431640625, 45.390625], [-67.48046875, 45.263671875], [-67.36328124999999, 45.13671875], [-67.28515625000001, 45.205078125], [-67.177734375, 45.185546875], [-66.982421875, 44.921875], [-66.982421875, 44.86328125], [-66.9140625, 44.814453125], [-66.9140625, 44.765625], [-67.109375, 44.521484375], [-67.001953125, 44.4921875], [-66.99869791666667, 41.881510416666664], [-67.01497395833333, 41.624348958333336]]]]}}, {"type": "Feature", "properties": {"FID": 35, "FIR_NAME": "BEIRA", "ICAO_CODE": "FQBE", "TYPE": "FIR", "COUNTRY": "Mozambique"}, "geometry": {"type": "MultiPolygon", "coordinates": [[[[32.446289062500014, -21.303710937499993], [32.35351562500003, -21.123046875], [32.50976562499997, -20.91796875], [32.490234375, -20.605468749999986], [32.55859375, -20.546875], [32.65625, -20.546875], [32.87109375, -20.263671875000014], [32.900390625, -20.09765625], [32.96875, -20.01953125], [33.017578125, -20.009765625], [33.046875, -19.794921875], [32.96875, -19.726562499999986], [32.958984375, -19.648437500000014], [32.900390625, -19.6875], [32.83203125, -19.66796875], [32.841796875, -19.482421875], [32.77343749999997, -19.453125], [32.77343749999997, -19.375], [32.8515625, -19.27734375], [32.88085937500003, -19.091796875], [32.822265625, -19.013671875], [32.71484375, -19.013671875], [32.6953125, -18.96484375], [32.724609375, -18.916015625], [32.6953125, -18.837890625], [32.71484375, -18.818359375], [32.9296875, -18.75], [32.939453125, -18.671875], [32.88085937500003, -18.53515625], [32.98828125, -18.4765625], [33.017578125, -18.37890625], [33.05664062500003, -18.359375], [32.958984375, -18.232421874999986], [32.98828125, -18.154296875000014], [32.94921874999997, -18.046875], [32.958984375, -17.822265625], [33.017578125, -17.783203125], [33.0078125, -17.705078124999986], [33.03710937499997, -17.63671875], [33.02734375, -17.578125], [32.96875, -17.548828125], [32.94921874999997, -17.490234375], [33.03710937499997, -17.34375], [32.98828125, -17.294921875], [32.96875, -17.1484375], [32.841796875, -16.943359375], [32.939453125, -16.826171874999986], [32.96875, -16.708984375], [32.744140625, -16.708984375], [32.6953125, -16.660156250000014], [32.68554687499997, -16.591796875], [32.36328125, -16.455078125], [32.236328125, -16.42578125], [31.923828125, -16.42578125], [31.89453124999997, -16.34765625], [31.71875, -16.210937499999986], [31.435546875, -16.162109375], [31.25, -16.005859375], [31.12304687500003, -15.986328125], [30.9765625, -16.0546875], [30.91796875, -15.99609375], [30.4296875, -15.99609375], [30.397135416666647, -15.631510416666666], [30.3515625, -15.556640625], [30.380859375, -15.498046875], [30.361328125, -15.341796875000014], [30.263671875, -15.253906250000014], [30.22460937499997, -15.146484375], [30.22460937499997, -14.970703125], [30.3515625, -14.9609375], [30.869140625, -14.74609375], [31.47460937500003, -14.619140625], [31.708984375, -14.4921875], [32.1484375, -14.345703125], [32.373046875, -14.306640625], [33.10965401785713, -14.029017857142858], [33.291015625, -14.04296875], [33.30078124999997, -14.150390625], [33.3984375, -14.2578125], [33.466796875, -14.39453125], [33.681640625, -14.599609375], [34.11132812500003, -16.005859375], [34.228515625, -16.19140625], [34.345703125, -16.308593750000014], [34.66796875, -16.474609374999986], [34.833984375, -16.50390625], [35.068359375, -16.494140625], [35.361328125, -16.386718749999986], [35.49804687499997, -16.2890625], [35.67382812499997, -16.09375], [35.791015625, -16.035156249999986], [35.859375, -15.498046875], [35.859375, -15.390625], [35.791015625, -15.166015625000014], [35.908203125, -14.912109375], [35.86914062500003, -14.86328125], [35.86914062500003, -14.6484375], [35.048828125, -13.642578125], [34.853515625, -13.4765625], [34.599609375, -13.4765625], [34.51171875, -13.330078125], [34.51171875, -12.724609375], [34.404296875, -12.1875], [34.62890625, -11.591796875], [34.951171875, -11.559244791666671], [35.576171875, -11.6015625], [35.634765625, -11.58203125], [35.698242187500014, -11.4892578125], [35.830078125, -11.40625], [35.927734375, -11.42578125], [35.9765625, -11.50390625], [36.171875, -11.591796875], [36.19140625, -11.69921875], [36.484375, -11.669921875], [36.513671875, -11.71875], [36.58203125, -11.728515624999986], [36.669921875, -11.708984375], [36.845703125, -11.5625], [37.021484375, -11.572265625], [37.12890625, -11.669921875], [37.265625, -11.69921875], [37.34375, -11.6796875], [37.392578125, -11.71875], [37.4609375, -11.71875], [37.509765625, -11.66015625], [37.646484375, -11.640625], [37.80273437500003, -11.54296875], [37.8515625, -11.337890625], [37.94921875, -11.26953125], [38.10546875, -11.25], [38.14453125, -11.279296875], [38.271484375, -11.279296875], [38.359375, -11.3671875], [38.48632812499997, -11.40625], [38.671875, -11.259765625], [38.779296875, -11.25], [38.90625, -11.162109375], [39.130859375, -11.1328125], [39.267578125, -11.162109375], [39.51171875, -10.986328125], [39.70703125, -10.9375], [39.90234375, -10.8203125], [40.0, -10.80078125], [40.21484375, -10.60546875], [40.361328125, -10.546875], [40.478515625, -10.419921875000014], [41.494140625, -10.999348958333334], [42.98828125000003, -15.0], [39.990234375, -20.009765625], [39.990234375, -29.986979166666668], [34.99023437500003, -27.83203125], [32.88085937500003, -26.8359375], [32.33398437499997, -26.855468750000014], [32.12890625, -26.826171875], [32.119140625, -26.484375], [32.060546875, -26.38671875], [32.05078125, -26.26953125], [32.08984375000003, -26.181640625], [32.080078125, -26.005859375], [31.953125, -25.9375], [31.91406250000003, -25.830078125], [32.00195312500003, -25.64453125], [31.98242187499997, -25.4296875], [32.01171875, -24.951171875], [31.98242187499997, -24.648437499999986], [32.01171875, -24.462890625], [31.875, -24.150390625], [31.875, -23.945312499999986], [31.7578125, -23.837890625], [31.669921875, -23.59375], [31.54296874999997, -23.466796875], [31.552734375, -23.164062500000014], [31.29882812500001, -22.405598958333332], [31.5625, -22.177734375], [32.40234375, -21.308593749999986], [32.446289062500014, -21.303710937499993]]]]}}, {"type": "Feature", "properties": {"FID": 36, "FIR_NAME": "HARARE", "ICAO_CODE": "FVHA", "TYPE": "FIR", "COUNTRY": "Zimbabwe"}, "geometry": {"type": "MultiPolygon", "coordinates": [[[[30.397135416666647, -15.631510416666666], [30.4296875, -15.99609375], [30.91796875, -15.99609375], [30.9765625, -16.0546875], [31.12304687500003, -15.986328125], [31.25, -16.005859375], [31.435546875, -16.162109375], [31.71875, -16.210937499999986], [31.89453124999997, -16.34765625], [31.923828125, -16.42578125], [32.236328125, -16.42578125], [32.36328125, -16.455078125], [32.68554687499997, -16.591796875], [32.6953125, -16.660156250000014], [32.744140625, -16.708984375], [32.96875, -16.708984375], [32.939453125, -16.826171874999986], [32.841796875, -16.943359375], [32.96875, -17.1484375], [32.98828125, -17.294921875], [33.03710937499997, -17.34375], [32.94921874999997, -17.490234375], [32.96875, -17.548828125], [33.02734375, -17.578125], [33.03710937499997, -17.63671875], [33.0078125, -17.705078124999986], [33.017578125, -17.783203125], [32.958984375, -17.822265625], [32.94921874999997, -18.046875], [32.98828125, -18.154296875000014], [32.958984375, -18.232421874999986], [33.05664062500003, -18.359375], [33.017578125, -18.37890625], [32.98828125, -18.4765625], [32.88085937500003, -18.53515625], [32.939453125, -18.671875], [32.9296875, -18.75], [32.71484375, -18.818359375], [32.6953125, -18.837890625], [32.724609375, -18.916015625], [32.6953125, -18.96484375], [32.71484375, -19.013671875], [32.822265625, -19.013671875], [32.88085937500003, -19.091796875], [32.8515625, -19.27734375], [32.77343749999997, -19.375], [32.77343749999997, -19.453125], [32.841796875, -19.482421875], [32.83203125, -19.66796875], [32.900390625, -19.6875], [32.958984375, -19.648437500000014], [32.96875, -19.726562499999986], [33.046875, -19.794921875], [33.017578125, -20.009765625], [32.96875, -20.01953125], [32.900390625, -20.09765625], [32.87109375, -20.263671875000014], [32.65625, -20.546875], [32.55859375, -20.546875], [32.490234375, -20.605468749999986], [32.50976562499997, -20.91796875], [32.35351562500003, -21.123046875], [32.446289062500014, -21.303710937499993], [32.40234375, -21.308593749999986], [31.5625, -22.177734375], [31.29882812500001, -22.405598958333332], [31.15234375, -22.314453125], [31.03515625000003, -22.32421875], [30.91796875, -22.285156250000014], [30.283203125, -22.333984375], [30.234375, -22.285156250000014], [30.126953125, -22.294921875], [29.921875, -22.177734375], [29.87304687499997, -22.1875], [29.765625, -22.12890625], [29.638671875, -22.119140625], [29.52148437499997, -22.16796875], [29.348958333333314, -22.174479166666668], [29.248046875, -22.060546875], [29.140625, -22.0703125], [29.052734375, -22.011718749999986], [29.0234375, -21.904296875], [29.072265625, -21.81640625], [29.0234375, -21.77734375], [28.88671875, -21.757812500000014], [28.61328125, -21.630859375], [28.45703125, -21.650390625], [28.30078125, -21.582031250000014], [28.1640625, -21.591796875], [27.998046875, -21.54296875], [27.900390625, -21.298828125], [27.67578124999997, -21.064453125], [27.685546875, -20.869140624999986], [27.724609375, -20.791015625000014], [27.724609375, -20.693359374999986], [27.69531250000003, -20.654296875], [27.71484375, -20.5078125], [27.67578124999997, -20.478515625], [27.48046875, -20.458984375], [27.28515625, -20.478515625], [27.28515625, -20.224609375], [27.20703125, -20.078125], [27.119140625, -20.068359375], [27.041015625, -20.0], [26.93359375, -20.0], [26.806640625, -19.931640625], [26.73828125, -19.931640625], [26.689453125, -19.873046875], [26.611328125, -19.853515625], [26.53320312499997, -19.755859375], [26.34765625, -19.658203125], [26.328125, -19.580078125], [26.240234375, -19.5703125], [26.15234375, -19.51171875], [26.044921875, -19.21875], [25.95703125, -19.1015625], [25.966796875, -18.92578125], [25.83007812499997, -18.818359375], [25.78125, -18.6328125], [25.52734375, -18.3984375], [25.41015625000003, -18.144531249999986], [25.263671875, -17.998046875], [25.234375, -17.919921875], [25.2197265625, -17.785644531250004], [25.41015625000003, -17.8515625], [25.52734375, -17.8515625], [25.67382812500003, -17.802734375000014], [25.8203125, -17.890625], [25.859375, -17.96875], [25.9375, -17.998046875], [26.098632812499986, -17.9345703125], [26.2109375, -17.880859374999986], [26.53320312499997, -17.978515625000014], [26.669921875, -18.066406250000014], [26.875, -17.978515625000014], [27.021484375, -17.958984375], [27.14843749999997, -17.8515625], [27.138671875, -17.802734375000014], [27.32421874999997, -17.587890625], [27.6171875, -17.333984375], [27.63671875, -17.216796875], [27.822265625, -16.953125], [28.10546875, -16.835937500000014], [28.29101562499997, -16.69921875], [28.64257812499997, -16.552734375], [28.759765625, -16.533203125], [28.84765625, -16.386718749999986], [28.828125, -16.2890625], [28.857421875, -16.240234375], [28.857421875, -16.035156249999986], [28.935546875, -15.957031250000014], [29.033203125, -15.947265624999986], [29.091796875, -15.869140625000014], [29.25781249999997, -15.76171875], [29.4921875, -15.703125], [29.560546875, -15.654296875], [29.658203125, -15.6640625], [29.82421875, -15.605468750000014], [29.98046875000003, -15.64453125], [30.397135416666647, -15.631510416666666]]]]}}, {"type": "Feature", "properties": {"FID": 37, "FIR_NAME": "ODESA", "ICAO_CODE": "UKOV", "TYPE": "FIR", "COUNTRY": "Ukraine"}, "geometry": {"type": "MultiPolygon", "coordinates": [[[[28.16015625, 45.521484375], [28.30078125, 45.537109375], [28.505859375, 45.517578125], [28.544921875, 45.595703125], [28.49609375, 45.6640625], [28.505859375, 45.703125], [28.564453125, 45.72265625], [28.603515625, 45.78125], [28.671875, 45.78125], [28.759765625, 45.859375], [28.75, 45.966796875], [28.974609375, 46.025390625], [28.955078125, 46.11328125], [29.033203125, 46.201171875], [28.9453125, 46.279296875], [28.92578125000003, 46.435546875], [28.96484375, 46.474609375], [29.18945312500003, 46.552734375], [29.21875, 46.533203125], [29.208984375, 46.376953125], [29.287109375, 46.40625], [29.31640625, 46.484375], [29.384765625, 46.42578125], [29.43359374999997, 46.484375], [29.4921875, 46.494140625], [29.4921875, 46.4453125], [29.609375, 46.376953125], [29.6484375, 46.376953125], [29.658203125, 46.42578125], [29.7314453125, 46.4599609375], [29.833984375, 46.357421875], [30.1171875, 46.40625], [29.89257812500003, 46.54296875], [29.96093749999997, 46.58203125], [29.94140625, 46.81640625], [29.87304687499997, 46.865234375], [29.74609375, 46.875], [29.70703125, 46.923828125], [29.5703125, 46.962890625], [29.609375, 47.08984375], [29.5703125, 47.109375], [29.53125, 47.080078125], [29.501953125, 47.119140625], [29.5703125, 47.158203125], [29.55078125, 47.236328125], [29.58984375, 47.265625], [29.580078125, 47.32421875], [29.4921875, 47.353515625], [29.462890625, 47.294921875], [29.404296875, 47.294921875], [29.35546875, 47.3828125], [29.23828125, 47.4609375], [29.18945312500003, 47.44140625], [29.140625, 47.509765625], [29.130859375, 47.568359375], [29.19921875, 47.626953125], [29.19921875, 47.724609375], [29.24804687499999, 47.789713541666664], [29.86328125, 48.193359375], [29.94140625, 48.193359375], [32.8271484375, 47.7783203125], [32.990722656249986, 47.74169921875], [32.83203125, 46.806640625], [32.890625, 46.123046875], [31.34765625, 45.390625], [30.361328125, 44.8828125], [30.091145833333332, 44.908854166666664], [29.951171875, 45.15625], [29.677734375, 45.21484375], [29.6484375, 45.341796875], [29.5703125, 45.400390625], [29.31640625, 45.44921875], [29.208984375, 45.4296875], [28.974609375, 45.33203125], [28.935546875, 45.283203125], [28.7890625, 45.33203125], [28.76953125, 45.234375], [28.681640625, 45.224609375], [28.349609375, 45.3125], [28.16015625, 45.521484375]]]]}}, {"type": "Feature", "properties": {"FID": 38, "FIR_NAME": "CHISINAU", "ICAO_CODE": "LUUU", "TYPE": "FIR", "COUNTRY": "Moldova"}, "geometry": {"type": "MultiPolygon", "coordinates": [[[[29.7314453125, 46.4599609375], [29.658203125, 46.42578125], [29.6484375, 46.376953125], [29.609375, 46.376953125], [29.4921875, 46.4453125], [29.4921875, 46.494140625], [29.43359374999997, 46.484375], [29.384765625, 46.42578125], [29.31640625, 46.484375], [29.287109375, 46.40625], [29.208984375, 46.376953125], [29.21875, 46.533203125], [29.18945312500003, 46.552734375], [28.96484375, 46.474609375], [28.92578125000003, 46.435546875], [28.9453125, 46.279296875], [29.033203125, 46.201171875], [28.955078125, 46.11328125], [28.974609375, 46.025390625], [28.75, 45.966796875], [28.759765625, 45.859375], [28.671875, 45.78125], [28.603515625, 45.78125], [28.564453125, 45.72265625], [28.505859375, 45.703125], [28.49609375, 45.6640625], [28.544921875, 45.595703125], [28.505859375, 45.517578125], [28.30078125, 45.537109375], [28.16015625, 45.521484375], [28.14453125, 45.625], [28.1640625, 45.6640625], [28.076171875, 46.015625], [28.13476562500003, 46.171875], [28.10546875, 46.23046875], [28.193359375, 46.30859375], [28.217773437500014, 46.396484375], [28.2421875, 46.46484375], [28.203125, 46.50390625], [28.232421875, 46.650390625], [28.11523437499997, 46.8359375], [28.076171875, 46.982421875], [27.802734375, 47.138671875], [27.744140625, 47.255859375], [27.568359375, 47.3828125], [27.568359375, 47.4609375], [27.470703125, 47.490234375], [27.421875, 47.578125], [27.28515625, 47.67578125], [27.28515625, 47.744140625], [27.2265625, 47.802734375], [27.197265625, 47.900390625], [27.158203125, 47.919921875], [27.158203125, 47.978515625], [26.982421875, 48.154296875], [26.787109375, 48.26171875], [26.630859375, 48.26171875], [26.69921875, 48.349609375], [26.796875, 48.30078125], [26.787109375, 48.37890625], [26.85546875, 48.408203125], [26.923828125, 48.369140625], [27.03125, 48.369140625], [27.05078125, 48.408203125], [27.25585937500003, 48.37890625], [27.333984375, 48.447265625], [27.421875, 48.427734375], [27.578125, 48.486328125], [27.63671875, 48.447265625], [27.76367187499997, 48.45703125], [27.8125, 48.427734375], [27.94921875, 48.330078125], [28.06640625, 48.3203125], [28.095703125, 48.232421875], [28.1640625, 48.26171875], [28.193359375, 48.212890625], [28.232421875, 48.212890625], [28.33984375, 48.251953125], [28.369140625, 48.203125], [28.31054687500003, 48.14453125], [28.349609375, 48.134765625], [28.408203125, 48.173828125], [28.4375, 48.0859375], [28.564453125, 48.173828125], [28.798828125, 48.134765625], [28.84765625, 48.037109375], [28.974609375, 47.939453125], [29.033203125, 47.939453125], [29.12109375, 47.998046875], [29.1796875, 47.91015625], [29.23828125, 47.880859375], [29.18945312500003, 47.822265625], [29.19921875, 47.79296875], [29.24804687499999, 47.789713541666664], [29.19921875, 47.724609375], [29.19921875, 47.626953125], [29.130859375, 47.568359375], [29.140625, 47.509765625], [29.18945312500003, 47.44140625], [29.23828125, 47.4609375], [29.35546875, 47.3828125], [29.404296875, 47.294921875], [29.462890625, 47.294921875], [29.4921875, 47.353515625], [29.580078125, 47.32421875], [29.58984375, 47.265625], [29.55078125, 47.236328125], [29.5703125, 47.158203125], [29.501953125, 47.119140625], [29.53125, 47.080078125], [29.5703125, 47.109375], [29.609375, 47.08984375], [29.5703125, 46.962890625], [29.70703125, 46.923828125], [29.74609375, 46.875], [29.87304687499997, 46.865234375], [29.94140625, 46.81640625], [29.96093749999997, 46.58203125], [29.89257812500003, 46.54296875], [30.1171875, 46.40625], [29.833984375, 46.357421875], [29.7314453125, 46.4599609375]]]]}}, {"type": "Feature", "properties": {"FID": 39, "FIR_NAME": "IRKUTSK", "ICAO_CODE": "UIII", "TYPE": "FIR", "COUNTRY": "Russia"}, "geometry": {"type": "MultiPolygon", "coordinates": [[[[113.271484375, 59.4921875], [113.88671875, 59.326171875], [114.87955729166667, 59.612630208333336], [119.326171875, 58.424479166666664], [119.66796875, 56.689453125], [122.32421875, 55.504557291666664], [121.982421875, 54.00390625], [122.001953125, 53.935546875], [122.31770833333333, 53.499348958333336], [122.0703125, 53.41796875], [121.796875, 53.41796875], [121.494140625, 53.330078125], [121.337890625, 53.330078125], [121.220703125, 53.28125], [120.869140625, 53.291015625], [120.810546875, 53.232421875], [120.703125, 53.193359375], [120.625, 53.10546875], [120.458984375, 53.02734375], [120.263671875, 52.861328125], [120.01953125, 52.763671875], [120.01953125, 52.626953125], [120.05859375, 52.59765625], [120.205078125, 52.587890625], [120.439453125, 52.646484375], [120.693359375, 52.55859375], [120.712890625, 52.5390625], [120.625, 52.32421875], [120.751953125, 52.24609375], [120.76171875, 52.109375], [120.693359375, 52.060546875], [120.703125, 51.982421875], [120.634765625, 51.9140625], [120.48828125, 51.884765625], [120.166015625, 51.669921875], [120.087890625, 51.66015625], [120.048828125, 51.5625], [119.970703125, 51.494140625], [119.9609375, 51.416015625], [119.892578125, 51.376953125], [119.912109375, 51.34765625], [119.755859375, 51.2109375], [119.736328125, 51.083984375], [119.521484375, 50.91796875], [119.4921875, 50.7421875], [119.27734375, 50.5859375], [119.228515625, 50.439453125], [119.130859375, 50.400390625], [119.1796875, 50.3515625], [119.35546875, 50.341796875], [119.31640625, 50.224609375], [119.345703125, 50.15625], [119.228515625, 50.029296875], [119.072265625, 49.990234375], [118.642578125, 49.9609375], [118.505859375, 49.892578125], [118.466796875, 49.833984375], [118.388671875, 49.82421875], [118.349609375, 49.775390625], [118.232421875, 49.736328125], [118.02734375, 49.599609375], [117.890625, 49.560546875], [117.861328125, 49.521484375], [117.783203125, 49.521484375], [117.5, 49.62890625], [117.2265625, 49.638671875], [116.70247395833333, 49.833984375], [116.6015625, 49.94140625], [116.220703125, 50.0390625], [116.083984375, 50.01953125], [115.76171875, 49.892578125], [115.380859375, 49.912109375], [115.21484375, 49.990234375], [115.01953125, 50.15625], [114.833984375, 50.244140625], [114.6875, 50.2734375], [114.423828125, 50.25390625], [114.306640625, 50.29296875], [114.013671875, 50.185546875], [113.8671875, 50.087890625], [113.7890625, 50.09765625], [113.59375, 50.029296875], [113.203125, 49.82421875], [113.095703125, 49.6875], [113.076171875, 49.599609375], [112.998046875, 49.599609375], [112.744140625, 49.501953125], [112.48046875, 49.55078125], [111.97265625, 49.4140625], [111.669921875, 49.4140625], [111.5234375, 49.35546875], [111.376953125, 49.384765625], [110.8203125, 49.16015625], [110.64453125, 49.150390625], [110.458984375, 49.208984375], [110.400390625, 49.2578125], [110.263671875, 49.1796875], [109.833984375, 49.19921875], [109.736328125, 49.248046875], [109.521484375, 49.23828125], [109.462890625, 49.296875], [109.228515625, 49.365234375], [108.57421875, 49.3359375], [108.37890625, 49.43359375], [108.251953125, 49.55078125], [108.115234375, 49.5703125], [108.02734375, 49.62890625], [108.017578125, 49.677734375], [107.939453125, 49.6875], [107.978515625, 49.74609375], [107.94921875, 49.84375], [107.96875, 49.951171875], [107.79296875, 49.9609375], [107.744140625, 49.990234375], [107.373046875, 49.990234375], [107.314453125, 50.029296875], [107.236328125, 50.009765625], [107.08984375, 50.078125], [106.9921875, 50.21484375], [106.650390625, 50.3515625], [106.240234375, 50.302734375], [106.09375, 50.341796875], [105.9765625, 50.419921875], [105.625, 50.4296875], [105.302734375, 50.48828125], [105.126953125, 50.400390625], [104.931640625, 50.41015625], [104.84375, 50.37109375], [104.716796875, 50.37109375], [104.62890625, 50.322265625], [104.43359375, 50.322265625], [104.296875, 50.25390625], [104.248046875, 50.1953125], [104.12109375, 50.15625], [103.7890625, 50.205078125], [103.720703125, 50.146484375], [103.61328125, 50.146484375], [103.447265625, 50.21484375], [103.30078125, 50.205078125], [103.232421875, 50.3125], [102.900390625, 50.322265625], [102.783203125, 50.390625], [102.6171875, 50.419921875], [102.5, 50.537109375], [102.373046875, 50.546875], [102.314453125, 50.5859375], [102.28515625, 50.64453125], [102.34375, 50.7421875], [102.216796875, 50.83984375], [102.255859375, 50.8984375], [102.24609375, 50.99609375], [102.158203125, 51.1328125], [102.1484375, 51.25], [102.216796875, 51.30859375], [102.197265625, 51.34765625], [101.591796875, 51.494140625], [101.376953125, 51.455078125], [101.259765625, 51.533203125], [101.1328125, 51.54296875], [100.537109375, 51.748046875], [99.970703125, 51.748046875], [99.70703125, 51.904296875], [99.31640625, 51.953125], [99.23828125, 52.01171875], [99.013671875, 52.0703125], [98.99088541666667, 52.12890625], [98.984375, 53.0078125], [96.005859375, 54.013671875], [96.89453125, 54.912109375], [97.98828125, 55.9375], [97.529296875, 57.451171875], [100.751953125, 57.94921875], [102.490234375, 58.056640625], [104.462890625, 59.404296875], [106.650390625, 60.751953125], [108.01106770833333, 61.272786458333336], [108.7890625, 60.712890625], [109.86328125, 60.439453125], [111.60319010416667, 59.959309895833336], [111.87255859375, 59.89013671875], [112.1240234375, 59.8193359375], [112.42513020833333, 59.736328125], [112.7099609375, 59.656575520833336], [113.271484375, 59.4921875]]]]}}, {"type": "Feature", "properties": {"FID": 40, "FIR_NAME": "MIRNY", "ICAO_CODE": "UERR", "TYPE": "FIR", "COUNTRY": null}, "geometry": {"type": "MultiPolygon", "coordinates": [[[[114.87955729166667, 59.612630208333336], [113.88671875, 59.326171875], [113.271484375, 59.4921875], [112.7099609375, 59.656575520833336], [112.42513020833333, 59.736328125], [112.1240234375, 59.8193359375], [111.87255859375, 59.89013671875], [111.60319010416667, 59.959309895833336], [109.86328125, 60.439453125], [108.7890625, 60.712890625], [108.01106770833333, 61.272786458333336], [106.9921875, 62.01171875], [106.99544270833333, 65.5078125], [113.828125, 64.423828125], [116.40625, 63.056640625], [117.685546875, 61.42578125], [116.40625, 60.6640625], [114.87955729166667, 59.612630208333336]]]]}}, {"type": "Feature", "properties": {"FID": 41, "FIR_NAME": "SHANNON", "ICAO_CODE": "EISN", "TYPE": "FIR", "COUNTRY": "Ireland"}, "geometry": {"type": "MultiPolygon", "coordinates": [[[[-8.0078125, 51.002604166666664], [-15.009765625, 51.015625], [-15.0, 54.00390625], [-10.006510416666666, 54.583333333333336], [-9.0234375, 54.74609375], [-8.2421875, 55.341796875], [-7.294921875, 55.419921875], [-6.97265625, 55.33203125], [-8.154296875, 54.423828125], [-5.511067708333333, 53.92578125], [-5.5078125, 52.34375], [-8.0078125, 51.002604166666664]]]]}}, {"type": "Feature", "properties": {"FID": 42, "FIR_NAME": "SHANWICK OCEANIC", "ICAO_CODE": "EGGX", "TYPE": "FIR", "COUNTRY": null}, "geometry": {"type": "MultiPolygon", "coordinates": [[[[-10.006510416666666, 54.583333333333336], [-15.0, 54.00390625], [-15.009765625, 51.015625], [-8.0078125, 51.002604166666664], [-8.004557291666666, 48.84765625], [-8.0078125, 45.013020833333336], [-13.0078125, 45.006510416666664], [-30.009765625, 45.013020833333336], [-30.006510416666668, 61.002604166666664], [-10.009765625, 61.002604166666664], [-10.006510416666666, 54.583333333333336]]]]}}, {"type": "Feature", "properties": {"FID": 44, "FIR_NAME": "TORONTO", "ICAO_CODE": "CZYZ", "TYPE": "FIR", "COUNTRY": "Canada"}, "geometry": {"type": "MultiPolygon", "coordinates": [[[[-82.182459, 43.854036], [-82.5390625, 45.3515625], [-83.57421875, 45.810546875], [-83.59375, 45.83984375], [-83.44726562499999, 45.99609375], [-83.564453125, 46.103515625], [-83.662109375, 46.1328125], [-83.837890625, 46.123046875], [-83.955078125, 46.064453125], [-84.111328125, 46.25], [-84.15039062499999, 46.38671875], [-84.12109375, 46.494140625], [-84.140625, 46.533203125], [-84.228515625, 46.54296875], [-84.2578125, 46.50390625], [-84.384765625, 46.513671875], [-84.55078125, 46.46484375], [-84.765625, 46.640625], [-84.8828125, 46.904296875], [-87.01171875, 47.79296875], [-86.9921875, 49.55078125], [-84.95117187500001, 50.888671875], [-83.14453125, 52.01171875], [-81.58203125, 52.763671875], [-80.01302083333333, 53.470052083333336], [-79.58984375000001, 51.73828125], [-79.00390625, 49.013671875], [-79.00390625, 48.603515625], [-79.189453125, 48.564453125], [-79.43359375, 48.447265625], [-79.55078125, 48.291015625], [-79.560546875, 48.095703125], [-79.41406250000001, 47.900390625], [-79.22851562499999, 47.802734375], [-78.87695312499999, 47.763671875], [-78.564453125, 47.841796875], [-78.10546875, 47.548828125], [-77.55859374999999, 47.119140625], [-77.255859375, 46.943359375], [-77.24609375, 46.1328125], [-76.94335937499999, 45.966796875], [-76.26953125, 45.830078125], [-76.18815104166667, 44.254557291666664], [-76.42578125000001, 44.12109375], [-76.806640625, 43.639322916666664], [-78.75, 43.623046875], [-79.19921875, 43.447265625], [-79.0625, 43.251953125], [-79.072265625, 43.095703125], [-79.013671875, 43.06640625], [-79.033203125, 43.0078125], [-78.916015625, 42.939453125], [-78.935546875, 42.841796875], [-78.984375, 42.8125], [-80.10742187499999, 42.392578125], [-81.25, 42.216796875], [-82.373046875, 41.689453125], [-82.705078125, 41.689453125], [-83.076171875, 41.875], [-83.154296875, 42.041015625], [-83.134765625, 42.24609375], [-83.076171875, 42.32421875], [-82.84179687500001, 42.373046875], [-82.65625, 42.55859375], [-82.59765625, 42.55859375], [-82.51953125, 42.626953125], [-82.470703125, 42.7734375], [-82.49023437500001, 42.822265625], [-82.4609375, 42.939453125], [-82.12890624999999, 43.59375], [-82.182459, 43.854036]]]]}}, {"type": "Feature", "properties": {"FID": 45, "FIR_NAME": "MINNEAPOLIS", "ICAO_CODE": "KZMP", "TYPE": "FIR", "COUNTRY": "United States"}, "geometry": {"type": "MultiPolygon", "coordinates": [[[[-87.01171875, 47.79296875], [-84.8828125, 46.904296875], [-84.765625, 46.640625], [-84.55078125, 46.46484375], [-84.384765625, 46.513671875], [-84.2578125, 46.50390625], [-84.228515625, 46.54296875], [-84.140625, 46.533203125], [-84.12109375, 46.494140625], [-84.15039062499999, 46.38671875], [-84.111328125, 46.25], [-83.955078125, 46.064453125], [-83.837890625, 46.123046875], [-83.662109375, 46.1328125], [-83.564453125, 46.103515625], [-83.44726562499999, 45.99609375], [-83.59375, 45.83984375], [-83.57421875, 45.810546875], [-82.5390625, 45.3515625], [-82.182459, 43.854036], [-83.63247567395985, 43.7121891529034], [-84.963616, 43.586675], [-85.009765625, 43.502604166666664], [-84.963616, 43.586675], [-85.5506453673527, 43.614532493466015], [-86.07630343543524, 43.63985088665349], [-87.14843750000001, 43.69140625], [-87.548828125, 43.974609375], [-89.04296875, 44.228515625], [-89.560546875, 44.16015625], [-90.29296875, 44.16015625], [-91.71875, 42.734375], [-92.94921875, 42.79296875], [-93.017578125, 42.7734375], [-93.447265625, 41.748046875], [-93.515625, 41.42578125], [-93.603515625, 41.19140625], [-93.49283854166667, 40.540364583333336], [-98.81510416666667, 39.475911458333336], [-99.0625, 39.98046875], [-99.0234375, 42.01171875], [-100.1171875, 43.30078125], [-101.416015625, 43.720703125], [-101.50390625, 44.70703125], [-103.17708333333333, 44.973958333333336], [-103.173828125, 49.000651041666664], [-95.17578125, 49.00390625], [-95.15625, 49.375], [-94.951171875, 49.375], [-94.833984375, 49.31640625], [-94.6875, 48.896484375], [-94.697265625, 48.7890625], [-94.58984375, 48.720703125], [-94.306640625, 48.720703125], [-94.208984375, 48.65234375], [-93.8671875, 48.642578125], [-93.80859375, 48.583984375], [-93.80859375, 48.525390625], [-93.49609375, 48.544921875], [-93.45703125, 48.603515625], [-93.26171875, 48.65234375], [-92.96875, 48.6328125], [-92.744140625, 48.544921875], [-92.65625, 48.5546875], [-92.63671875, 48.515625], [-92.6953125, 48.505859375], [-92.71484375, 48.466796875], [-92.51953125, 48.45703125], [-92.4609375, 48.408203125], [-92.48046875, 48.359375], [-92.373046875, 48.232421875], [-92.28515625, 48.26171875], [-92.3046875, 48.330078125], [-92.275390625, 48.359375], [-92.0703125, 48.369140625], [-91.9921875, 48.26171875], [-91.865234375, 48.212890625], [-91.73828125, 48.212890625], [-91.69921875, 48.125], [-91.5771484375, 48.1103515625], [-91.572265625, 48.056640625], [-91.259765625, 48.0859375], [-91.07421875, 48.193359375], [-90.859375, 48.251953125], [-90.76171875, 48.10546875], [-90.09765625, 48.115234375], [-89.912109375, 47.998046875], [-89.736328125, 48.02734375], [-89.47265625, 48.017578125], [-89.33593749999999, 47.978515625], [-88.7109375, 48.2421875], [-88.36914062499999, 48.310546875], [-87.01171875, 47.79296875]]]]}}, {"type": "Feature", "properties": {"FID": 46, "FIR_NAME": "WIEN", "ICAO_CODE": "LOVV", "TYPE": "FIR", "COUNTRY": "Austria"}, "geometry": {"type": "MultiPolygon", "coordinates": [[[[16.930338541666668, 48.600260416666664], [16.85546875, 48.466796875], [16.8359375, 48.37890625], [16.943359375, 48.271484375], [16.97265625000003, 48.18359375], [17.080078125, 48.125], [17.12890625000001, 48.037109375], [17.08984375, 47.91015625], [17.03125, 47.87109375], [17.05078125, 47.7294921875], [16.748046875, 47.6953125], [16.70898437500003, 47.744140625], [16.552734375, 47.763671875], [16.5234375, 47.71484375], [16.42578124999997, 47.67578125], [16.640625, 47.63671875], [16.69921875, 47.548828125], [16.60156249999997, 47.431640625], [16.44531250000003, 47.412109375], [16.474609375, 47.275390625], [16.435546875, 47.255859375], [16.42578124999997, 47.20703125], [16.46484375, 47.158203125], [16.5234375, 47.1484375], [16.46484375, 47.099609375], [16.494140625, 47.0703125], [16.474609375, 47.0263671875], [16.279296875, 47.01171875], [16.129557291666668, 46.878255208333336], [15.986328124999972, 46.8359375], [15.986328124999972, 46.748046875], [16.025390625, 46.669921875], [15.888671875, 46.728515625], [15.810546874999972, 46.728515625], [15.654296875000028, 46.71875], [15.48828125, 46.62109375], [15.41015625, 46.66015625], [15.029296875, 46.66015625], [14.98046875, 46.62109375], [14.863281250000028, 46.62109375], [14.794921875, 46.513671875], [14.58984375, 46.4453125], [14.5703125, 46.396484375], [14.4140625, 46.455078125], [14.150390625, 46.4453125], [14.091796875, 46.494140625], [13.994140625, 46.494140625], [13.916015625, 46.533203125], [13.7109375, 46.5234375], [13.3984375, 46.58203125], [13.2421875, 46.5625], [13.095703125, 46.611328125], [12.83203125, 46.62109375], [12.7734375, 46.66015625], [12.421875, 46.69921875], [12.34375, 46.787109375], [12.275390625, 46.806640625], [12.294921874999972, 46.85546875], [12.231445312500014, 46.89453125], [12.1484375, 46.923828125], [12.119140624999972, 47.01171875], [12.226562500000028, 47.080078125], [12.16796875, 47.099609375], [11.7578125, 46.982421875], [11.630859375, 47.021484375], [11.474609375, 47.021484375], [11.42578125, 46.982421875], [11.181640625, 46.982421875], [11.09375, 46.9140625], [11.005859375, 46.77734375], [10.7568359375, 46.8115234375], [10.673828125, 46.884765625], [10.472005208333352, 46.868489583333336], [10.478515625, 46.943359375], [10.390625, 47.01171875], [10.292968750000028, 46.93359375], [10.25390625, 46.943359375], [10.205078125000028, 46.875], [10.097656249999972, 46.85546875], [9.8828125, 46.943359375], [9.853515625000028, 47.03125], [9.487304687499986, 47.0751953125], [9.4921875, 47.236328125], [9.609375, 47.373046875], [9.66796875, 47.392578125], [9.6484375, 47.4609375], [9.580078125, 47.48046875], [9.563802083333323, 47.535807291666664], [9.716796875, 47.5390625], [9.765625, 47.59765625], [9.8046875, 47.59765625], [9.84375, 47.548828125], [9.951171875, 47.548828125], [10.0, 47.490234375], [10.029296875000028, 47.5], [10.097656249999972, 47.44140625], [10.127641450991188, 47.379672012665196], [10.132406440999754, 47.369064631258226], [10.139160156250007, 47.35595703125], [10.322265625, 47.314453125], [10.4296875, 47.40234375], [10.458984375, 47.44140625], [10.454101562500014, 47.5634765625], [10.56640625, 47.548828125], [10.60546875, 47.578125], [10.76171875, 47.529296875], [10.888671874999972, 47.5244140625], [10.976562499999972, 47.40234375], [11.11328125, 47.40234375], [11.19140625, 47.44140625], [11.279296875, 47.412109375], [11.396484375, 47.4853515625], [11.416015624999972, 47.51953125], [11.5625, 47.51953125], [11.640625, 47.59765625], [12.1875, 47.6171875], [12.177734375, 47.705078125], [12.231445312500014, 47.7197265625], [12.431640625, 47.705078125], [12.509765625, 47.63671875], [12.724609375, 47.6953125], [12.802734375, 47.63671875], [12.802734375, 47.55859375], [12.98828125, 47.48046875], [13.046875, 47.509765625], [13.076171875, 47.646484375], [12.929687500000028, 47.783203125], [12.98828125, 47.841796875], [12.96875, 47.900390625], [12.744140625, 48.115234375], [12.87109375, 48.212890625], [13.359375, 48.349609375], [13.41796875, 48.3984375], [13.447265625, 48.57421875], [13.525390624999972, 48.59375], [13.720703125000028, 48.525390625], [13.818359375, 48.623046875], [13.821614583333334, 48.776041666666664], [13.994140625, 48.720703125], [14.052734374999972, 48.61328125], [14.345703125, 48.57421875], [14.423828125000028, 48.603515625], [14.453125, 48.65234375], [14.697265625, 48.59375], [14.716796875, 48.69140625], [14.794921875, 48.740234375], [14.82421875, 48.798828125], [14.946289062500014, 48.7841796875], [14.9853515625, 48.994140625], [15.126953125000028, 49.013671875], [15.17578125, 48.955078125], [15.25390625, 48.96484375], [15.283203124999972, 49.00390625], [15.361328125, 48.994140625], [15.68359375, 48.8671875], [15.830078125000028, 48.88671875], [16.064453125, 48.759765625], [16.376953125, 48.740234375], [16.455078125, 48.818359375], [16.54296875, 48.818359375], [16.640625, 48.798828125], [16.68945312499997, 48.740234375], [16.88476562500003, 48.73046875], [16.930338541666668, 48.600260416666664]]]]}}, {"type": "Feature", "properties": {"FID": 47, "FIR_NAME": "BRATISLAVA", "ICAO_CODE": "LZBB", "TYPE": "FIR", "COUNTRY": "Slovakia"}, "geometry": {"type": "MultiPolygon", "coordinates": [[[[17.12890625000001, 48.037109375], [17.080078125, 48.125], [16.97265625000003, 48.18359375], [16.943359375, 48.271484375], [16.8359375, 48.37890625], [16.85546875, 48.466796875], [16.930338541666668, 48.600260416666664], [17.04101562499997, 48.779296875], [17.1875, 48.876953125], [17.3828125, 48.828125], [17.451171875, 48.857421875], [17.55859375, 48.828125], [17.724609375, 48.8671875], [17.8125, 48.935546875], [17.880859375, 48.935546875], [17.93945312500003, 49.033203125], [18.06640625, 49.04296875], [18.125, 49.1015625], [18.212890625, 49.296875], [18.359375, 49.326171875], [18.55468750000003, 49.501953125], [18.759765625, 49.4921875], [18.84765625, 49.524739583333336], [18.9453125, 49.521484375], [18.984375, 49.404296875], [19.16015625, 49.404296875], [19.25781250000003, 49.53125], [19.3359375, 49.53125], [19.462890625, 49.609375], [19.6484375, 49.4140625], [19.78515625000003, 49.404296875], [19.8046875, 49.27734375], [19.765625, 49.23828125], [19.775390625, 49.208984375], [19.86328125, 49.19921875], [19.96093750000003, 49.23828125], [20.05859375, 49.1796875], [20.146484375, 49.31640625], [20.29296874999997, 49.35546875], [20.322265625, 49.404296875], [20.458984375, 49.4140625], [20.57617187500003, 49.384765625], [20.693359375, 49.423828125], [20.8984375, 49.306640625], [20.95703125, 49.306640625], [21.0693359375, 49.3798828125], [21.07421875, 49.43359375], [21.2109375, 49.4140625], [21.26953125, 49.462890625], [21.4453125, 49.4140625], [21.62109375, 49.443359375], [21.767578125, 49.365234375], [21.826171875, 49.39453125], [21.96289062499997, 49.3359375], [22.041015625, 49.208984375], [22.548828125, 49.088541666666664], [22.529296875, 49.013671875], [22.470703125, 48.994140625], [22.373046875, 48.857421875], [22.3828125, 48.80859375], [22.32421875, 48.69140625], [22.1484375, 48.57421875], [22.151692708333343, 48.421223958333336], [22.109375, 48.388671875], [21.7578125, 48.349609375], [21.69921874999997, 48.37890625], [21.6015625, 48.505859375], [21.533203125, 48.515625], [21.43554687499997, 48.583984375], [21.318359375, 48.564453125], [21.27929687500003, 48.515625], [21.220703125, 48.53515625], [21.142578125, 48.505859375], [20.947265625, 48.525390625], [20.830078125, 48.583984375], [20.66406250000003, 48.57421875], [20.5078125, 48.544921875], [20.37109375, 48.330078125], [20.29296874999997, 48.26171875], [20.146484375, 48.26171875], [20.11718749999997, 48.212890625], [19.921875, 48.134765625], [19.62890625, 48.2421875], [19.541015625, 48.22265625], [19.462890625, 48.095703125], [19.287109375, 48.0859375], [19.23828124999997, 48.056640625], [18.84765625, 48.056640625], [18.759765625, 47.978515625], [18.75, 47.919921875], [18.818359375, 47.83203125], [18.75, 47.822265625], [18.662109375, 47.763671875], [17.7734375, 47.75390625], [17.6171875, 47.83203125], [17.55859375, 47.83203125], [17.32421875000003, 48.0078125], [17.12890625000001, 48.037109375]]]]}}, {"type": "Feature", "properties": {"FID": 48, "FIR_NAME": "TURKMENBASHI", "ICAO_CODE": "UTAK", "TYPE": "FIR", "COUNTRY": "Turkmenistan"}, "geometry": {"type": "MultiPolygon", "coordinates": [[[[51.497395833333314, 41.998697916666664], [52.431640625, 41.748046875], [52.79296875, 42.021484375], [53.037109375, 42.158203125], [53.4765625, 42.28515625], [54.013671875, 42.36328125], [54.189453125, 42.34375], [54.765625, 42.060546875], [54.931640625, 41.93359375], [54.9609375, 41.904296875], [54.951171875, 41.826171875], [55.13671875, 41.640625], [55.224609375, 41.50390625], [55.37109375, 41.40625], [55.458984375, 41.2890625], [55.673828125, 41.279296875], [56.00097656250001, 41.337890625], [57.591145833333336, 40.325520833333336], [56.43554687500003, 40.05859375], [55.56640625, 39.296875], [55.458984375, 38.098958333333336], [55.20507812500003, 37.96875], [55.126953125, 37.958984375], [54.970703125, 37.822265625], [54.85351562500003, 37.7734375], [54.775390625, 37.646484375], [54.8046875, 37.607421875], [54.78515625, 37.529296875], [54.67773437500003, 37.451171875], [54.560546875, 37.4609375], [54.228515625, 37.333984375], [53.80859375, 37.373046875], [51.49088541666665, 37.884114583333336], [51.497395833333314, 41.998697916666664]]]]}}, {"type": "Feature", "properties": {"FID": 49, "FIR_NAME": "AKTOBE", "ICAO_CODE": "UATT", "TYPE": "FIR", "COUNTRY": "Kazakhstan"}, "geometry": {"type": "MultiPolygon", "coordinates": [[[[56.00097656250001, 41.337890625], [55.673828125, 41.279296875], [55.458984375, 41.2890625], [55.37109375, 41.40625], [55.224609375, 41.50390625], [55.13671875, 41.640625], [54.951171875, 41.826171875], [54.9609375, 41.904296875], [54.931640625, 41.93359375], [54.765625, 42.060546875], [54.189453125, 42.34375], [54.013671875, 42.36328125], [53.4765625, 42.28515625], [53.037109375, 42.158203125], [52.79296875, 42.021484375], [52.431640625, 41.748046875], [51.497395833333314, 41.998697916666664], [49.98046875, 42.63671875], [49.49218750000003, 42.8515625], [49.49218750000003, 45.9375], [49.423828125, 46.142578125], [49.423828125, 46.240234375], [48.916015625, 46.494140625], [48.818359375, 46.494140625], [48.7109375, 46.572265625], [48.564453125, 46.572265625], [48.544921875, 46.650390625], [48.486328125, 46.689453125], [48.50585937499997, 46.73828125], [48.57421875, 46.77734375], [48.68164062499997, 46.77734375], [48.759765625, 46.69921875], [48.828125, 46.69921875], [48.935546875, 46.708984375], [49.013671875, 46.787109375], [48.7109375, 47.109375], [48.5546875, 47.40234375], [48.427734375, 47.451171875], [48.18359375, 47.724609375], [48.046875, 47.79296875], [47.65625, 47.7734375], [47.431640625, 47.8515625], [47.40234375, 47.83203125], [47.40234375, 47.724609375], [47.373046875, 47.6953125], [47.12890625, 47.83203125], [47.16796875, 47.890625], [47.060546875, 47.998046875], [47.20703125000003, 48.0859375], [47.11914062500003, 48.115234375], [47.12890625, 48.18359375], [47.08984375, 48.22265625], [47.12890625, 48.251953125], [47.109375, 48.28125], [46.494140625, 48.427734375], [46.76757812500003, 48.935546875], [46.94335937500003, 49.013671875], [47.060546875, 49.150390625], [47.01171874999997, 49.248046875], [46.796875, 49.35546875], [46.92382812499997, 49.873046875], [47.1875, 49.951171875], [47.29492187500003, 50.0390625], [47.353515625, 50.09765625], [47.27539062499997, 50.185546875], [47.333984375, 50.244140625], [47.314453125, 50.302734375], [47.392578125, 50.322265625], [47.493489583333336, 50.44921875], [47.6171875, 50.46875], [47.939453125, 50.25390625], [48.125, 50.078125], [48.15429687499997, 49.98046875], [48.251953125, 49.873046875], [48.3203125, 49.8828125], [48.447265625, 49.82421875], [48.80859375, 49.951171875], [48.90625, 50.048828125], [48.85742187499997, 50.1171875], [48.78906250000003, 50.13671875], [48.798828125, 50.205078125], [48.73046875, 50.29296875], [48.69140625, 50.458984375], [48.69140625, 50.595703125], [48.59375, 50.625], [48.603515625, 50.6640625], [48.720703125, 50.615234375], [48.84765625, 50.60546875], [49.013671875, 50.68359375], [49.130859375, 50.791015625], [49.4140625, 50.849609375], [49.43359375, 50.91796875], [49.35546875, 50.986328125], [49.462890625, 51.1328125], [49.794921875, 51.11328125], [49.970703125, 51.240234375], [50.35156249999997, 51.318359375], [50.35156249999997, 51.376953125], [50.400390625, 51.435546875], [50.46875, 51.435546875], [50.546875, 51.484375], [50.537109375, 51.5625], [50.595703125, 51.6015625], [50.60546875, 51.650390625], [50.693359375, 51.630859375], [50.693359375, 51.58203125], [50.78125, 51.58203125], [50.81054687500003, 51.611328125], [50.751953125, 51.728515625], [50.78125, 51.77734375], [50.859375, 51.7578125], [50.91796875, 51.69921875], [51.25, 51.69921875], [51.30859375, 51.650390625], [51.376953125, 51.650390625], [51.376953125, 51.572265625], [51.259765625, 51.552734375], [51.298828125, 51.484375], [51.435546875, 51.474609375], [51.591796875, 51.552734375], [51.640625, 51.5234375], [51.650390625, 51.46484375], [51.708984375, 51.46484375], [51.796875, 51.513671875], [51.77734375000003, 51.6015625], [51.86523437500003, 51.6796875], [51.923828125, 51.69921875], [52.109375, 51.669921875], [52.177734375, 51.73828125], [52.294921875, 51.73828125], [52.314453125, 51.787109375], [52.36328125, 51.767578125], [52.37304687499997, 51.69921875], [52.54882812499997, 51.474609375], [52.67578125, 51.46484375], [52.7734375, 51.513671875], [52.94921875, 51.455078125], [53.02734375, 51.494140625], [53.134765625, 51.484375], [53.154296875, 51.5234375], [53.26171875, 51.494140625], [53.408203125, 51.50390625], [53.62304687500003, 51.396484375], [53.60351562499997, 51.30859375], [53.671875, 51.240234375], [53.92578125, 51.2109375], [54.04296874999997, 51.123046875], [54.12109375, 51.11328125], [54.16015625, 51.005859375], [54.208984375, 50.966796875], [54.30664062499997, 50.908203125], [54.4921875, 50.869140625], [54.39453124999997, 50.615234375], [54.4921875, 50.537109375], [54.599609375, 50.546875], [54.697265625, 50.615234375], [54.6484375, 50.72265625], [54.66796875, 50.87890625], [54.541015625, 50.927734375], [54.5556640625, 50.9619140625], [54.560546875, 51.025390625], [54.67773437500003, 51.044921875], [54.94140625000003, 50.908203125], [55.068359375, 50.908203125], [55.068359375, 50.83984375], [55.25390625, 50.712890625], [55.341796875, 50.6640625], [55.478515625, 50.673828125], [55.673828125, 50.537109375], [56.103515625, 50.7421875], [56.171875, 50.91796875], [56.337890625, 50.8984375], [56.3818359375, 50.9521484375], [56.4453125, 50.986328125], [56.43554687500003, 51.044921875], [56.484375, 51.083984375], [56.61132812500003, 50.99609375], [56.71875, 50.986328125], [56.69921875000003, 51.064453125], [56.7578125, 51.09375], [56.884765625, 51.064453125], [57.177734375, 51.11328125], [57.20703124999997, 51.044921875], [57.28515625, 51.015625], [57.36328125, 50.8984375], [57.49023437500003, 50.869140625], [57.578125, 50.9375], [57.734375, 50.91796875], [57.744140625, 51.083984375], [57.783203125, 51.123046875], [57.939453125, 51.083984375], [58.06640625, 51.103515625], [58.10546875000003, 51.064453125], [58.17382812499997, 51.064453125], [58.22265625, 51.1328125], [58.330078125, 51.162109375], [58.3984375, 51.083984375], [58.564453125, 51.07421875], [58.61328124999997, 51.03515625], [58.61328124999997, 50.9765625], [58.564453125, 50.91796875], [58.603515625, 50.869140625], [58.662109375, 50.869140625], [58.681640625, 50.80078125], [58.759765625, 50.810546875], [58.90625, 50.693359375], [59.22851562499997, 50.673828125], [59.287109375, 50.625], [59.462890625, 50.64453125], [59.5703125, 50.60546875], [59.560546875, 50.556640625], [59.462890625, 50.546875], [59.521484375, 50.48828125], [59.658203125, 50.546875], [59.8046875, 50.546875], [59.94140625, 50.693359375], [59.93164062499997, 50.771484375], [60.01953124999997, 50.869140625], [60.146484375, 50.859375], [60.19531249999997, 50.751953125], [60.3125, 50.693359375], [60.771484375, 50.6640625], [61.38671875, 50.791015625], [61.435546875, 50.8203125], [61.477864583333336, 50.966796875], [62.41210937500003, 50.390625], [62.67578125000003, 48.642578125], [64.51497395833334, 47.200520833333336], [61.728515625, 46.201171875], [60.123697916666686, 44.879557291666664], [58.69140625, 45.60546875], [56.005859375, 45.009765625], [56.00097656250001, 41.337890625]]]]}}, {"type": "Feature", "properties": {"FID": 50, "FIR_NAME": "ATLANTA", "ICAO_CODE": "KZTL", "TYPE": "FIR", "COUNTRY": "United States"}, "geometry": {"type": "MultiPolygon", "coordinates": [[[[-80.75846354166667, 37.317708333333336], [-80.625, 37.314453125], [-79.970703125, 36.181640625], [-79.75585937499999, 36.09375], [-79.8046875, 35.400390625], [-80.146484375, 34.866536458333336], [-81.35091145833333, 34.391276041666664], [-81.6796875, 34.2578125], [-81.845703125, 33.92578125], [-81.8359375, 32.96875], [-81.93359375, 32.578125], [-82.2265625, 32.301432291666664], [-82.66601562500001, 32.451171875], [-83.49609375, 32.12890625], [-83.876953125, 32.08984375], [-85.55989583333333, 31.754557291666668], [-86.953125, 31.50390625], [-87.412109375, 31.285807291666668], [-87.83203125, 31.533203125], [-88.330078125, 31.526692708333332], [-88.359375, 32.32421875], [-87.861328125, 32.6953125], [-87.98828125, 33.056640625], [-87.63671875, 33.330078125], [-87.55859375, 34.013671875], [-87.24934895833333, 34.114583333333336], [-86.70898437500001, 34.111328125], [-86.19140625, 34.384765625], [-86.08398437499999, 34.638671875], [-85.9375, 34.814453125], [-85.498046875, 34.853515625], [-85.244140625, 35.400390625], [-85.29622395833333, 35.654296875], [-85.39713541666667, 36.18815104166667], [-80.75846354166667, 37.317708333333336]]]]}}, {"type": "Feature", "properties": {"FID": 51, "FIR_NAME": "SAMARA", "ICAO_CODE": "UWWW", "TYPE": "FIR", "COUNTRY": "Russia"}, "geometry": {"type": "MultiPolygon", "coordinates": [[[[53.65234375, 56.500651041666664], [56.09049479166668, 56.507161458333336], [57.880859375, 55.709635416666664], [58.642578125, 54.208984375], [58.28125, 53.880208333333336], [57.568359375, 53.271484375], [58.310546875, 52.587890625], [60.060546875, 51.951171875], [60.30273437500003, 51.8359375], [60.48828125, 51.806640625], [60.37109374999997, 51.6796875], [60.576171875, 51.630859375], [60.91796875000003, 51.630859375], [60.927734375, 51.5625], [61.015625, 51.484375], [61.494140625, 51.435546875], [61.552734375, 51.337890625], [61.640625, 51.2744140625], [61.53320312500003, 51.2109375], [61.477864583333336, 50.966796875], [61.435546875, 50.8203125], [61.38671875, 50.791015625], [60.771484375, 50.6640625], [60.3125, 50.693359375], [60.19531249999997, 50.751953125], [60.146484375, 50.859375], [60.01953124999997, 50.869140625], [59.93164062499997, 50.771484375], [59.94140625, 50.693359375], [59.8046875, 50.546875], [59.658203125, 50.546875], [59.521484375, 50.48828125], [59.462890625, 50.546875], [59.560546875, 50.556640625], [59.5703125, 50.60546875], [59.462890625, 50.64453125], [59.287109375, 50.625], [59.22851562499997, 50.673828125], [58.90625, 50.693359375], [58.759765625, 50.810546875], [58.681640625, 50.80078125], [58.662109375, 50.869140625], [58.603515625, 50.869140625], [58.564453125, 50.91796875], [58.61328124999997, 50.9765625], [58.61328124999997, 51.03515625], [58.564453125, 51.07421875], [58.3984375, 51.083984375], [58.330078125, 51.162109375], [58.22265625, 51.1328125], [58.17382812499997, 51.064453125], [58.10546875000003, 51.064453125], [58.06640625, 51.103515625], [57.939453125, 51.083984375], [57.783203125, 51.123046875], [57.744140625, 51.083984375], [57.734375, 50.91796875], [57.578125, 50.9375], [57.49023437500003, 50.869140625], [57.36328125, 50.8984375], [57.28515625, 51.015625], [57.20703124999997, 51.044921875], [57.177734375, 51.11328125], [56.884765625, 51.064453125], [56.7578125, 51.09375], [56.69921875000003, 51.064453125], [56.71875, 50.986328125], [56.61132812500003, 50.99609375], [56.484375, 51.083984375], [56.43554687500003, 51.044921875], [56.4453125, 50.986328125], [56.3818359375, 50.9521484375], [56.337890625, 50.8984375], [56.171875, 50.91796875], [56.103515625, 50.7421875], [55.673828125, 50.537109375], [55.478515625, 50.673828125], [55.341796875, 50.6640625], [55.25390625, 50.712890625], [55.068359375, 50.83984375], [55.068359375, 50.908203125], [54.94140625000003, 50.908203125], [54.67773437500003, 51.044921875], [54.560546875, 51.025390625], [54.5556640625, 50.9619140625], [54.541015625, 50.927734375], [54.66796875, 50.87890625], [54.6484375, 50.72265625], [54.697265625, 50.615234375], [54.599609375, 50.546875], [54.4921875, 50.537109375], [54.39453124999997, 50.615234375], [54.4921875, 50.869140625], [54.30664062499997, 50.908203125], [54.208984375, 50.966796875], [54.16015625, 51.005859375], [54.12109375, 51.11328125], [54.04296874999997, 51.123046875], [53.92578125, 51.2109375], [53.671875, 51.240234375], [53.60351562499997, 51.30859375], [53.62304687500003, 51.396484375], [53.408203125, 51.50390625], [53.26171875, 51.494140625], [53.154296875, 51.5234375], [53.134765625, 51.484375], [53.02734375, 51.494140625], [52.94921875, 51.455078125], [52.7734375, 51.513671875], [52.67578125, 51.46484375], [52.54882812499997, 51.474609375], [52.37304687499997, 51.69921875], [52.36328125, 51.767578125], [52.314453125, 51.787109375], [52.294921875, 51.73828125], [52.177734375, 51.73828125], [52.109375, 51.669921875], [51.923828125, 51.69921875], [51.86523437500003, 51.6796875], [51.77734375000003, 51.6015625], [51.796875, 51.513671875], [51.708984375, 51.46484375], [51.650390625, 51.46484375], [51.640625, 51.5234375], [51.591796875, 51.552734375], [51.435546875, 51.474609375], [51.298828125, 51.484375], [51.259765625, 51.552734375], [51.376953125, 51.572265625], [51.376953125, 51.650390625], [51.30859375, 51.650390625], [51.25, 51.69921875], [50.91796875, 51.69921875], [50.859375, 51.7578125], [50.78125, 51.77734375], [50.751953125, 51.728515625], [50.81054687500003, 51.611328125], [50.78125, 51.58203125], [50.693359375, 51.58203125], [50.693359375, 51.630859375], [50.60546875, 51.650390625], [50.595703125, 51.6015625], [50.537109375, 51.5625], [50.546875, 51.484375], [50.46875, 51.435546875], [50.400390625, 51.435546875], [50.35156249999997, 51.376953125], [50.35156249999997, 51.318359375], [49.970703125, 51.240234375], [49.794921875, 51.11328125], [49.462890625, 51.1328125], [49.35546875, 50.986328125], [49.43359375, 50.91796875], [49.4140625, 50.849609375], [49.130859375, 50.791015625], [49.013671875, 50.68359375], [48.84765625, 50.60546875], [48.720703125, 50.615234375], [48.603515625, 50.6640625], [48.59375, 50.625], [48.69140625, 50.595703125], [48.69140625, 50.458984375], [48.73046875, 50.29296875], [48.798828125, 50.205078125], [48.78906250000003, 50.13671875], [48.85742187499997, 50.1171875], [48.90625, 50.048828125], [48.80859375, 49.951171875], [48.447265625, 49.82421875], [48.3203125, 49.8828125], [48.251953125, 49.873046875], [48.15429687499997, 49.98046875], [48.125, 50.078125], [47.939453125, 50.25390625], [47.6171875, 50.46875], [47.493489583333336, 50.44921875], [45.771484375, 50.625], [44.9609375, 51.2109375], [43.77929687500003, 51.11328125], [43.030598958333336, 50.764973958333336], [42.578125, 51.533203125], [42.861328125, 52.34375], [42.46093750000003, 53.49609375], [43.86718750000003, 54.6484375], [46.572265625, 54.827473958333336], [48.30078125, 54.873046875], [53.232421875, 54.43359375], [53.65234375, 56.500651041666664]]]]}}, {"type": "Feature", "properties": {"FID": 52, "FIR_NAME": "PERM", "ICAO_CODE": "USPP", "TYPE": "FIR", "COUNTRY": "Russia"}, "geometry": {"type": "MultiPolygon", "coordinates": [[[[56.09049479166668, 56.507161458333336], [53.65234375, 56.500651041666664], [52.197265625, 56.429036458333336], [52.177734375, 57.4609375], [51.9921875, 60.006510416666664], [55.71289062499997, 60.72265625], [57.216796875, 61.168619791666664], [58.603515625, 57.861328125], [56.97265625, 57.421875], [56.09049479166668, 56.507161458333336]]]]}}, {"type": "Feature", "properties": {"FID": 53, "FIR_NAME": "TIRANA", "ICAO_CODE": "LAAA", "TYPE": "FIR", "COUNTRY": "Albania"}, "geometry": {"type": "MultiPolygon", "coordinates": [[[[20.317382812500014, 39.9951171875], [20.41015625, 39.84375], [20.38085937499997, 39.794921875], [20.302734375, 39.814453125], [20.3125, 39.736328125], [20.20507812499997, 39.658203125], [20.0, 39.697265625], [19.94140624999997, 39.873046875], [19.755859375, 39.990234375], [19.638671875, 39.990234375], [19.45, 40.0], [18.997395833333353, 40.41015625], [18.99414062500003, 40.771484375], [18.863932291666668, 41.142578125], [19.1796875, 41.6015625], [19.339779045199684, 41.83370112978792], [19.355749929325714, 41.87320805367862], [19.358723958333332, 41.940104166666664], [19.39453125, 42.109375], [19.287109375, 42.197265625], [19.658203125, 42.63671875], [19.716796875, 42.666015625], [19.760742187499986, 42.5927734375], [19.755859375, 42.51953125], [19.8046875, 42.48046875], [19.98046875, 42.51953125], [20.04882812500003, 42.568359375], [20.146484375, 42.51953125], [20.20507812499997, 42.451171875], [20.244140625, 42.333984375], [20.33203125, 42.333984375], [20.44921875, 42.28515625], [20.517578125, 42.216796875], [20.595703125, 42.041015625], [20.602213541666675, 41.920572916666664], [20.55664062499997, 41.796875], [20.5078125, 41.748046875], [20.546875, 41.591796875], [20.458984375, 41.552734375], [20.498046875, 41.455078125], [20.55664062499997, 41.416015625], [20.498046875000014, 41.3330078125], [20.52734375, 41.2109375], [20.5859375, 41.15234375], [20.57617187500003, 41.123046875], [20.60546875, 41.09375], [20.64453124999997, 41.103515625], [20.68359375, 41.0546875], [20.73242187499997, 40.91796875], [20.9375, 40.927734375], [20.979817708333332, 40.869140625], [20.966796875, 40.771484375], [21.044921875, 40.68359375], [21.03515625, 40.576171875], [20.9375, 40.46875], [20.83984375000003, 40.478515625], [20.78125, 40.4296875], [20.78125, 40.37109375], [20.703125, 40.283203125], [20.712890625, 40.224609375], [20.654296875, 40.09765625], [20.439453125, 40.078125], [20.38085937499997, 40.0], [20.317382812500014, 39.9951171875]]]]}}, {"type": "Feature", "properties": {"FID": 54, "FIR_NAME": "ATHINAI", "ICAO_CODE": "LGGG", "TYPE": "FIR", "COUNTRY": "Greece"}, "geometry": {"type": "MultiPolygon", "coordinates": [[[[18.997395833333353, 40.41015625], [19.45, 40.0], [19.638671875, 39.990234375], [19.755859375, 39.990234375], [19.94140624999997, 39.873046875], [20.0, 39.697265625], [20.20507812499997, 39.658203125], [20.3125, 39.736328125], [20.302734375, 39.814453125], [20.38085937499997, 39.794921875], [20.41015625, 39.84375], [20.317382812500014, 39.9951171875], [20.38085937499997, 40.0], [20.439453125, 40.078125], [20.654296875, 40.09765625], [20.712890625, 40.224609375], [20.703125, 40.283203125], [20.78125, 40.37109375], [20.78125, 40.4296875], [20.83984375000003, 40.478515625], [20.9375, 40.46875], [21.03515625, 40.576171875], [21.044921875, 40.68359375], [20.966796875, 40.771484375], [20.979817708333332, 40.869140625], [21.337890625, 40.87890625], [21.416015625, 40.927734375], [21.58203125, 40.87890625], [21.69921874999997, 40.947265625], [21.77734375, 40.9375], [21.943359375, 41.123046875], [22.05078124999997, 41.162109375], [22.12890625, 41.1328125], [22.1875, 41.171875], [22.265625, 41.171875], [22.578125, 41.123046875], [22.66601562499997, 41.19140625], [22.724609375, 41.15234375], [22.77343750000003, 41.337890625], [22.955729166666675, 41.360677083333336], [23.19335937499997, 41.328125], [23.291015625, 41.416015625], [23.33984375, 41.376953125], [23.408203125, 41.416015625], [23.63281249999997, 41.38671875], [23.662109375, 41.416015625], [23.759765625, 41.40625], [23.90625, 41.474609375], [24.052734375, 41.46484375], [24.08203125, 41.552734375], [24.17968750000003, 41.533203125], [24.26757812500003, 41.572265625], [24.306640625, 41.533203125], [24.44335937500003, 41.533203125], [24.53125, 41.572265625], [24.609375, 41.435546875], [24.697265625, 41.435546875], [24.77539062499997, 41.3671875], [24.90234375, 41.416015625], [25.1171875, 41.34765625], [25.263671875, 41.25], [25.4345703125, 41.2890625], [25.556640625, 41.328125], [25.703125, 41.30859375], [25.7861328125, 41.337890625], [25.91796874999997, 41.318359375], [26.1328125, 41.3671875], [26.18164062499997, 41.4453125], [26.1669921875, 41.494140625], [26.1328125, 41.630859375], [26.064453125, 41.669921875], [26.064453125, 41.708984375], [26.162109375, 41.7578125], [26.337890625, 41.722005208333336], [26.591796875, 41.611328125], [26.630859375, 41.3671875], [26.6015625, 41.337890625], [26.5234375, 41.34765625], [26.396484375, 41.259765625], [26.337890625, 41.26953125], [26.318359375, 41.181640625], [26.318359375, 41.07421875], [26.3671875, 41.025390625], [26.34765625, 40.966796875], [26.220703125, 40.888671875], [26.103515625, 40.7421875], [26.00585937499997, 40.72265625], [25.869140625, 40.625], [25.908203125, 40.517578125], [25.888671875, 40.458984375], [25.83007812499997, 40.37109375], [25.625, 40.3125], [25.576171875, 40.185546875], [25.58593750000003, 40.107421875], [25.76171875000003, 39.4921875], [25.9765625, 39.375], [26.328125, 39.43359375], [26.416015625, 39.4140625], [26.689453125, 39.08203125], [26.689453125, 38.984375], [26.30859375, 38.662109375], [26.298828125, 38.4765625], [26.220703125, 38.33984375], [26.19140625, 38.18359375], [26.30859375, 38.10546875], [27.001953125, 37.861328125], [27.12890625, 37.763671875], [26.97265624999997, 37.646484375], [27.177734375, 37.255859375], [27.14843749999997, 37.060546875], [27.177734375, 36.9921875], [27.2265625, 36.943359375], [27.41210937499997, 36.9140625], [27.294921875, 36.767578125], [27.275390625, 36.66015625], [27.51953125000003, 36.5234375], [27.841796875, 36.69921875], [28.056640625, 36.494140625], [28.349609375, 36.54296875], [29.384765625, 36.15234375], [29.462890625, 36.19140625], [29.580078125, 36.171875], [29.638671875, 36.123046875], [29.990234375, 36.09375], [29.986979166666675, 33.518880208333336], [27.216796875, 34.00390625], [24.176432291666657, 33.994140625], [23.528645833333332, 34.348958333333336], [18.99414062500001, 36.507161458333336], [18.990885416666686, 38.88671875], [18.997395833333353, 40.41015625]]]]}}, {"type": "Feature", "properties": {"FID": 55, "FIR_NAME": "SANKT-PETERBURG", "ICAO_CODE": "ULLL", "TYPE": "FIR", "COUNTRY": "Russia"}, "geometry": {"type": "MultiPolygon", "coordinates": [[[[28.1787109375, 59.3701171875], [28.02734374999997, 59.482421875], [27.58789062499997, 59.62890625], [25.888671875, 59.892578125], [26.572265625, 60.146484375], [27.4609375, 60.224609375], [27.822265625, 60.56640625], [29.51171875, 61.484375], [29.66796875, 61.533203125], [30.3515625, 62.01171875], [31.240234375, 62.509765625], [31.36718749999997, 62.65625], [31.4453125, 62.802734375], [31.552734375, 62.890625], [31.5625, 62.919921875], [31.47460937500003, 63.017578125], [31.27929687499997, 63.115234375], [31.21093750000003, 63.232421875], [30.791015625, 63.408203125], [30.498046875, 63.4765625], [30.0, 63.740234375], [30.25390625, 63.828125], [30.361328125, 63.92578125], [30.546875, 64.0234375], [30.60546875, 64.1015625], [30.546875, 64.169921875], [30.546875, 64.248046875], [30.322265625, 64.3359375], [30.126953125, 64.365234375], [30.04882812499997, 64.4140625], [30.078125, 64.482421875], [30.009765625, 64.51171875], [29.98046875000003, 64.580078125], [30.1953125, 64.658203125], [30.1171875, 64.736328125], [30.1171875, 64.78515625], [29.775390625, 64.814453125], [29.619140625, 64.951171875], [29.619140625, 65.068359375], [29.84375, 65.126953125], [29.82421875, 65.166015625], [29.853515625, 65.21484375], [29.58984375, 65.25390625], [29.736328125, 65.3515625], [29.736328125, 65.517578125], [29.833984375, 65.5712890625], [29.74609375, 65.64453125], [29.98046875000003, 65.693359375], [30.107421875, 65.673828125], [30.126953125, 65.72265625], [29.921875, 66.103515625], [29.69726562499997, 66.26953125], [29.609375, 66.40299479166667], [35.1171875, 66.337890625], [36.624348958333336, 66.00260416666667], [35.17578125, 65.068359375], [35.9765625, 64.5703125], [36.416015625, 63.8671875], [37.28515625, 61.34765625], [36.611328125, 61.25], [35.615234375, 60.849609375], [35.9765625, 59.39453125], [35.813802083333336, 58.597005208333336], [34.4921875, 58.18359375], [32.578125, 57.36328125], [31.171875, 56.923828125], [30.859375, 55.6103515625], [30.814859289751123, 55.61005969097268], [30.75181632609575, 55.61342198236764], [30.69549794523028, 55.62771172079619], [30.64002013721355, 55.68571124735914], [30.557643998037193, 55.75884108519937], [30.406901041666657, 55.807291666666664], [30.25390625, 55.859375], [30.04882812499997, 55.83984375], [29.945706964155697, 55.83869550582953], [29.81584821428572, 55.816127232142854], [29.5703125, 55.7421875], [29.51171875, 55.693359375], [29.40234375, 55.775390625], [29.379160864106055, 55.79330457199766], [29.385885446895962, 55.84373894292196], [29.401015758173255, 55.8908110224513], [29.374117427013626, 55.95805685035037], [29.283854166666675, 55.99609375], [29.01367187500003, 56.03515625], [28.83789062500003, 55.95703125], [28.740234375, 55.970052083333336], [28.73046874999997, 56.044921875], [28.524169921874996, 56.09619140625], [28.487313071594677, 56.09591079754344], [28.431835263577945, 56.09254850614849], [28.359545998586448, 56.0774181948712], [28.30238704487224, 56.08750506905606], [28.225054342788315, 56.12112798300559], [28.1640625, 56.1865234375], [28.232421875, 56.298828125], [28.13476562500003, 56.5087890625], [28.135113047973313, 56.5313275331899], [28.144359349309433, 56.54645784446719], [28.14688106785565, 56.56495044713944], [28.13595362082205, 56.571675029929345], [28.099808988326302, 56.575037321324295], [28.067867220074245, 56.58008075841673], [28.03508487897345, 56.59184877829906], [28.022476286242377, 56.607819662425094], [28.01407055775499, 56.64228314922336], [28.01154883920878, 56.681790073114065], [27.977925925259242, 56.70112324863505], [27.945143584158448, 56.721296997004764], [27.919926398696298, 56.74231131822322], [27.920766971545035, 56.75828220234926], [27.932534991427374, 56.773412513626546], [27.96363618683069, 56.797789126239955], [27.982128789502934, 56.81460058321472], [27.97876649810798, 56.83141204018949], [27.956071031192046, 56.837296050130654], [27.927491554334942, 56.842339487223086], [27.88966577614172, 56.848223497164255], [27.854361716494708, 56.863353808441545], [27.81653593830148, 56.86839724553398], [27.761058130284752, 56.86167266274407], [27.70221803087307, 56.84654235146678], [27.66187053413363, 56.8557886528029], [27.664392252679843, 56.8885709939037], [27.724609375, 56.953125], [27.738362663368815, 56.96926598738256], [27.74508724615872, 56.99112088144976], [27.736681517671336, 57.00541061987831], [27.727435216335216, 57.03314952388668], [27.736681517671336, 57.06341014644126], [27.749290110402413, 57.105438788878175], [27.775347868713304, 57.126453110096634], [27.81065192836031, 57.15503258695374], [27.83250682242751, 57.188655500903266], [27.855202289343445, 57.227321851945234], [27.861926872133353, 57.307176272575376], [27.825782239637604, 57.32146601100393], [27.691290583839468, 57.38534954750804], [27.60471158041942, 57.4130884515164], [27.55511778234386, 57.43662449128108], [27.53914689821783, 57.4635228224407], [27.55343663664638, 57.524044067549866], [27.529296875, 57.5390625], [27.4296875, 57.529296875], [27.43164062500003, 57.705078125], [27.561035156250007, 57.77587890625], [27.78320312500003, 57.8515625], [27.798043335629238, 57.862794925591444], [27.8081302098141, 57.87372237262504], [27.805608491267883, 57.88464981965864], [27.780391305805733, 57.89893955808719], [27.758536411738536, 57.9056641408771], [27.694652875234425, 57.92667846209556], [27.688768865293255, 57.95357679325518], [27.69129058383947, 57.99980829993579], [27.66102996128489, 58.01493861121308], [27.628247620184094, 58.03090949533911], [27.61059559036059, 58.088909021902055], [27.53872661179346, 58.1483795509503], [27.47400250244061, 58.20806022321072], [27.4609375, 58.30078125], [27.5, 58.326822916666664], [27.5390625, 58.369140625], [27.531161456154816, 58.441739475159984], [27.45887219116332, 58.65020154164709], [27.431640625, 58.7158203125], [27.373046875, 58.759765625], [27.381539489079394, 58.79562064447882], [27.425249277213787, 58.816634965697276], [27.49837911505402, 58.87715621080644], [27.60742187500003, 58.935546875], [27.734375, 59.00390625], [27.910156250000014, 59.248046875], [28.125, 59.296875], [28.1787109375, 59.3701171875]]]]}}, {"type": "Feature", "properties": {"FID": 56, "FIR_NAME": "TALLINN", "ICAO_CODE": "EETT", "TYPE": "FIR", "COUNTRY": "Estonia"}, "geometry": {"type": "MultiPolygon", "coordinates": [[[[25.888671875, 59.892578125], [27.58789062499997, 59.62890625], [28.02734374999997, 59.482421875], [28.1787109375, 59.3701171875], [28.125, 59.296875], [27.910156250000014, 59.248046875], [27.734375, 59.00390625], [27.60742187500003, 58.935546875], [27.49837911505402, 58.87715621080644], [27.425249277213787, 58.816634965697276], [27.381539489079394, 58.79562064447882], [27.373046875, 58.759765625], [27.431640625, 58.7158203125], [27.45887219116332, 58.65020154164709], [27.531161456154816, 58.441739475159984], [27.5390625, 58.369140625], [27.5, 58.326822916666664], [27.4609375, 58.30078125], [27.47400250244061, 58.20806022321072], [27.53872661179346, 58.1483795509503], [27.61059559036059, 58.088909021902055], [27.628247620184094, 58.03090949533911], [27.66102996128489, 58.01493861121308], [27.69129058383947, 57.99980829993579], [27.688768865293255, 57.95357679325518], [27.694652875234425, 57.92667846209556], [27.758536411738536, 57.9056641408771], [27.780391305805733, 57.89893955808719], [27.805608491267883, 57.88464981965864], [27.8081302098141, 57.87372237262504], [27.798043335629238, 57.862794925591444], [27.78320312500003, 57.8515625], [27.561035156250007, 57.77587890625], [27.43164062500003, 57.705078125], [27.4296875, 57.529296875], [27.08007812500003, 57.568359375], [26.953125, 57.63671875], [26.865234375, 57.63671875], [26.826171875, 57.587890625], [26.69921875, 57.587890625], [26.50390625, 57.529296875], [26.455078125, 57.578125], [26.28906250000003, 57.6171875], [26.15234375, 57.744140625], [26.03515625, 57.783203125], [26.015625, 57.861328125], [25.791015625, 57.87109375], [25.74218749999997, 57.939453125], [25.60546875, 57.9296875], [25.556640625, 57.978515625], [25.47851562499997, 57.98828125], [25.283203125, 58.095703125], [25.263671875, 58.06640625], [25.29296875, 58.017578125], [25.244140625, 57.998046875], [25.15625, 58.0859375], [25.107421875, 58.0859375], [24.833984375, 57.98828125], [24.74609375, 58.0078125], [24.697265625, 57.958984375], [24.541015625, 57.958984375], [24.4140625, 57.880859375], [24.306640625, 57.880859375], [24.2578125, 57.919921875], [23.61328125, 57.91015625], [23.642578125, 57.783203125], [23.583984375, 57.685546875], [23.408203125, 57.59765625], [23.1640625, 57.59765625], [22.6953125, 57.94921875], [22.548828125, 57.9296875], [22.1484375, 57.783203125], [21.89453125000003, 57.75390625], [21.708984375, 57.79296875], [21.6015625, 57.900390625], [21.45507812500003, 58.134765625], [20.641276041666647, 58.41796875], [20.989583333333325, 59.000651041666664], [22.71484375, 59.423828125], [24.86328124999997, 59.892578125], [25.4296875, 59.921875], [25.888671875, 59.892578125]]]]}}, {"type": "Feature", "properties": {"FID": 57, "FIR_NAME": "BRISBANE", "ICAO_CODE": "YBBB", "TYPE": "FIR", "COUNTRY": "Australia"}, "geometry": {"type": "MultiPolygon", "coordinates": [[[[162.98502604166666, -44.993489583333336], [150.0, -44.990234375], [150.0, -44.55078125], [150.6640625, -43.837890625], [150.99609375, -42.998046875], [150.3125, -38.1640625], [150.7421875, -36.953125], [151.142578125, -36.904296875], [151.58203125, -36.777343749999986], [152.109375, -36.474609375], [152.353515625, -36.259765625000014], [152.55859375, -36.025390625], [152.75390625, -35.722656249999986], [152.919921875, -35.341796875], [152.880859375, -35.2734375], [151.826171875, -34.462890625], [152.001953125, -34.238281250000014], [152.060546875, -34.052734374999986], [152.05078125, -33.759765625], [151.982421875, -33.603515625], [151.8359375, -33.427734375], [151.71875, -33.330078125], [151.572265625, -33.261718749999986], [151.2890625, -33.193359375], [151.03515625, -33.193359375], [150.869140625, -33.232421875], [150.517578125, -33.41796875], [148.876953125, -32.138671875], [146.5234375, -28.994140625], [143.486328125, -28.994140625], [138.37890625, -26.230468749999986], [136.650390625, -22.333984375], [136.123046875, -21.455078125], [131.845703125, -21.19140625], [128.45703125, -23.212890625], [126.552734375, -23.359375], [126.03515625, -23.369140625], [124.541015625, -21.513671875], [121.6796875, -20.05859375], [120.302734375, -19.04296875], [115.21484375, -14.208984375], [115.1171875, -14.08203125], [114.4873046875, -11.9921875], [123.330078125, -11.992187499999986], [126.81966145833333, -9.326171875], [134.990234375, -6.992187500000014], [139.658203125, -9.82421875], [140.986328125, -9.82421875], [140.99934895833334, -9.599609375], [142.041015625, -9.2578125], [142.841796875, -9.306640625], [143.818359375, -9.130859375], [143.896484375, -9.150390625], [144.21875, -9.384765625], [144.08203125, -9.94140625], [143.92578125, -10.205078125], [144.04296875, -10.927734375], [144.0234375, -11.494140625], [144.0625, -11.708984375], [144.00390625, -11.992187499999986], [154.98697916666666, -11.9921875], [155.0, -13.994140625], [161.25, -13.997395833333334], [162.998046875, -17.666015625], [163.00130208333334, -29.990234375], [162.98502604166666, -44.993489583333336]]]]}}, {"type": "Feature", "properties": {"FID": 58, "FIR_NAME": "BOGOTA", "ICAO_CODE": "SKED", "TYPE": "FIR", "COUNTRY": "Colombia"}, "geometry": {"type": "MultiPolygon", "coordinates": [[[[-77.1728515625, 7.9541015625], [-77.20703124999999, 7.998046875], [-77.265625, 8.18359375], [-77.373046875, 8.30078125], [-77.412109375, 8.466796875], [-77.490234375, 8.486328125], [-77.421875, 8.587239583333334], [-74.794921875, 7.626953125], [-72.67578125, 8.645833333333334], [-72.392578125, 8.369140625], [-72.392578125, 8.251953125], [-72.333984375, 8.134765625], [-72.333984375, 8.06640625], [-72.392578125, 8.056640625], [-72.48046875, 7.958984375], [-72.451171875, 7.822265625], [-72.48046875, 7.744140625], [-72.48046875, 7.5], [-72.40234375, 7.412109375], [-72.19726562499999, 7.392578125], [-72.158203125, 7.34375], [-72.16796875, 7.24609375], [-72.138671875, 7.16796875], [-72.001953125, 7.021484375], [-71.884765625, 6.9921875], [-71.7822265625, 7.021484375], [-71.650390625, 7.0703125], [-71.59179687500001, 7.041015625], [-71.298828125, 7.041015625], [-71.26953125, 6.9921875], [-71.171875, 6.97265625], [-71.1328125, 7.001953125], [-71.015625, 6.9921875], [-70.8984375, 7.080078125], [-70.703125, 7.109375], [-70.56640625, 7.08984375], [-70.517578125, 7.021484375], [-70.3125, 6.943359375], [-70.13671875, 6.982421875], [-69.462890625, 6.15234375], [-69.4140625, 6.1328125], [-69.3359375, 6.162109375], [-69.27734375, 6.09375], [-69.21875, 6.09375], [-69.072265625, 6.220703125], [-68.6328125, 6.142578125], [-68.45703125, 6.201171875], [-68.3203125, 6.171875], [-68.15429687499999, 6.23046875], [-67.96875, 6.220703125], [-67.83203125, 6.318359375], [-67.587890625, 6.279296875], [-67.470703125, 6.19140625], [-67.5, 6.123046875], [-67.421875, 5.99609375], [-67.62695312499999, 5.80078125], [-67.65625, 5.732421875], [-67.62695312499999, 5.56640625], [-67.646484375, 5.498046875], [-67.80273437499999, 5.400390625], [-67.861328125, 5.3125], [-67.822265625, 5.234375], [-67.83203125, 5.107421875], [-67.80273437499999, 5.048828125], [-67.880859375, 4.53125], [-67.80273437499999, 4.443359375], [-67.783203125, 4.345703125], [-67.8125, 4.228515625], [-67.705078125, 4.04296875], [-67.6953125, 3.935546875], [-67.62695312499999, 3.76953125], [-67.490234375, 3.720703125], [-67.40234375, 3.515625], [-67.3046875, 3.447265625], [-67.294921875, 3.3984375], [-67.392578125, 3.271484375], [-67.44140625, 3.26171875], [-67.841796875, 2.880859375], [-67.8466796875, 2.8271484375], [-67.75390625, 2.841796875], [-67.62695312499999, 2.8125], [-67.568359375, 2.685546875], [-67.51953125, 2.685546875], [-67.294921875, 2.451171875], [-67.19726562500001, 2.392578125], [-67.177734375, 2.333984375], [-67.2265625, 2.28515625], [-67.216796875, 2.236328125], [-67.119140625, 2.109375], [-67.138671875, 1.9921875], [-67.0703125, 1.89453125], [-66.982421875, 1.66015625], [-66.943359375, 1.435546875], [-66.89453125, 1.376953125], [-66.89127604166667, 1.233723958333333], [-67.08984375, 1.19140625], [-67.060546875, 1.50390625], [-67.080078125, 1.640625], [-67.353515625, 2.12890625], [-67.44140625, 2.1484375], [-67.578125, 2.0703125], [-67.79296875, 1.806640625], [-67.919921875, 1.748046875], [-68.0078125, 1.767578125], [-68.095703125, 1.93359375], [-68.193359375, 1.9873046875], [-68.271484375, 1.845703125], [-68.18359375, 1.7431640625], [-69.404296875, 1.73828125], [-69.56054687499999, 1.787109375], [-69.62890625, 1.748046875], [-69.84375, 1.71875], [-69.853515625, 1.083984375], [-69.82421874999999, 1.064453125], [-69.74609375000001, 1.103515625], [-69.70703125, 1.064453125], [-69.599609375, 1.083984375], [-69.453125, 1.064453125], [-69.423828125, 1.03515625], [-69.365234375, 1.07421875], [-69.287109375, 1.0546875], [-69.150390625, 0.869140625], [-69.1796875, 0.83984375], [-69.16015625, 0.771484375], [-69.189453125, 0.732421875], [-69.13085937500001, 0.64453125], [-69.23828125, 0.625], [-69.296875, 0.6640625], [-69.365234375, 0.654296875], [-69.443359375, 0.732421875], [-69.501953125, 0.7421875], [-69.609375, 0.654296875], [-69.6875, 0.68359375], [-69.8046875, 0.60546875], [-70.0439453125, 0.5810546875], [-70.068359375, -0.136718750000014], [-69.921875, -0.3125], [-69.86328125, -0.322265625], [-69.74609375000001, -0.44921875], [-69.609375, -0.517578125], [-69.580078125, -0.64453125], [-69.62890625, -0.732421875], [-69.541015625, -0.908203125], [-69.443359375, -0.99609375], [-69.443359375, -1.083984375], [-69.38476562499999, -1.171875], [-69.38476562499999, -1.367187500000014], [-69.443359375, -1.416015625], [-69.47265624999999, -1.494140625], [-69.501953125, -1.787109375], [-69.95442708333333, -4.19921875], [-70.13671875, -4.0625], [-70.17578124999999, -3.9453125], [-70.33203125, -3.7890625], [-70.380859375, -3.779296875], [-70.517578125, -3.857421875], [-70.72265625, -3.759765625], [-70.05859375, -2.724609375], [-70.068359375, -2.666015625], [-70.126953125, -2.6953125], [-70.244140625, -2.548828125], [-70.33203125, -2.568359375], [-70.29296875, -2.5], [-70.35156249999999, -2.48046875], [-70.419921875, -2.509765625000014], [-70.5419921875, -2.4365234375], [-70.53710937500001, -2.48046875], [-70.56640625, -2.490234375], [-70.61523437499999, -2.412109374999986], [-70.6640625, -2.392578125], [-70.673828125, -2.34375], [-70.80078125000001, -2.28515625], [-70.869140625, -2.216796875], [-70.927734375, -2.246093750000014], [-70.96679687499999, -2.216796875], [-70.99609375, -2.294921875], [-71.09375, -2.294921875], [-71.15234375000001, -2.36328125], [-71.279296875, -2.353515625], [-71.357421875, -2.3828125], [-71.42578125, -2.275390625], [-71.46484375, -2.34375], [-71.5234375, -2.2265625], [-71.630859375, -2.197265625], [-71.67968750000001, -2.216796875], [-71.689453125, -2.158203125000014], [-71.71875, -2.148437499999986], [-71.826171875, -2.236328124999986], [-71.8359375, -2.294921875], [-71.904296875, -2.373046875], [-72.02148437499999, -2.353515625], [-72.109375, -2.4609375], [-72.19726562499999, -2.44140625], [-72.216796875, -2.490234375], [-72.255859375, -2.4609375], [-72.32421875, -2.48046875], [-72.37304687499999, -2.421875], [-72.5390625, -2.431640625], [-72.59765625, -2.40234375], [-72.64648437500001, -2.490234375], [-72.685546875, -2.431640625], [-72.75390625, -2.431640625], [-72.82226562500001, -2.490234375], [-72.890625, -2.490234375], [-72.94921875, -2.392578125], [-72.99804687500001, -2.3828125], [-73.02734375, -2.412109374999986], [-73.056640625, -2.353515625], [-73.125, -2.314453125], [-73.134765625, -2.236328124999986], [-73.08593750000001, -2.20703125], [-73.06640625, -2.12890625], [-73.10546875, -2.041015625], [-73.095703125, -1.9140625], [-73.14453125, -1.894531250000014], [-73.134765625, -1.85546875], [-73.203125, -1.796875], [-73.3203125, -1.865234375], [-73.505859375, -1.748046875], [-73.486328125, -1.630859375000014], [-73.447265625, -1.6015625], [-73.5546875, -1.445312499999986], [-73.564453125, -1.367187500000014], [-73.662109375, -1.269531249999986], [-73.7109375, -1.279296875000014], [-73.740234375, -1.240234375], [-73.759765625, -1.279296875000014], [-73.837890625, -1.259765625], [-73.87695312500001, -1.15234375], [-73.935546875, -1.162109375], [-74.013671875, -1.11328125], [-74.0234375, -1.03515625], [-74.1015625, -1.064453125], [-74.248046875, -1.005859374999986], [-74.296875, -0.908203125], [-74.248046875, -0.859375], [-74.35546875, -0.742187499999986], [-74.35546875, -0.634765625], [-74.4140625, -0.517578125], [-74.48242187499999, -0.5078125], [-74.609375, -0.380859375], [-74.6484375, -0.400390625000014], [-74.677734375, -0.341796875], [-74.70703125, -0.361328125], [-74.75585937500001, -0.224609375000014], [-74.794921875, -0.1953125], [-74.873046875, -0.224609375000014], [-74.94140625, -0.1953125], [-75.0, -0.1171875], [-75.19531250000001, -0.01953125], [-75.224609375, -0.078125], [-75.29947916666667, -0.113932291666667], [-75.60546875, 0.05859375], [-75.751953125, 0.0390625], [-75.91796875, 0.166015625], [-76.0546875, 0.341796875], [-76.103515625, 0.322265625], [-76.123046875, 0.380859375], [-76.2890625, 0.4296875], [-76.33789062500001, 0.380859375], [-76.41601562499999, 0.390625], [-76.41601562499999, 0.25390625], [-76.5625, 0.224609375], [-76.71875, 0.29296875], [-76.73828125, 0.244140625], [-76.884765625, 0.244140625], [-76.94335937499999, 0.302734375], [-77.021484375, 0.302734375], [-77.099609375, 0.37109375], [-77.21679687500001, 0.341796875], [-77.36328125, 0.380859375], [-77.431640625, 0.419921875], [-77.451171875, 0.64453125], [-77.64648437499999, 0.72265625], [-77.6953125, 0.849609375], [-77.83203125000001, 0.810546875], [-77.91992187500001, 0.888671875], [-78.08593749999999, 0.908203125], [-78.251953125, 1.03515625], [-78.34960937499999, 1.064453125], [-78.4765625, 1.201171875], [-78.564453125, 1.2109375], [-78.603515625, 1.26953125], [-78.671875, 1.279296875], [-78.828125, 1.4453125], [-82.919921875, 1.429036458333333], [-82.91666666666667, 4.541015625], [-80.009765625, 4.51171875], [-79.0625, 6.26953125], [-78.78906249999999, 6.474609375], [-78.330078125, 6.71875], [-78.251953125, 6.796875], [-77.900390625, 7.2265625], [-77.82226562499999, 7.470703125], [-77.74414062500001, 7.5], [-77.724609375, 7.55859375], [-77.763671875, 7.6171875], [-77.75390625, 7.724609375], [-77.67578125, 7.67578125], [-77.59765625, 7.529296875], [-77.4951171875, 7.607421875], [-77.333984375, 7.71484375], [-77.373046875, 7.79296875], [-77.314453125, 7.900390625], [-77.1728515625, 7.9541015625]]]]}}, {"type": "Feature", "properties": {"FID": 59, "FIR_NAME": "PANAMA", "ICAO_CODE": "MPZL", "TYPE": "FIR", "COUNTRY": "Panama"}, "geometry": {"type": "MultiPolygon", "coordinates": [[[[-77.421875, 8.587239583333334], [-77.490234375, 8.486328125], [-77.412109375, 8.466796875], [-77.373046875, 8.30078125], [-77.265625, 8.18359375], [-77.20703124999999, 7.998046875], [-77.1728515625, 7.9541015625], [-77.314453125, 7.900390625], [-77.373046875, 7.79296875], [-77.333984375, 7.71484375], [-77.4951171875, 7.607421875], [-77.59765625, 7.529296875], [-77.67578125, 7.67578125], [-77.75390625, 7.724609375], [-77.763671875, 7.6171875], [-77.724609375, 7.55859375], [-77.74414062500001, 7.5], [-77.82226562499999, 7.470703125], [-77.900390625, 7.2265625], [-78.251953125, 6.796875], [-78.330078125, 6.71875], [-78.78906249999999, 6.474609375], [-79.0625, 6.26953125], [-80.009765625, 4.51171875], [-82.91666666666667, 4.541015625], [-82.92968750000001, 7.5], [-82.890625, 8.10546875], [-82.939453125, 8.26171875], [-83.046875, 8.330078125], [-82.83203124999999, 8.486328125], [-82.84179687500001, 8.642578125], [-82.91992187499999, 8.76953125], [-82.861328125, 8.84765625], [-82.7734375, 8.876953125], [-82.71484375, 8.935546875], [-82.7734375, 9.00390625], [-82.939453125, 9.091796875], [-82.939453125, 9.47265625], [-82.8515625, 9.51171875], [-82.87109375, 9.58984375], [-82.84179687500001, 9.619140625], [-82.65625, 9.501953125], [-82.6171875, 9.501953125], [-82.56835937499999, 9.560546875], [-82.822265625, 12.919921875], [-82.25260416666667, 15.009765625], [-77.421875, 15.006510416666666], [-77.421875, 8.587239583333334]]]]}}, {"type": "Feature", "properties": {"FID": 60, "FIR_NAME": "YANGON", "ICAO_CODE": "VYYF", "TYPE": "FIR", "COUNTRY": "Myanmar"}, "geometry": {"type": "MultiPolygon", "coordinates": [[[[98.0517578125, 19.8095703125], [98.02734375, 19.658203125], [97.861328125, 19.5703125], [97.87109375, 19.501953125], [97.79296875, 19.4140625], [97.83203125, 19.306640625], [97.783203125, 19.27734375], [97.83203125, 19.228515625], [97.83203125, 19.111328125], [97.67578125, 18.935546875], [97.744140625, 18.8671875], [97.7734375, 18.583984375], [97.626953125, 18.564453125], [97.529296875, 18.49609375], [97.44140625, 18.49609375], [97.36328125, 18.5546875], [97.44140625, 18.408203125], [97.44140625, 18.33984375], [97.509765625, 18.271484375], [97.55859375, 18.330078125], [97.63671875, 18.291015625], [97.607421875, 18.2421875], [97.685546875, 18.14453125], [97.685546875, 18.076171875], [97.744140625, 17.98828125], [97.67578125, 17.87109375], [97.783203125, 17.6953125], [98.0078125, 17.509765625], [98.046875, 17.421875], [98.115234375, 17.373046875], [98.10546875, 17.333984375], [98.310546875, 17.1044921875], [98.349609375, 17.05078125], [98.408203125, 17.060546875], [98.5302734375, 16.8798828125], [98.505859375, 16.845703125], [98.53515625, 16.81640625], [98.4765625, 16.73828125], [98.515625, 16.66015625], [98.583984375, 16.611328125], [98.583984375, 16.5625], [98.65234375, 16.46484375], [98.681640625, 16.298828125], [98.7109375, 16.2890625], [98.818359375, 16.396484375], [98.84765625, 16.474609375], [98.92578125, 16.38671875], [98.916015625, 16.2890625], [98.828125, 16.123046875], [98.681640625, 16.1328125], [98.6328125, 16.0546875], [98.57421875, 16.0546875], [98.603515625, 15.99609375], [98.5546875, 15.615234375], [98.59375, 15.46875], [98.583984375, 15.37109375], [98.427734375, 15.37109375], [98.3984375, 15.2734375], [98.310546875, 15.302734375], [98.251953125, 15.234375], [98.203125, 15.224609375], [98.18359375, 15.09765625], [98.22265625, 15.05859375], [98.251953125, 14.82421875], [98.310546875, 14.7265625], [98.447265625, 14.609375], [98.603515625, 14.3359375], [98.9453125, 14.1015625], [99.0234375, 13.955078125], [99.111328125, 13.876953125], [99.12109375, 13.779296875], [99.169921875, 13.73046875], [99.208984375, 13.22265625], [99.12109375, 13.18359375], [99.111328125, 13.056640625], [99.189453125, 12.978515625], [99.169921875, 12.919921875], [99.23828125, 12.783203125], [99.228515625, 12.744140625], [99.43359375, 12.578125], [99.404296875, 12.470703125], [99.4921875, 12.197265625], [99.47265625, 12.1484375], [99.560546875, 12.138671875], [99.541015625, 12.041015625], [99.58984375, 12.001953125], [99.5703125, 11.904296875], [99.6484375, 11.826171875], [99.5703125, 11.650390625], [99.462890625, 11.62109375], [99.462890625, 11.5234375], [99.326171875, 11.328125], [99.228515625, 11.11328125], [99.091796875, 11.005859375], [99.072265625, 10.95703125], [99.013671875, 10.966796875], [99.013671875, 10.859375], [98.84765625, 10.771484375], [98.779296875, 10.68359375], [98.76953125, 10.625], [98.818359375, 10.537109375], [98.7939453125, 10.4736328125], [98.57421875, 10.0], [96.50390625, 10.006510416666666], [94.41731770833333, 10.009765625], [94.404296875, 13.49609375], [91.98893229166667, 14.016927083333334], [91.98893229166667, 21.002604166666668], [92.509765625, 21.93359375], [92.59114583333333, 22.001953125], [92.67578125, 22.041015625], [92.705078125, 22.158203125], [92.802734375, 22.109375], [92.880859375, 22.03125], [92.890625, 21.97265625], [92.9296875, 22.03125], [92.98828125, 22.001953125], [93.037109375, 22.197265625], [93.14453125, 22.197265625], [93.14453125, 22.236328125], [93.193359375, 22.265625], [93.173828125, 22.451171875], [93.115234375, 22.529296875], [93.125, 22.6171875], [93.0859375, 22.724609375], [93.10546875, 22.861328125], [93.154296875, 22.9296875], [93.125, 23.046875], [93.193359375, 23.06640625], [93.271484375, 23.0078125], [93.37890625, 23.14453125], [93.359375, 23.349609375], [93.3984375, 23.388671875], [93.427734375, 23.69140625], [93.388671875, 23.740234375], [93.37890625, 23.92578125], [93.3203125, 23.994140625], [93.330078125, 24.08203125], [93.388671875, 24.091796875], [93.4765625, 23.974609375], [93.59375, 23.984375], [93.623046875, 24.0234375], [93.75, 24.013671875], [93.80859375, 23.9453125], [93.916015625, 23.96484375], [94.12109375, 23.857421875], [94.150390625, 23.8671875], [94.306640625, 24.326171875], [94.384765625, 24.423828125], [94.43359375, 24.560546875], [94.521484375, 24.638671875], [94.53125, 24.70703125], [94.609375, 24.755859375], [94.7265625, 25.029296875], [94.7265625, 25.13671875], [94.5703125, 25.205078125], [94.5703125, 25.29296875], [94.619140625, 25.400390625], [94.736328125, 25.5078125], [94.775390625, 25.498046875], [95.029296875, 25.751953125], [95.009765625, 25.91796875], [95.166015625, 26.0546875], [95.166015625, 26.083984375], [95.107421875, 26.11328125], [95.107421875, 26.2109375], [95.05859375, 26.318359375], [95.087890625, 26.396484375], [95.05859375, 26.484375], [95.146484375, 26.58203125], [95.13671875, 26.62109375], [95.224609375, 26.6796875], [95.2734375, 26.650390625], [95.4296875, 26.708984375], [95.5078125, 26.826171875], [95.60546875, 26.826171875], [95.64453125, 26.89453125], [95.72265625, 26.904296875], [95.78125, 26.9921875], [95.888671875, 27.021484375], [96.025390625, 27.197265625], [96.181640625, 27.275390625], [96.533203125, 27.3046875], [96.6015625, 27.373046875], [96.650390625, 27.34375], [96.728515625, 27.373046875], [96.826171875, 27.314453125], [96.89453125, 27.177734375], [97.05078125, 27.099609375], [97.12890625, 27.099609375], [97.1484375, 27.1484375], [97.119140625, 27.197265625], [96.904296875, 27.451171875], [96.875, 27.59765625], [97.021484375, 27.75390625], [97.0703125, 27.75390625], [97.255859375, 27.919921875], [97.314453125, 27.890625], [97.36328125, 27.91015625], [97.3828125, 28.017578125], [97.314453125, 28.095703125], [97.34049479166667, 28.22916666666666], [97.412109375, 28.30078125], [97.470703125, 28.310546875], [97.4609375, 28.388671875], [97.548828125, 28.5546875], [97.626953125, 28.49609375], [97.6953125, 28.525390625], [97.802734375, 28.349609375], [97.890625, 28.388671875], [98.0078125, 28.28125], [98.017578125, 28.212890625], [98.056640625, 28.22265625], [98.14453125, 28.14453125], [98.125, 27.978515625], [98.193359375, 27.9296875], [98.1640625, 27.87109375], [98.212890625, 27.83203125], [98.22265625, 27.734375], [98.3203125, 27.5390625], [98.41796875, 27.578125], [98.427734375, 27.685546875], [98.544921875, 27.666015625], [98.59375, 27.607421875], [98.662109375, 27.626953125], [98.701171875, 27.578125], [98.681640625, 27.451171875], [98.73046875, 27.32421875], [98.681640625, 27.216796875], [98.701171875, 27.109375], [98.759765625, 27.0703125], [98.73046875, 27.01171875], [98.73046875, 26.865234375], [98.76953125, 26.806640625], [98.76953125, 26.611328125], [98.740234375, 26.572265625], [98.740234375, 26.40625], [98.662109375, 26.2890625], [98.720703125, 26.2109375], [98.701171875, 26.1328125], [98.65234375, 26.11328125], [98.623046875, 26.15234375], [98.564453125, 26.103515625], [98.59375, 26.005859375], [98.662109375, 25.95703125], [98.7109375, 25.869140625], [98.6328125, 25.810546875], [98.525390625, 25.849609375], [98.388671875, 25.6640625], [98.37890625, 25.595703125], [98.3203125, 25.556640625], [98.1640625, 25.625], [98.154296875, 25.537109375], [98.115234375, 25.498046875], [98.125, 25.41015625], [98.06640625, 25.322265625], [97.919921875, 25.21484375], [97.8515625, 25.2734375], [97.822265625, 25.263671875], [97.783203125, 25.13671875], [97.71484375, 25.078125], [97.724609375, 24.94140625], [97.79296875, 24.853515625], [97.666015625, 24.833984375], [97.548828125, 24.74609375], [97.55859375, 24.5703125], [97.529296875, 24.47265625], [97.5390625, 24.443359375], [97.666015625, 24.443359375], [97.705078125, 24.365234375], [97.65625, 24.326171875], [97.75390625, 24.267578125], [97.724609375, 24.23828125], [97.734375, 24.140625], [97.529296875, 23.955078125], [97.5390625, 23.935546875], [97.666015625, 23.876953125], [97.841796875, 23.96484375], [97.91015625, 24.033203125], [98.193359375, 24.130859375], [98.369140625, 24.111328125], [98.515625, 24.140625], [98.61328125, 24.091796875], [98.88671875, 24.16015625], [98.896484375, 24.111328125], [98.857421875, 24.072265625], [98.69140625, 23.974609375], [98.69140625, 23.818359375], [98.818359375, 23.759765625], [98.818359375, 23.701171875], [98.876953125, 23.61328125], [98.798828125, 23.544921875], [98.828125, 23.486328125], [98.896484375, 23.466796875], [98.9013671875, 23.3447265625], [98.935546875, 23.310546875], [98.876953125, 23.203125], [99.0380859375, 23.1591796875], [99.1796875, 23.10546875], [99.345703125, 23.14453125], [99.501953125, 23.095703125], [99.51171875, 23.0078125], [99.560546875, 22.958984375], [99.55078125, 22.919921875], [99.443359375, 22.94921875], [99.423828125, 22.8515625], [99.326171875, 22.75390625], [99.375, 22.6171875], [99.375, 22.5], [99.2578125, 22.392578125], [99.267578125, 22.353515625], [99.1796875, 22.1826171875], [99.189453125, 22.138671875], [99.3359375, 22.099609375], [99.462890625, 22.138671875], [99.501953125, 22.109375], [99.6484375, 22.099609375], [99.697265625, 22.05078125], [99.74609375, 22.080078125], [99.833984375, 22.03125], [99.8828125, 22.0703125], [99.94140625, 22.060546875], [99.98046875, 21.9921875], [99.931640625, 21.845703125], [99.970703125, 21.728515625], [100.0, 21.69921875], [100.1171875, 21.69921875], [100.166015625, 21.66015625], [100.107421875, 21.6015625], [100.107421875, 21.533203125], [100.1953125, 21.4453125], [100.361328125, 21.54296875], [100.419921875, 21.533203125], [100.46875, 21.46484375], [100.576171875, 21.455078125], [100.6640625, 21.484375], [100.87890625, 21.689453125], [100.986328125, 21.708984375], [101.09375, 21.77734375], [101.162109375, 21.640625], [101.15885416666667, 21.559244791666668], [101.083984375, 21.46484375], [100.869140625, 21.328125], [100.712890625, 21.298828125], [100.673828125, 21.142578125], [100.517578125, 20.966796875], [100.517578125, 20.87890625], [100.625, 20.8984375], [100.634765625, 20.869140625], [100.537109375, 20.810546875], [100.361328125, 20.830078125], [100.283203125, 20.78125], [100.166015625, 20.634765625], [100.13671875, 20.458984375], [100.08463541666667, 20.358072916666668], [99.951171875, 20.458984375], [99.873046875, 20.439453125], [99.78515625, 20.33203125], [99.58984375, 20.33203125], [99.453125, 20.390625], [99.501953125, 20.25390625], [99.55078125, 20.21484375], [99.541015625, 20.166015625], [99.35546875, 20.078125], [99.189453125, 20.13671875], [99.072265625, 20.107421875], [99.013671875, 19.931640625], [99.033203125, 19.853515625], [98.984375, 19.78515625], [98.916015625, 19.755859375], [98.837890625, 19.82421875], [98.76953125, 19.765625], [98.662109375, 19.755859375], [98.5546875, 19.6875], [98.486328125, 19.716796875], [98.251953125, 19.677734375], [98.212890625, 19.736328125], [98.0517578125, 19.8095703125]]]]}}, {"type": "Feature", "properties": {"FID": 61, "FIR_NAME": "BANGKOK", "ICAO_CODE": "VTBB", "TYPE": "FIR", "COUNTRY": "Thailand"}, "geometry": {"type": "MultiPolygon", "coordinates": [[[[97.36328125, 18.5546875], [97.44140625, 18.49609375], [97.529296875, 18.49609375], [97.626953125, 18.564453125], [97.7734375, 18.583984375], [97.744140625, 18.8671875], [97.67578125, 18.935546875], [97.83203125, 19.111328125], [97.83203125, 19.228515625], [97.783203125, 19.27734375], [97.83203125, 19.306640625], [97.79296875, 19.4140625], [97.87109375, 19.501953125], [97.861328125, 19.5703125], [98.02734375, 19.658203125], [98.0517578125, 19.8095703125], [98.212890625, 19.736328125], [98.251953125, 19.677734375], [98.486328125, 19.716796875], [98.5546875, 19.6875], [98.662109375, 19.755859375], [98.76953125, 19.765625], [98.837890625, 19.82421875], [98.916015625, 19.755859375], [98.984375, 19.78515625], [99.033203125, 19.853515625], [99.013671875, 19.931640625], [99.072265625, 20.107421875], [99.189453125, 20.13671875], [99.35546875, 20.078125], [99.541015625, 20.166015625], [99.55078125, 20.21484375], [99.501953125, 20.25390625], [99.453125, 20.390625], [99.58984375, 20.33203125], [99.78515625, 20.33203125], [99.873046875, 20.439453125], [99.951171875, 20.458984375], [100.08463541666667, 20.358072916666668], [100.087890625, 20.2734375], [100.15625, 20.244140625], [100.21484375, 20.3515625], [100.3125, 20.400390625], [100.478515625, 20.17578125], [100.56640625, 20.15625], [100.5078125, 19.892578125], [100.400390625, 19.775390625], [100.498046875, 19.53125], [100.576171875, 19.501953125], [100.64453125, 19.560546875], [100.771484375, 19.4921875], [100.8984375, 19.62890625], [101.025390625, 19.62890625], [101.09375, 19.580078125], [101.240234375, 19.599609375], [101.279296875, 19.55078125], [101.26953125, 19.4921875], [101.201171875, 19.453125], [101.19140625, 19.375], [101.23046875, 19.3359375], [101.25, 19.140625], [101.34765625, 19.04296875], [101.240234375, 18.876953125], [101.25, 18.7890625], [101.220703125, 18.73046875], [101.259765625, 18.681640625], [101.0546875, 18.45703125], [101.064453125, 18.408203125], [101.171875, 18.33984375], [101.142578125, 18.291015625], [101.181640625, 18.203125], [101.181640625, 18.056640625], [101.015625, 17.890625], [101.025390625, 17.841796875], [100.986328125, 17.8125], [100.95703125, 17.666015625], [100.908203125, 17.6171875], [100.927734375, 17.568359375], [100.986328125, 17.568359375], [101.15234375, 17.470703125], [101.435546875, 17.744140625], [101.552734375, 17.783203125], [101.572265625, 17.861328125], [101.71875, 17.919921875], [101.77734375, 18.06640625], [101.89453125, 18.037109375], [102.080078125, 18.22265625], [102.1484375, 18.212890625], [102.3046875, 18.046875], [102.451171875, 17.978515625], [102.578125, 17.96875], [102.607421875, 17.939453125], [102.587890625, 17.8515625], [102.666015625, 17.8125], [102.685546875, 17.880859375], [102.861328125, 17.98828125], [103.02734375, 17.98828125], [103.06640625, 18.037109375], [103.056640625, 18.125], [103.14453125, 18.18359375], [103.1640625, 18.251953125], [103.28125, 18.30078125], [103.232421875, 18.359375], [103.30078125, 18.427734375], [103.515625, 18.427734375], [103.69140625, 18.33984375], [103.7890625, 18.349609375], [103.857421875, 18.291015625], [103.9453125, 18.33984375], [104.00390625, 18.30078125], [104.111328125, 18.095703125], [104.21875, 17.98828125], [104.248046875, 17.890625], [104.35546875, 17.8125], [104.404296875, 17.71484375], [104.482421875, 17.63671875], [104.66796875, 17.548828125], [104.794921875, 17.412109375], [104.8046875, 17.197265625], [104.736328125, 17.03125], [104.736328125, 16.904296875], [104.765625, 16.865234375], [104.736328125, 16.806640625], [104.765625, 16.728515625], [104.736328125, 16.54296875], [105.0, 16.26953125], [105.05859375, 16.11328125], [105.1953125, 16.0546875], [105.400390625, 16.025390625], [105.419921875, 16.005859375], [105.341796875, 15.947265625], [105.400390625, 15.80078125], [105.439453125, 15.76171875], [105.56640625, 15.751953125], [105.634765625, 15.6640625], [105.595703125, 15.439453125], [105.46875, 15.37109375], [105.498046875, 15.33203125], [105.56640625, 15.33203125], [105.5859375, 15.283203125], [105.478515625, 15.205078125], [105.458984375, 15.126953125], [105.60546875, 14.990234375], [105.546875, 14.951171875], [105.56640625, 14.90234375], [105.5078125, 14.82421875], [105.52734375, 14.560546875], [105.4345703125, 14.4384765625], [105.205078125, 14.352213541666666], [105.107421875, 14.228515625], [105.029296875, 14.248046875], [104.98046875, 14.39453125], [104.8046875, 14.453125], [104.755859375, 14.423828125], [104.70703125, 14.443359375], [104.6875, 14.4140625], [104.62890625, 14.43359375], [104.5703125, 14.375], [104.453125, 14.365234375], [104.2578125, 14.4140625], [104.033203125, 14.35546875], [103.9453125, 14.375], [103.92578125, 14.345703125], [103.84765625, 14.384765625], [103.701171875, 14.39453125], [103.65234375, 14.453125], [103.623046875, 14.4140625], [103.564453125, 14.43359375], [103.4765625, 14.384765625], [103.173828125, 14.3359375], [102.9296875, 14.189453125], [102.890625, 14.0234375], [102.79296875, 13.955078125], [102.724609375, 13.779296875], [102.548828125, 13.671875], [102.59765625, 13.6181640625], [102.5390625, 13.57421875], [102.333984375, 13.5546875], [102.34375, 13.28125], [102.392578125, 13.154296875], [102.5, 13.0078125], [102.490234375, 12.919921875], [102.529296875, 12.79296875], [102.5, 12.685546875], [102.626953125, 12.607421875], [102.744140625, 12.4609375], [102.783203125, 12.451171875], [102.734375, 12.373046875], [102.71484375, 12.1484375], [102.7734375, 12.060546875], [102.841796875, 11.8359375], [102.91015625, 11.7578125], [102.919921875, 11.640625], [102.24609375, 10.009765625], [102.54231770833333, 8.854166666666666], [102.99153645833333, 7.01171875], [102.66276041666667, 6.748046875], [102.08984375, 6.240234375], [102.08984375, 6.11328125], [101.962890625, 6.005859375], [101.93359375, 5.95703125], [101.943359375, 5.87890625], [101.826171875, 5.751953125], [101.73828125, 5.80078125], [101.689453125, 5.771484375], [101.650390625, 5.859375], [101.572265625, 5.927734375], [101.279296875, 5.810546875], [101.259765625, 5.72265625], [101.162109375, 5.64453125], [100.986328125, 5.791015625], [101.025390625, 5.8984375], [101.09375, 5.9375], [101.11328125, 5.986328125], [101.11328125, 6.103515625], [101.07421875, 6.162109375], [101.11328125, 6.19140625], [101.11328125, 6.240234375], [100.99609375, 6.279296875], [100.9375, 6.240234375], [100.849609375, 6.25], [100.830078125, 6.416015625], [100.7421875, 6.50390625], [100.634765625, 6.455078125], [100.380859375, 6.54296875], [100.322265625, 6.591796875], [100.283203125, 6.708984375], [100.205078125, 6.71875], [100.166015625, 6.484375], [100.126953125, 6.435546875], [100.009765625, 6.435546875], [99.8828125, 6.513671875], [99.51171875, 6.4453125], [99.482421875, 6.513671875], [99.375, 6.572265625], [97.98828125, 7.265625], [96.50390625, 10.006510416666666], [98.57421875, 10.0], [98.7939453125, 10.4736328125], [98.818359375, 10.537109375], [98.76953125, 10.625], [98.779296875, 10.68359375], [98.84765625, 10.771484375], [99.013671875, 10.859375], [99.013671875, 10.966796875], [99.072265625, 10.95703125], [99.091796875, 11.005859375], [99.228515625, 11.11328125], [99.326171875, 11.328125], [99.462890625, 11.5234375], [99.462890625, 11.62109375], [99.5703125, 11.650390625], [99.6484375, 11.826171875], [99.5703125, 11.904296875], [99.58984375, 12.001953125], [99.541015625, 12.041015625], [99.560546875, 12.138671875], [99.47265625, 12.1484375], [99.4921875, 12.197265625], [99.404296875, 12.470703125], [99.43359375, 12.578125], [99.228515625, 12.744140625], [99.23828125, 12.783203125], [99.169921875, 12.919921875], [99.189453125, 12.978515625], [99.111328125, 13.056640625], [99.12109375, 13.18359375], [99.208984375, 13.22265625], [99.169921875, 13.73046875], [99.12109375, 13.779296875], [99.111328125, 13.876953125], [99.0234375, 13.955078125], [98.9453125, 14.1015625], [98.603515625, 14.3359375], [98.447265625, 14.609375], [98.310546875, 14.7265625], [98.251953125, 14.82421875], [98.22265625, 15.05859375], [98.18359375, 15.09765625], [98.203125, 15.224609375], [98.251953125, 15.234375], [98.310546875, 15.302734375], [98.3984375, 15.2734375], [98.427734375, 15.37109375], [98.583984375, 15.37109375], [98.59375, 15.46875], [98.5546875, 15.615234375], [98.603515625, 15.99609375], [98.57421875, 16.0546875], [98.6328125, 16.0546875], [98.681640625, 16.1328125], [98.828125, 16.123046875], [98.916015625, 16.2890625], [98.92578125, 16.38671875], [98.84765625, 16.474609375], [98.818359375, 16.396484375], [98.7109375, 16.2890625], [98.681640625, 16.298828125], [98.65234375, 16.46484375], [98.583984375, 16.5625], [98.583984375, 16.611328125], [98.515625, 16.66015625], [98.4765625, 16.73828125], [98.53515625, 16.81640625], [98.505859375, 16.845703125], [98.5302734375, 16.8798828125], [98.408203125, 17.060546875], [98.349609375, 17.05078125], [98.310546875, 17.1044921875], [98.10546875, 17.333984375], [98.115234375, 17.373046875], [98.046875, 17.421875], [98.0078125, 17.509765625], [97.783203125, 17.6953125], [97.67578125, 17.87109375], [97.744140625, 17.98828125], [97.685546875, 18.076171875], [97.685546875, 18.14453125], [97.607421875, 18.2421875], [97.63671875, 18.291015625], [97.55859375, 18.330078125], [97.509765625, 18.271484375], [97.44140625, 18.33984375], [97.44140625, 18.408203125], [97.36328125, 18.5546875]]]]}}, {"type": "Feature", "properties": {"FID": 62, "FIR_NAME": "SEYCHELLES", "ICAO_CODE": "FSSS", "TYPE": "FIR", "COUNTRY": "Seychelles"}, "geometry": {"type": "MultiPolygon", "coordinates": [[[[43.990885416666664, -1.995442708333333], [59.986979166666664, 10.693359375], [59.993489583333336, -5.99609375], [59.98046875, -9.990234375], [55.498046875, -9.993489583333334], [45.0, -9.990234375], [43.997395833333336, -10.319010416666657], [43.990885416666664, -8.4765625], [43.990885416666664, -4.6875], [43.990885416666664, -1.995442708333333]]]]}}, {"type": "Feature", "properties": {"FID": 63, "FIR_NAME": "MOGADISHU", "ICAO_CODE": "HCSM", "TYPE": "FIR", "COUNTRY": "Somalia"}, "geometry": {"type": "MultiPolygon", "coordinates": [[[[59.986979166666664, 10.693359375], [43.990885416666664, -1.995442708333333], [41.9921875, -1.9921875], [41.552734375, -1.66015625], [41.533203125, -1.5625], [40.986328125, -0.849609375], [40.9765625, 2.822265625], [41.34765625, 3.193359375], [41.881510416666664, 3.977864583333333], [41.93359375000003, 4.072265625], [42.080078125, 4.189453125], [42.1875, 4.21875], [42.392578125, 4.208984375], [42.8515625, 4.306640625], [42.9296875, 4.384765625], [42.96875, 4.521484375], [43.154296875, 4.677734375], [43.681640625, 4.90234375], [43.876953125, 4.921875], [43.984375, 4.970703125], [44.951171875, 4.912109375], [46.2109375, 6.279296875], [47.9541015625, 8.0029296875], [46.9921875, 8.0078125], [44.052734375, 8.994140625], [43.623046875, 9.35546875], [43.564453125, 9.345703125], [43.45703125, 9.404296875], [43.388671875, 9.55078125], [43.271484375, 9.6484375], [43.212890625, 9.8828125], [43.0859375, 9.921875], [43.0078125, 10.087890625], [42.83203125, 10.244140625], [42.79296874999997, 10.439453125], [42.65625, 10.64453125], [42.72460937500003, 10.68359375], [42.75390625, 10.78125], [42.822265625, 10.830078125], [42.83203125, 10.87890625], [42.91015625, 10.927734375], [42.9296875, 11.005859375], [43.271484375, 11.50390625], [43.32031249999997, 11.66015625], [43.57421875, 11.38671875], [43.75976562499997, 10.9765625], [43.828125, 10.91796875], [43.93554687499997, 10.95703125], [44.04296875000003, 11.064453125], [44.150390625, 11.259765625], [44.19921874999997, 11.474609375], [44.182942708333336, 11.7578125], [50.63476562500003, 12.1875], [50.78125, 12.1875], [51.60156250000003, 12.001953125], [59.986979166666664, 12.01171875], [59.986979166666664, 10.693359375]]]]}}, {"type": "Feature", "properties": {"FID": 64, "FIR_NAME": "CURITIBA", "ICAO_CODE": "SBCW", "TYPE": "FIR", "COUNTRY": "Brazil"}, "geometry": {"type": "MultiPolygon", "coordinates": [[[[-57.69205729166666, -17.819010416666668], [-56.865234375, -17.7734375], [-54.6875, -17.568359375], [-54.08203125, -17.412109375], [-53.108723958333336, -16.705729166666668], [-51.572265625, -19.541015625], [-50.673828125, -20.615234375000014], [-49.208984375, -21.865234375], [-48.65234375, -22.08984375], [-48.5546875, -22.20703125], [-48.583984375, -22.44140625], [-48.544921875, -22.48046875], [-47.91015625, -22.958984375], [-47.578125, -23.046875], [-47.431640625, -23.22265625], [-46.943359375, -23.4765625], [-46.416015625, -23.408203125], [-45.859375, -23.232421875], [-45.76171875, -22.763671875], [-44.0673828125, -20.5078125], [-43.76953125, -20.498046875], [-43.515625, -20.380859375], [-43.369140625, -20.21484375], [-42.600911458333336, -20.44596354166667], [-42.28515625, -20.556640625], [-41.9921875, -20.615234375000014], [-40.986328125, -20.400390625], [-40.830078125, -20.68359375], [-40.56640625, -20.8984375], [-40.234375, -20.9375], [-40.01953125, -20.869140624999986], [-39.814453125, -20.7421875], [-39.378255208333336, -21.175130208333332], [-38.1640625, -22.431640625], [-40.869140625, -24.58984375], [-43.73046875, -26.71875], [-44.78515625, -28.037109375], [-46.0546875, -29.55078125], [-49.990234375, -33.990885416666664], [-53.02734375, -33.984375], [-53.41796875, -33.73046875], [-53.447265625, -33.681640625], [-53.544921875, -33.65234375], [-53.505859375, -33.447265625000014], [-53.525390625, -33.125], [-53.476562499999986, -33.056640625], [-53.33984375, -32.978515625], [-53.300781249999986, -32.890625], [-53.10546875, -32.71484375], [-53.18359375, -32.63671875], [-53.41796875, -32.558593749999986], [-53.583984375, -32.412109375], [-53.642578125, -32.34375], [-53.642578125, -32.255859375], [-53.76953125, -32.041015625000014], [-53.84765625, -32.021484375], [-53.925781250000014, -31.93359375], [-54.003906249999986, -31.923828125], [-54.08203125, -31.865234375000014], [-54.150390625, -31.904296875], [-54.31640625, -31.787109375], [-54.47265625, -31.66015625], [-54.47265625, -31.58203125], [-54.609375, -31.4453125], [-54.833984375, -31.425781250000014], [-55.029296875, -31.259765625], [-55.09765625, -31.318359375], [-55.224609375, -31.25], [-55.341796875, -31.11328125], [-55.332031250000014, -31.064453124999986], [-55.585937499999986, -30.83984375], [-55.64453125, -30.859375], [-55.654296875, -30.9375], [-55.72265625, -30.9375], [-55.83984375, -31.064453124999986], [-56.005859375, -31.074218750000014], [-55.99609375, -30.800781249999986], [-56.210937500000014, -30.576171875], [-56.357421875, -30.48828125], [-56.572265625, -30.29296875], [-56.62109375, -30.283203125000014], [-56.650390625000014, -30.21484375], [-56.816406249999986, -30.097656249999986], [-57.080078124999986, -30.107421875000014], [-57.20703125, -30.283203125000014], [-57.353515625000014, -30.263671875], [-57.40234375, -30.29296875], [-57.431640624999986, -30.263671875], [-57.548828125, -30.263671875], [-57.587890625, -30.17903645833333], [-57.333984375, -29.98046875], [-57.3046875, -29.814453125], [-57.080078124999986, -29.736328125], [-56.962890625, -29.580078125000014], [-56.826171875000014, -29.47265625], [-56.787109375, -29.384765625], [-56.69921875, -29.3359375], [-56.630859375, -29.16015625], [-56.42578125, -29.052734375000014], [-56.416015625, -28.964843750000014], [-56.30859375, -28.88671875], [-56.30859375, -28.798828125], [-56.19140625, -28.75], [-56.015625, -28.57421875], [-56.015625, -28.49609375], [-55.9033203125, -28.4619140625], [-55.908203125, -28.37890625], [-55.87890625, -28.349609375000014], [-55.761718749999986, -28.349609375000014], [-55.693359375, -28.3984375], [-55.673828124999986, -28.310546875], [-55.78125, -28.2421875], [-55.761718749999986, -28.212890625], [-55.673828124999986, -28.18359375], [-55.615234375, -28.115234375], [-55.56640625, -28.14453125], [-55.507812500000014, -28.076171874999986], [-55.458984375, -28.085937500000014], [-55.3125, -27.910156250000014], [-55.25390625, -27.910156250000014], [-55.1953125, -27.8515625], [-55.13671875, -27.880859375], [-55.107421875, -27.841796875], [-55.0390625, -27.841796875], [-55.07324218750001, -27.7685546875], [-55.0, -27.783203125], [-54.931640625, -27.744140625], [-54.90234375, -27.6953125], [-54.912109375, -27.626953125], [-54.84375, -27.59765625], [-54.814453125, -27.529296875], [-54.78515625, -27.558593750000014], [-54.697265625, -27.548828124999986], [-54.677734375, -27.509765625], [-54.638671875, -27.51953125], [-54.58984375, -27.44140625], [-54.560546875, -27.48046875], [-54.462890625, -27.470703125000014], [-54.453125, -27.40234375], [-54.404296875, -27.40234375], [-54.375, -27.44140625], [-54.345703125, -27.412109375], [-54.287109375, -27.421875], [-54.1845703125, -27.2509765625], [-54.111328125, -27.285156249999986], [-53.955078125, -27.1484375], [-53.916015624999986, -27.158203125], [-53.876953125, -27.119140625000014], [-53.84765625, -27.158203125], [-53.818359375, -27.12890625], [-53.798828125, -27.041015625], [-53.701171875, -26.884765625], [-53.76953125, -26.69921875], [-53.73046875, -26.669921874999986], [-53.720703125, -26.357421875], [-53.662109375000014, -26.2890625], [-53.662109375000014, -26.19140625], [-53.837890625000014, -25.947265625], [-53.828125, -25.800781250000014], [-53.88671875, -25.712890625000014], [-53.88671875, -25.64453125], [-53.955078125, -25.64453125], [-54.0234375, -25.546875], [-54.130859375, -25.554199218749996], [-54.248046875, -25.5859375], [-54.277343750000014, -25.546875], [-54.375, -25.56640625], [-54.443359374999986, -25.673828125], [-54.47265625, -25.615234374999986], [-54.596354166666664, -25.563151041666668], [-54.619140624999986, -25.419921875], [-54.43359375, -25.146484375], [-54.462890625, -25.009765625000014], [-54.31640625, -24.609375], [-54.3359375, -24.472656249999986], [-54.2578125, -24.35546875], [-54.345703125, -24.130859375000014], [-54.2578125, -24.042968750000014], [-54.43359375, -23.896484375], [-54.619140624999986, -23.798828125], [-55.01953125, -23.984375], [-55.205078125, -24.013671875], [-55.390625, -23.974609375], [-55.4296875, -23.92578125], [-55.44921875, -23.691406250000014], [-55.52734375, -23.59375], [-55.537109375, -23.4375], [-55.507812500000014, -23.369140625], [-55.556640625, -23.310546875], [-55.52734375, -23.242187499999986], [-55.546875, -23.14453125], [-55.595703125000014, -23.10546875], [-55.585937499999986, -23.056640625], [-55.634765625, -22.988281250000014], [-55.654296875, -22.79296875], [-55.615234375, -22.734375], [-55.615234375, -22.626953124999986], [-55.7421875, -22.529296875], [-55.751953125, -22.392578125], [-55.849609374999986, -22.294921875], [-56.220703125, -22.265625], [-56.376953124999986, -22.138671875], [-56.40625, -22.060546875], [-56.50390625, -22.080078125], [-56.650390625000014, -22.24609375], [-56.708984375, -22.20703125], [-56.738281250000014, -22.24609375], [-56.796875, -22.236328125], [-56.8359375, -22.285156250000014], [-56.875, -22.285156250000014], [-56.89453125, -22.236328125], [-56.962890625, -22.236328125], [-57.20703125, -22.1875], [-57.3828125, -22.20703125], [-57.470703125, -22.16796875], [-57.607421874999986, -22.177734375], [-57.65625, -22.08984375], [-57.841796875, -22.12890625], [-57.998046875, -22.060546875], [-57.9296875, -21.904296875], [-57.958984374999986, -21.845703125000014], [-57.94921875, -21.73828125], [-57.900390625, -21.689453125], [-57.94921875, -21.62109375], [-57.919921875, -21.5625], [-57.958984374999986, -21.494140625000014], [-57.861328125, -21.34765625], [-57.91015625, -21.26953125], [-57.841796875, -21.19140625], [-57.861328125, -21.044921874999986], [-57.822265625, -20.957031249999986], [-57.919921875, -20.8984375], [-57.861328125, -20.830078125], [-57.939453125, -20.78125], [-57.871093749999986, -20.72265625], [-57.919921875, -20.6640625], [-57.98828125, -20.693359374999986], [-58.017578125, -20.517578124999986], [-57.998046875, -20.439453125000014], [-58.095703125, -20.361328125], [-58.10546875, -20.2734375], [-58.1640625, -20.253906249999986], [-58.125, -20.205078125], [-58.1640625, -20.175781250000014], [-58.151041666666664, -20.143229166666668], [-57.958984374999986, -20.01953125], [-57.900390625, -20.01953125], [-57.861328125, -19.970703125], [-58.125, -19.726562499999986], [-57.792968750000014, -19.052734375], [-57.71484375, -19.023437499999986], [-57.724609375, -18.916015625], [-57.7734375, -18.876953125], [-57.568359375, -18.26171875], [-57.548828125, -18.232421874999986], [-57.4609375, -18.22265625], [-57.578125, -18.125], [-57.71484375, -17.841796875], [-57.69205729166666, -17.819010416666668]]]]}}, {"type": "Feature", "properties": {"FID": 65, "FIR_NAME": "AMAZONICA", "ICAO_CODE": "SBAZ", "TYPE": "FIR", "COUNTRY": "Brazil"}, "geometry": {"type": "MultiPolygon", "coordinates": [[[[-53.108723958333336, -16.705729166666668], [-54.08203125, -17.412109375], [-54.6875, -17.568359375], [-56.865234375, -17.7734375], [-57.69205729166666, -17.819010416666668], [-57.783203124999986, -17.646484375], [-57.75390625, -17.587890625], [-57.802734375, -17.539062500000014], [-57.900390625, -17.4609375], [-58.02734375, -17.490234375], [-58.408203125000014, -17.236328125], [-58.486328124999986, -16.660156250000014], [-58.349609375, -16.494140625], [-58.33984375, -16.26953125], [-58.427734375, -16.318359375], [-58.671875, -16.318359375], [-60.166015625000014, -16.25], [-60.234375, -15.478515625], [-60.56640625, -15.107421875], [-60.390625, -15.078125], [-60.439453125, -14.765625], [-60.3515625, -14.550781250000014], [-60.361328125, -14.453125], [-60.48828125, -14.169921875], [-60.390625, -13.974609375], [-60.498046875, -13.7890625], [-60.80078125, -13.671875], [-60.986328125, -13.53515625], [-61.035156249999986, -13.53515625], [-61.064453125, -13.4765625], [-61.15234375, -13.515625], [-61.357421875, -13.486328124999986], [-61.46484375, -13.544921875], [-61.54296875, -13.544921875], [-61.6015625, -13.505859375], [-61.835937500000014, -13.53515625], [-61.875, -13.45703125], [-62.119140625, -13.2421875], [-62.12890625, -13.144531250000014], [-62.216796875, -13.115234375], [-62.40234375, -13.134765624999986], [-62.490234375, -13.056640625000014], [-62.63671875, -13.037109375], [-62.6953125, -12.958984374999986], [-62.8125, -12.98828125], [-62.939453125, -12.8515625], [-63.0078125, -12.822265625], [-63.0859375, -12.63671875], [-63.154296875000014, -12.63671875], [-63.242187500000014, -12.695312499999986], [-63.33984375, -12.695312499999986], [-63.486328125, -12.55859375], [-63.681640625000014, -12.4609375], [-63.847656249999986, -12.4609375], [-63.92578125, -12.5390625], [-64.130859375, -12.490234375], [-64.16015625, -12.519531249999986], [-64.20898437500001, -12.470703125], [-64.28710937499999, -12.490234375], [-64.31640625, -12.4609375], [-64.39453125, -12.4609375], [-64.501953125, -12.353515625000014], [-64.47265625000001, -12.28515625], [-64.501953125, -12.2265625], [-64.62890625, -12.20703125], [-64.6875, -12.158203125], [-64.697265625, -12.099609375], [-64.73632812500001, -12.138671875], [-64.84375, -12.01171875], [-64.98046875, -12.01171875], [-65.01953125, -11.97265625], [-65.0, -11.904296874999986], [-65.048828125, -11.865234375], [-65.068359375, -11.748046875], [-65.107421875, -11.738281250000014], [-65.126953125, -11.689453125], [-65.16601562499999, -11.767578125], [-65.205078125, -11.738281250000014], [-65.185546875, -11.6015625], [-65.234375, -11.5625], [-65.224609375, -11.5234375], [-65.25390624999999, -11.494140625], [-65.33203125, -11.464843749999986], [-65.361328125, -11.386718750000014], [-65.33203125, -11.328125], [-65.400390625, -11.259765625], [-65.37109375, -11.210937500000014], [-65.41015625, -11.162109375], [-65.34179687499999, -11.09375], [-65.35156250000001, -11.025390624999986], [-65.3125, -10.947265625000014], [-65.33203125, -10.849609374999986], [-65.41015625, -10.791015625], [-65.390625, -10.6640625], [-65.44921875, -10.60546875], [-65.44921875, -10.46875], [-65.400390625, -10.4296875], [-65.400390625, -10.37109375], [-65.322265625, -10.29296875], [-65.29296875, -10.21484375], [-65.34179687499999, -10.0390625], [-65.3125, -9.82421875], [-65.400390625, -9.677734375], [-65.498046875, -9.716796875000014], [-65.576171875, -9.82421875], [-65.703125, -9.78515625], [-65.72265625, -9.74609375], [-65.791015625, -9.755859375], [-65.927734375, -9.755859375], [-66.04492187499999, -9.794921874999986], [-66.083984375, -9.765625], [-66.23046875000001, -9.82421875], [-66.357421875, -9.833984375], [-66.435546875, -9.882812499999986], [-66.62109375, -9.892578125000014], [-66.89453125, -10.078125], [-67.09960937499999, -10.2734375], [-67.1875, -10.322265624999986], [-67.32421875, -10.3125], [-67.353515625, -10.37109375], [-67.412109375, -10.37109375], [-67.48046875, -10.458984375], [-67.587890625, -10.498046874999986], [-67.71484374999999, -10.693359375], [-67.763671875, -10.703125], [-67.87109375, -10.64453125], [-68.056640625, -10.6640625], [-68.30078125, -10.986328125], [-68.515625, -11.044921875], [-68.623046875, -11.113281249999986], [-68.77929687500001, -11.1328125], [-68.77929687500001, -10.986328125], [-68.92578125, -11.005859375], [-69.072265625, -10.95703125], [-69.326171875, -10.947265625000014], [-69.38476562499999, -10.91796875], [-69.55729166666667, -10.950520833333343], [-69.73632812499999, -10.95703125], [-69.814453125, -10.908203125], [-69.94140625, -10.908203125], [-70.26367187499999, -11.0546875], [-70.380859375, -11.0546875], [-70.53710937500001, -10.927734375], [-70.61523437499999, -10.986328125], [-70.64453125, -10.9765625], [-70.634765625, -9.814453125], [-70.53710937500001, -9.7265625], [-70.6005859375, -9.5654296875], [-70.546875, -9.423828125], [-70.87890624999999, -9.658203125], [-70.99609375, -9.804687500000014], [-71.14257812499999, -9.853515625], [-71.201171875, -9.94140625], [-71.2890625, -9.980468750000014], [-72.16796875, -10.0], [-72.16796875, -9.82421875], [-72.275390625, -9.74609375], [-72.265625, -9.628906250000014], [-72.314453125, -9.521484375], [-72.744140625, -9.404296875], [-73.18359375, -9.3896484375], [-72.958984375, -9.12109375], [-72.96875, -8.984375], [-73.07617187499999, -8.876953125], [-73.16406249999999, -8.720703125], [-73.271484375, -8.671875], [-73.34960937500001, -8.59375], [-73.34960937500001, -8.476562499999986], [-73.544921875, -8.33984375], [-73.5546875, -8.251953125], [-73.60351562499999, -8.193359375], [-73.60351562499999, -8.10546875], [-73.662109375, -8.0078125], [-73.76953125, -7.958984375000014], [-73.798828125, -7.880859375], [-73.73046875, -7.871093750000014], [-73.70117187500001, -7.783203125000014], [-73.84765625, -7.71484375], [-74.013671875, -7.5390625], [-73.95507812499999, -7.509765624999986], [-73.935546875, -7.451171875], [-73.974609375, -7.353515625], [-73.88671875, -7.36328125], [-73.7109375, -7.3046875], [-73.80859375, -7.070312499999986], [-73.759765625, -6.884765625], [-73.69140624999999, -6.806640624999986], [-73.359375, -6.572265625], [-73.203125, -6.552734375000014], [-73.14453125, -6.474609375], [-73.125, -6.367187499999986], [-73.232421875, -6.064453125], [-73.134765625, -5.869140625], [-73.037109375, -5.771484375], [-72.96875, -5.64453125], [-72.96875, -5.44921875], [-72.890625, -5.263671875], [-72.919921875, -5.136718749999986], [-72.744140625, -5.048828124999986], [-72.63671874999999, -5.048828124999986], [-72.59765625, -4.990234375], [-72.40234375, -4.86328125], [-72.37304687499999, -4.775390625], [-72.24609375, -4.755859375], [-72.08984375, -4.6484375], [-72.0703125, -4.599609375], [-71.982421875, -4.580078125], [-71.884765625, -4.501953125], [-71.787109375, -4.47265625], [-71.650390625, -4.501953125], [-71.435546875, -4.423828125], [-71.34765625, -4.443359375000014], [-71.259765625, -4.365234375], [-71.2109375, -4.404296875], [-71.171875, -4.355468750000014], [-71.14257812499999, -4.384765625], [-71.083984375, -4.355468750000014], [-71.0009765625, -4.360351562500007], [-70.947265625, -4.365234375], [-70.830078125, -4.169921874999986], [-70.771484375, -4.140625], [-70.68359375, -4.16015625], [-70.654296875, -4.111328125], [-70.595703125, -4.179687500000014], [-70.546875, -4.130859375], [-70.517578125, -4.169921874999986], [-70.4296875, -4.12109375], [-70.36132812500001, -4.16015625], [-70.33203125, -4.130859375], [-70.3125, -4.23828125], [-70.205078125, -4.326171875], [-70.126953125, -4.248046875], [-70.05859375, -4.326171875], [-70.00976562500001, -4.326171875], [-69.95442708333333, -4.19921875], [-69.501953125, -1.787109375], [-69.47265624999999, -1.494140625], [-69.443359375, -1.416015625], [-69.38476562499999, -1.367187500000014], [-69.38476562499999, -1.171875], [-69.443359375, -1.083984375], [-69.443359375, -0.99609375], [-69.541015625, -0.908203125], [-69.62890625, -0.732421875], [-69.580078125, -0.64453125], [-69.609375, -0.517578125], [-69.74609375000001, -0.44921875], [-69.86328125, -0.322265625], [-69.921875, -0.3125], [-70.068359375, -0.136718750000014], [-70.0439453125, 0.5810546875], [-69.8046875, 0.60546875], [-69.6875, 0.68359375], [-69.609375, 0.654296875], [-69.501953125, 0.7421875], [-69.443359375, 0.732421875], [-69.365234375, 0.654296875], [-69.296875, 0.6640625], [-69.23828125, 0.625], [-69.13085937500001, 0.64453125], [-69.189453125, 0.732421875], [-69.16015625, 0.771484375], [-69.1796875, 0.83984375], [-69.150390625, 0.869140625], [-69.287109375, 1.0546875], [-69.365234375, 1.07421875], [-69.423828125, 1.03515625], [-69.453125, 1.064453125], [-69.599609375, 1.083984375], [-69.70703125, 1.064453125], [-69.74609375000001, 1.103515625], [-69.82421874999999, 1.064453125], [-69.853515625, 1.083984375], [-69.84375, 1.71875], [-69.62890625, 1.748046875], [-69.56054687499999, 1.787109375], [-69.404296875, 1.73828125], [-68.18359375, 1.7431640625], [-68.271484375, 1.845703125], [-68.193359375, 1.9873046875], [-68.095703125, 1.93359375], [-68.0078125, 1.767578125], [-67.919921875, 1.748046875], [-67.79296875, 1.806640625], [-67.578125, 2.0703125], [-67.44140625, 2.1484375], [-67.353515625, 2.12890625], [-67.080078125, 1.640625], [-67.060546875, 1.50390625], [-67.08984375, 1.19140625], [-66.89127604166667, 1.233723958333333], [-66.34765625, 0.771484375], [-66.19140625, 0.771484375], [-66.123046875, 0.7421875], [-66.0693359375, 0.791015625], [-65.986328125, 0.80078125], [-65.87890625000001, 0.91796875], [-65.751953125, 0.986328125], [-65.595703125, 0.99609375], [-65.51757812499999, 0.91796875], [-65.51757812499999, 0.83984375], [-65.5859375, 0.751953125], [-65.576171875, 0.68359375], [-65.546875, 0.654296875], [-65.478515625, 0.673828125], [-65.322265625, 0.927734375], [-65.244140625, 0.91796875], [-65.17578125000001, 0.95703125], [-65.126953125, 1.142578125], [-65.029296875, 1.142578125], [-64.82421875000001, 1.2890625], [-64.765625, 1.25], [-64.697265625, 1.26953125], [-64.580078125, 1.357421875], [-64.541015625, 1.435546875], [-64.38476562500001, 1.5234375], [-64.35546875, 1.474609375], [-64.39453125, 1.40625], [-64.35546875, 1.3671875], [-64.296875, 1.455078125], [-64.08203125, 1.640625], [-64.0625, 1.884765625], [-64.013671875, 1.953125], [-63.955078125, 1.982421875], [-63.779296875, 1.982421875], [-63.5546875, 2.138671875], [-63.3984375, 2.158203125], [-63.359375, 2.275390625], [-63.37890625, 2.431640625], [-63.837890625, 2.431640625], [-64.052734375, 2.490234375], [-63.994140625, 2.744140625], [-64.150390625, 3.046875], [-64.228515625, 3.134765625], [-64.20898437500001, 3.271484375], [-64.23828125, 3.45703125], [-64.189453125, 3.525390625], [-64.189453125, 3.583984375], [-64.326171875, 3.740234375], [-64.453125, 3.7890625], [-64.658203125, 4.00390625], [-64.716796875, 4.140625], [-64.81445312499999, 4.208984375], [-64.78515625, 4.296875], [-64.658203125, 4.248046875], [-64.58984375, 4.130859375], [-64.2578125, 4.16015625], [-64.140625, 4.12109375], [-64.0625, 3.916015625], [-64.013671875, 3.88671875], [-63.837890625, 3.96484375], [-63.7890625, 3.935546875], [-63.623046875, 3.955078125], [-63.53515625, 3.8671875], [-63.466796875, 3.8671875], [-63.427734375, 3.974609375], [-63.310546875, 3.955078125], [-62.978515625000014, 3.59375], [-62.87109375, 3.564453125], [-62.822265625, 3.61328125], [-62.792968749999986, 3.603515625], [-62.734375, 3.69140625], [-62.783203125, 3.88671875], [-62.744140625, 4.04296875], [-62.568359375, 4.033203125], [-62.539062500000014, 4.0625], [-62.548828125, 4.12109375], [-62.441406249999986, 4.189453125], [-62.1875, 4.1015625], [-62.119140625, 4.1015625], [-61.9921875, 4.1796875], [-61.865234375, 4.16015625], [-61.748046875000014, 4.2578125], [-61.552734375, 4.2578125], [-61.513671875, 4.306640625], [-61.5234375, 4.384765625], [-61.455078125, 4.43359375], [-61.308593750000014, 4.443359375], [-61.308593750000014, 4.53125], [-61.181640625, 4.501953125], [-60.99609375, 4.521484375], [-60.9375, 4.58984375], [-60.8984375, 4.70703125], [-60.703125, 4.794921875], [-60.5859375, 4.951171875], [-60.686848958333336, 5.211588541666667], [-60.439453125, 5.185546875], [-60.400390625, 5.224609375], [-60.3125, 5.205078125], [-60.205078125, 5.283203125], [-60.17578125, 5.244140625], [-60.126953125, 5.25390625], [-60.087890625, 5.17578125], [-59.980468749999986, 5.087890625], [-60.029296875, 4.70703125], [-60.087890625, 4.619140625], [-60.15625, 4.580078125], [-60.146484375, 4.521484375], [-60.0927734375, 4.5263671875], [-60.05859375, 4.501953125], [-59.931640625, 4.51171875], [-59.804687499999986, 4.47265625], [-59.697265625, 4.384765625], [-59.736328125, 4.296875], [-59.736328125, 4.208984375], [-59.638671875000014, 4.140625], [-59.6533203125, 4.1015625], [-59.58984375, 3.984375], [-59.521484375, 3.9453125], [-59.599609375, 3.8671875], [-59.58984375, 3.80859375], [-59.677734375, 3.759765625], [-59.677734375, 3.7109375], [-59.86328125, 3.59375], [-59.82421875, 3.515625], [-59.814453125000014, 3.369140625], [-59.951171875, 3.095703125], [-59.990234375000014, 2.880859375], [-59.990234375000014, 2.685546875], [-59.902343750000014, 2.470703125], [-59.902343750000014, 2.373046875], [-59.736328125, 2.28515625], [-59.755859375, 1.875], [-59.638671875000014, 1.845703125], [-59.66796875, 1.7578125], [-59.638671875000014, 1.728515625], [-59.541015624999986, 1.728515625], [-59.365234374999986, 1.5234375], [-59.326171875, 1.5234375], [-59.23828125, 1.38671875], [-58.974609375, 1.328125], [-58.90625, 1.279296875], [-58.8671875, 1.201171875], [-58.80859375, 1.19140625], [-58.701171875, 1.2890625], [-58.515625, 1.279296875], [-58.4765625, 1.328125], [-58.505859375, 1.455078125], [-58.388671875, 1.484375], [-58.388671875, 1.533203125], [-58.320312500000014, 1.6015625], [-58.2421875, 1.5625], [-58.193359375, 1.58203125], [-58.134765624999986, 1.5234375], [-58.017578125, 1.5234375], [-57.978515625, 1.66015625], [-57.919921875, 1.650390625], [-57.75390625, 1.728515625], [-57.55859375, 1.708984375], [-57.4365234375, 1.865234375], [-57.431640624999986, 1.9140625], [-57.333984375, 1.982421875], [-57.294921875, 1.9921875], [-57.236328125, 1.953125], [-57.099609375, 2.03125], [-57.03125, 1.93359375], [-56.914062500000014, 1.93359375], [-56.826171875000014, 1.884765625], [-56.640625, 1.943359375], [-56.552734374999986, 1.9140625], [-56.481119791666664, 1.956380208333333], [-56.34765625, 1.943359375], [-56.064453125, 1.845703125], [-55.9765625, 1.845703125], [-55.908203125, 1.904296875], [-55.908203125, 2.05078125], [-56.044921875, 2.1875], [-56.07421875, 2.255859375], [-56.142578125, 2.265625], [-56.09375, 2.36328125], [-56.044921875, 2.353515625], [-55.99609375, 2.412109375], [-55.9765625, 2.5390625], [-55.703125, 2.40234375], [-55.615234375, 2.44140625], [-55.37109375, 2.44140625], [-55.3125, 2.529296875], [-55.234375, 2.509765625], [-55.166015625, 2.578125], [-55.09765625, 2.5390625], [-54.9609375, 2.6171875], [-54.980468750000014, 2.568359375], [-54.86328125, 2.44140625], [-54.736328125, 2.48046875], [-54.697265625, 2.451171875], [-54.716796875000014, 2.3828125], [-54.6875, 2.32421875], [-54.576822916666664, 2.327473958333333], [-54.47265625, 2.216796875], [-54.365234375000014, 2.20703125], [-54.277343750000014, 2.158203125], [-54.189453125000014, 2.177734375], [-54.130859375, 2.119140625], [-54.0625, 2.197265625], [-53.955078125, 2.216796875], [-53.916015624999986, 2.28515625], [-53.759765625, 2.3828125], [-53.720703125, 2.314453125], [-53.53515625, 2.255859375], [-53.37890625, 2.3046875], [-53.33984375, 2.353515625], [-53.2421875, 2.2412109375], [-53.095703125, 2.2265625], [-53.06640625, 2.197265625], [-52.949218749999986, 2.1875], [-52.8515625, 2.294921875], [-52.666015625, 2.40234375], [-52.568359375, 2.529296875], [-52.568359375, 2.63671875], [-52.451171875, 2.880859375], [-52.40234375, 2.91015625], [-52.412109375, 2.94921875], [-52.34375, 3.06640625], [-52.353515625, 3.154296875], [-52.167968750000014, 3.349609375], [-52.001953125, 3.623046875], [-51.982421875, 3.720703125], [-51.93359375, 3.740234375], [-51.93359375, 3.779296875], [-51.806640625, 3.896484375], [-51.77734375, 3.984375], [-51.66015625, 4.0625], [-51.5869140625, 4.334309895833333], [-47.972005208333336, 4.996744791666667], [-40.791015625, 0.934244791666667], [-42.529296875, -4.169921874999986], [-43.212890625, -4.521484374999986], [-43.408203125, -4.716796875], [-44.189453125, -5.908203125], [-44.82421875, -6.328125], [-45.771484375, -8.115234375], [-46.69921875, -8.876953125], [-47.692057291666664, -10.2734375], [-47.705078125, -10.15625], [-47.802734375, -9.921875], [-47.998046875, -9.7265625], [-48.18359375, -9.638671875], [-48.408203125, -9.619140624999986], [-48.662109375, -9.677734375], [-48.896484375, -9.86328125], [-49.00390625, -10.048828125], [-49.16015625, -10.595703125000014], [-50.4296875, -10.400390625], [-51.064453125, -10.498046874999986], [-53.06640625, -12.1875], [-53.505859375, -12.94921875], [-53.6328125, -14.501953125], [-53.108723958333336, -16.705729166666668]]]]}}, {"type": "Feature", "properties": {"FID": 66, "FIR_NAME": "LVIV", "ICAO_CODE": "UKLV", "TYPE": "FIR", "COUNTRY": "Ukraine"}, "geometry": {"type": "MultiPolygon", "coordinates": [[[[22.880859375, 47.965494791666664], [22.8515625, 47.998046875], [22.880859375, 48.046875], [22.802734375, 48.115234375], [22.6171875, 48.10546875], [22.5, 48.251953125], [22.3828125, 48.251953125], [22.31445312499997, 48.310546875], [22.3046875, 48.369140625], [22.24609375000003, 48.37890625], [22.24609375000003, 48.41796875], [22.151692708333343, 48.421223958333336], [22.1484375, 48.57421875], [22.32421875, 48.69140625], [22.3828125, 48.80859375], [22.373046875, 48.857421875], [22.470703125, 48.994140625], [22.529296875, 49.013671875], [22.548828125, 49.088541666666664], [22.87109375, 49.0234375], [22.86132812500003, 49.091796875], [22.705078125, 49.189453125], [22.75390624999997, 49.306640625], [22.734375, 49.39453125], [22.646484375, 49.53125], [22.66601562499997, 49.5703125], [23.22265625, 50.05859375], [23.662109375, 50.322265625], [23.7109375, 50.390625], [23.984375, 50.41015625], [24.04296875, 50.517578125], [24.12109375, 50.546875], [24.023437499999986, 50.7373046875], [23.9453125, 50.80078125], [23.974609375, 50.83984375], [24.130859375, 50.859375], [23.994140625, 50.927734375], [23.90625, 51.015625], [23.857421875, 51.15234375], [23.623046875, 51.318359375], [23.681640625, 51.416015625], [23.61328124999999, 51.533203125], [23.603515625, 51.62109375], [23.662109375, 51.650390625], [23.779296875, 51.66015625], [23.89648437499997, 51.640625], [23.9453125, 51.591796875], [24.013671875, 51.6015625], [24.26757812500003, 51.73828125], [24.296875, 51.81640625], [24.39453125, 51.89453125], [24.90234375, 51.904296875], [25.263671875, 51.962890625], [25.3515625, 51.93359375], [26.09375, 51.923828125], [26.18164062499997, 51.865234375], [26.42578125, 51.865234375], [26.44531249999997, 51.81640625], [26.66015625, 51.826171875], [26.88476562499997, 51.7578125], [27.14843749999997, 51.77734375], [27.197265625, 51.7578125], [27.20703125, 51.669921875], [27.294921875, 51.650390625], [27.28515625, 51.6015625], [27.421875, 51.6015625], [27.470703125, 51.640625], [27.69531250000003, 51.611328125], [27.724609375, 51.58203125], [27.67578124999997, 51.50390625], [27.744140625, 51.474609375], [27.724609375, 51.34765625], [27.05078125, 50.185546875], [27.841796875, 49.765625], [27.8125, 48.427734375], [27.76367187499997, 48.45703125], [27.63671875, 48.447265625], [27.578125, 48.486328125], [27.421875, 48.427734375], [27.333984375, 48.447265625], [27.25585937500003, 48.37890625], [27.05078125, 48.408203125], [27.03125, 48.369140625], [26.923828125, 48.369140625], [26.85546875, 48.408203125], [26.787109375, 48.37890625], [26.796875, 48.30078125], [26.69921875, 48.349609375], [26.630859375, 48.26171875], [26.53320312499997, 48.212890625], [26.318359375, 48.193359375], [26.26953124999997, 48.0859375], [26.15234375, 47.98828125], [25.83007812499997, 47.96875], [25.78125, 47.939453125], [25.341796875, 47.9296875], [25.224609375, 47.890625], [25.1171875, 47.763671875], [24.95117187499997, 47.724609375], [24.892578125, 47.724609375], [24.8046875, 47.822265625], [24.6875, 47.8515625], [24.5703125, 47.958984375], [24.42382812499997, 47.96875], [24.24804687499997, 47.91015625], [24.111328125, 47.919921875], [24.013671875, 47.96875], [23.84765625, 47.939453125], [23.779296875, 47.98828125], [23.36914062499997, 48.0078125], [23.18359375, 48.115234375], [23.125, 48.10546875], [23.10546874999997, 48.046875], [23.03710937500003, 47.998046875], [22.939453125, 48.017578125], [22.919921875, 47.96875], [22.880859375, 47.965494791666664]]]]}}, {"type": "Feature", "properties": {"FID": 68, "FIR_NAME": "KANSAS CITY", "ICAO_CODE": "KZKC", "TYPE": "FIR", "COUNTRY": "United States"}, "geometry": {"type": "MultiPolygon", "coordinates": [[[[-98.81510416666667, 39.475911458333336], [-93.49283854166667, 40.540364583333336], [-91.66015625, 40.791015625], [-89.77539062499999, 40.009765625], [-88.2421875, 40.006510416666664], [-88.154296875, 39.873046875], [-88.10546874999999, 38.466796875], [-88.2421875, 38.154296875], [-88.3203125, 37.727864583333336], [-88.828125, 37.5390625], [-90.546875, 37.158203125], [-93.2421875, 36.73828125], [-94.677734375, 36.4453125], [-95.41015625, 36.2109375], [-95.60872395833333, 36.025390625], [-96.03515625, 35.888671875], [-96.40625, 35.654296875], [-97.060546875, 35.46875], [-97.578125, 35.498046875], [-97.890625, 35.927734375], [-98.486328125, 35.8203125], [-100.009765625, 35.83658854166667], [-101.73828125, 36.494140625], [-102.55208333333333, 37.5], [-98.81510416666667, 39.475911458333336]]]]}}, {"type": "Feature", "properties": {"FID": 69, "FIR_NAME": "CAIRO", "ICAO_CODE": "HECC", "TYPE": "FIR", "COUNTRY": "Egypt"}, "geometry": {"type": "MultiPolygon", "coordinates": [[[[33.951822916666664, 31.858723958333332], [34.55078125000003, 31.552734375], [34.384765625, 31.40625], [34.365234375, 31.30859375], [34.26757812499997, 31.201171875], [34.384765625, 30.87890625], [34.4921875, 30.68359375], [34.51171875, 30.546875], [34.55078125000003, 30.48828125], [34.541015625, 30.419921875], [34.609375, 30.361328125], [34.74609375, 30.0390625], [34.86328125, 29.66796875], [34.86328125, 29.560546875], [34.90234375000003, 29.501953125], [34.962565104166664, 29.431966145833332], [34.580078125, 28.095703125], [37.98502604166668, 22.005208333333332], [24.993489583333332, 22.01171875], [24.990234375, 29.2578125], [24.853515625, 29.541015625], [24.892578125, 29.62890625], [24.8046875, 29.8046875], [24.814453125, 29.912109375], [24.755859375, 30.087890625], [24.697265625, 30.17578125], [24.77539062499997, 30.33203125], [24.921875, 30.48828125], [25.009765625, 30.76171875], [24.98046875, 30.91796875], [24.873046875, 31.142578125], [24.88281250000003, 31.30859375], [24.853515625, 31.40625], [25.03906249999997, 31.533203125], [25.131835937499986, 31.6748046875], [24.176432291666657, 33.994140625], [27.216796875, 34.00390625], [29.986979166666675, 33.518880208333336], [33.951822916666664, 31.858723958333332]]]]}}, {"type": "Feature", "properties": {"FID": 70, "FIR_NAME": "TEL AVIV", "ICAO_CODE": "LLLL", "TYPE": "FIR", "COUNTRY": "Israel"}, "geometry": {"type": "MultiPolygon", "coordinates": [[[[34.962565104166664, 29.431966145833332], [34.90234375000003, 29.501953125], [34.86328125, 29.560546875], [34.86328125, 29.66796875], [34.74609375, 30.0390625], [34.609375, 30.361328125], [34.541015625, 30.419921875], [34.55078125000003, 30.48828125], [34.51171875, 30.546875], [34.4921875, 30.68359375], [34.384765625, 30.87890625], [34.26757812499997, 31.201171875], [34.365234375, 31.30859375], [34.384765625, 31.40625], [34.55078125000003, 31.552734375], [33.951822916666664, 31.858723958333332], [33.984375, 32.20703125], [34.140625, 32.490234375], [34.326171875, 32.646484375], [34.53125, 32.744140625], [34.609375, 33.095703125], [34.90234375, 33.108723958333336], [35.302734375, 33.115234375], [35.3515625, 33.06640625], [35.419921875, 33.076171875], [35.52734375, 33.14453125], [35.598958333333336, 33.268229166666664], [35.67382812499997, 33.251953125], [35.615234375, 32.919921875], [35.6640625, 32.783203125], [35.60872395833335, 32.6953125], [35.556640625, 32.646484375], [35.56640625, 32.490234375], [35.537109375, 32.412109375], [35.42968750000003, 32.421875], [35.400390625, 32.509765625], [35.283203125, 32.51953125], [35.21484375, 32.55859375], [35.078125, 32.48046875], [35.009765625, 32.333984375], [35.01953125, 32.24609375], [34.9609375, 32.197265625], [35.0, 32.0703125], [34.98046875, 31.97265625], [35.01953125, 31.9140625], [34.9609375, 31.845703125], [35.205078125, 31.81640625], [35.21484375, 31.767578125], [34.98046875, 31.640625], [34.88281249999997, 31.38671875], [34.912109375, 31.357421875], [35.205078125, 31.376953125], [35.390625, 31.50390625], [35.46875, 31.494140625], [35.458984375, 31.376953125], [35.390625, 31.26953125], [35.44921875, 31.171875], [35.44921875, 31.103515625], [35.400390625, 31.025390625], [35.400390625, 30.95703125], [35.34179687500003, 30.91796875], [35.14648437499997, 30.439453125], [35.17578125, 30.390625], [35.13671875, 30.25390625], [35.15625, 30.126953125], [35.068359375, 29.9609375], [35.068359375, 29.853515625], [34.9609375, 29.5703125], [34.962565104166664, 29.431966145833332]]]]}}, {"type": "Feature", "properties": {"FID": 71, "FIR_NAME": "MADRID", "ICAO_CODE": "LECM", "TYPE": "FIR", "COUNTRY": "Spain"}, "geometry": {"type": "MultiPolygon", "coordinates": [[[[-7.4462890625, 37.36328125], [-7.51953125, 37.578125], [-7.431640625, 37.75390625], [-7.314453125, 37.83203125], [-7.24609375, 37.998046875], [-7.16796875, 37.998046875], [-7.109375, 38.056640625], [-7.021484375, 38.037109375], [-6.953125, 38.154296875], [-6.953125, 38.22265625], [-7.08984375, 38.18359375], [-7.32421875, 38.45703125], [-7.255859375, 38.623046875], [-7.265625, 38.73046875], [-7.060546875, 38.8671875], [-6.962890625, 39.033203125], [-7.021484375, 39.12109375], [-7.12890625, 39.111328125], [-7.158203125, 39.130859375], [-7.1484375, 39.1796875], [-7.255859375, 39.23828125], [-7.24609375, 39.287109375], [-7.32421875, 39.384765625], [-7.3046875, 39.47265625], [-7.3828125, 39.501953125], [-7.5390625, 39.66796875], [-7.333984375, 39.6484375], [-7.275390625, 39.677734375], [-7.05078125, 39.66796875], [-7.01171875, 39.697265625], [-6.9921875, 39.814453125], [-6.9140625, 39.8828125], [-6.875, 40.029296875], [-6.953125, 40.126953125], [-7.021484375, 40.146484375], [-7.021484375, 40.21484375], [-6.875, 40.2734375], [-6.796875, 40.341796875], [-6.85546875, 40.439453125], [-6.806640625, 40.517578125], [-6.845703125, 40.576171875], [-6.806640625, 40.64453125], [-6.8359375, 40.751953125], [-6.806640625, 40.869140625], [-6.93359375, 41.025390625], [-6.81640625, 41.044921875], [-6.650390625, 41.25], [-6.50390625, 41.26953125], [-6.376953125, 41.396484375], [-6.34765625, 41.38671875], [-6.201171875, 41.591796875], [-6.34765625, 41.6796875], [-6.5234375, 41.669921875], [-6.5625, 41.73828125], [-6.5234375, 41.85546875], [-6.572265625, 41.89453125], [-6.552734375, 41.943359375], [-6.728515625, 41.943359375], [-6.796875, 42.001953125], [-6.8359375, 41.953125], [-6.943359375, 41.953125], [-6.97265625, 41.982421875], [-7.080078125, 41.962890625], [-7.1484375, 42.001953125], [-7.1875, 41.97265625], [-7.197265625, 41.89453125], [-7.412109375, 41.826171875], [-7.5, 41.875], [-7.607421875, 41.8359375], [-7.6171875, 41.89453125], [-7.6953125, 41.9140625], [-7.880859375, 41.865234375], [-7.900390625, 41.923828125], [-8.0859375, 41.81640625], [-8.1640625, 41.826171875], [-8.22265625, 41.904296875], [-8.0859375, 42.05078125], [-8.134765625, 42.08984375], [-8.18359375, 42.080078125], [-8.203125, 42.1484375], [-8.33984375, 42.08984375], [-8.6328125, 42.060546875], [-8.857421875, 41.884765625], [-9.990234375, 42.001953125], [-13.0078125, 43.0078125], [-13.0078125, 45.006510416666664], [-8.0078125, 45.013020833333336], [-4.0234375, 44.345703125], [-1.790364583333333, 43.59375], [-1.787109375, 43.359375], [-1.73828125, 43.310546875], [-1.650390625, 43.3203125], [-1.62109375, 43.26171875], [-1.533203125, 43.30078125], [-1.38671875, 43.251953125], [-1.416015625, 43.14453125], [-1.474609375, 43.095703125], [-1.4453125, 43.056640625], [-1.357421875, 43.046875], [-1.30859375, 43.125], [-1.26953125, 43.056640625], [-1.025390625, 43.0078125], [-0.9765625, 42.96875], [-0.76171875, 42.978515625], [-0.72265625, 42.890625], [-0.634765625, 42.861328125], [-0.56640625, 42.79296875], [-0.498046875, 42.83203125], [-0.44921875, 42.802734375], [-0.380859375, 42.8125], [-0.3125, 42.8515625], [-0.166015625, 42.79296875], [-0.074869791666667, 42.705078125], [-1.103515625, 39.755859375], [-2.10205078125, 35.85205078125], [-7.3828125, 35.83984375], [-7.395833333333333, 35.9765625], [-7.4462890625, 37.36328125]]]]}}, {"type": "Feature", "properties": {"FID": 72, "FIR_NAME": "LISBOA", "ICAO_CODE": "LPPC", "TYPE": "FIR", "COUNTRY": "Portugal"}, "geometry": {"type": "MultiPolygon", "coordinates": [[[[-13.0078125, 43.0078125], [-9.990234375, 42.001953125], [-8.857421875, 41.884765625], [-8.6328125, 42.060546875], [-8.33984375, 42.08984375], [-8.203125, 42.1484375], [-8.18359375, 42.080078125], [-8.134765625, 42.08984375], [-8.0859375, 42.05078125], [-8.22265625, 41.904296875], [-8.1640625, 41.826171875], [-8.0859375, 41.81640625], [-7.900390625, 41.923828125], [-7.880859375, 41.865234375], [-7.6953125, 41.9140625], [-7.6171875, 41.89453125], [-7.607421875, 41.8359375], [-7.5, 41.875], [-7.412109375, 41.826171875], [-7.197265625, 41.89453125], [-7.1875, 41.97265625], [-7.1484375, 42.001953125], [-7.080078125, 41.962890625], [-6.97265625, 41.982421875], [-6.943359375, 41.953125], [-6.8359375, 41.953125], [-6.796875, 42.001953125], [-6.728515625, 41.943359375], [-6.552734375, 41.943359375], [-6.572265625, 41.89453125], [-6.5234375, 41.85546875], [-6.5625, 41.73828125], [-6.5234375, 41.669921875], [-6.34765625, 41.6796875], [-6.201171875, 41.591796875], [-6.34765625, 41.38671875], [-6.376953125, 41.396484375], [-6.50390625, 41.26953125], [-6.650390625, 41.25], [-6.81640625, 41.044921875], [-6.93359375, 41.025390625], [-6.806640625, 40.869140625], [-6.8359375, 40.751953125], [-6.806640625, 40.64453125], [-6.845703125, 40.576171875], [-6.806640625, 40.517578125], [-6.85546875, 40.439453125], [-6.796875, 40.341796875], [-6.875, 40.2734375], [-7.021484375, 40.21484375], [-7.021484375, 40.146484375], [-6.953125, 40.126953125], [-6.875, 40.029296875], [-6.9140625, 39.8828125], [-6.9921875, 39.814453125], [-7.01171875, 39.697265625], [-7.05078125, 39.66796875], [-7.275390625, 39.677734375], [-7.333984375, 39.6484375], [-7.5390625, 39.66796875], [-7.3828125, 39.501953125], [-7.3046875, 39.47265625], [-7.32421875, 39.384765625], [-7.24609375, 39.287109375], [-7.255859375, 39.23828125], [-7.1484375, 39.1796875], [-7.158203125, 39.130859375], [-7.12890625, 39.111328125], [-7.021484375, 39.12109375], [-6.962890625, 39.033203125], [-7.060546875, 38.8671875], [-7.265625, 38.73046875], [-7.255859375, 38.623046875], [-7.32421875, 38.45703125], [-7.08984375, 38.18359375], [-6.953125, 38.22265625], [-6.953125, 38.154296875], [-7.021484375, 38.037109375], [-7.109375, 38.056640625], [-7.16796875, 37.998046875], [-7.24609375, 37.998046875], [-7.314453125, 37.83203125], [-7.431640625, 37.75390625], [-7.51953125, 37.578125], [-7.4462890625, 37.36328125], [-7.395833333333333, 35.9765625], [-12.01171875, 35.966796875], [-14.677734375, 32.197265625], [-14.892578125, 31.962890625], [-15.13671875, 31.767578125], [-15.478515625, 31.58203125], [-15.716145833333334, 31.497395833333332], [-16.26953125, 31.40625], [-16.6015625, 31.416015625], [-17.12890625, 31.533203125], [-17.438151041666668, 31.666666666666668], [-17.71484375, 31.865234375], [-17.939453125, 32.080078125], [-18.134765625, 32.34375], [-18.26171875, 32.607421875], [-18.330078125, 32.900390625], [-18.33984375, 33.1640625], [-18.291015625, 33.466796875], [-18.173828125, 33.759765625], [-18.037109375, 33.974609375], [-17.783203125, 34.248046875], [-15.009765625, 36.50390625], [-15.009765625, 41.9921875], [-13.0078125, 43.0078125]]]]}}, {"type": "Feature", "properties": {"FID": 73, "FIR_NAME": "MARSEILLE", "ICAO_CODE": "LFMM", "TYPE": "FIR", "COUNTRY": "France"}, "geometry": {"type": "MultiPolygon", "coordinates": [[[[7.998046875, 38.9990234375], [4.661458333333343, 39.007161458333336], [4.658203125, 42.001953125], [3.193359375, 42.44140625], [3.076171875, 42.44140625], [3.037109375, 42.48046875], [2.685546875, 42.40234375], [2.724609375, 42.59765625], [2.265625, 43.0078125], [2.548828125, 43.251953125], [2.705078125, 43.232421875], [2.6953125, 43.701171875], [3.02734375, 44.58984375], [2.998046875000028, 45.732421875], [2.913411458333352, 46.344401041666664], [3.251953125, 46.50390625], [4.814453125, 46.507161458333336], [6.08398437500001, 46.510416666666664], [6.074218750000028, 46.435546875], [6.142578124999972, 46.357421875], [6.103515625, 46.259765625], [5.966796874999972, 46.220703125], [5.986328125000028, 46.162109375], [6.1328125, 46.15234375], [6.279296875, 46.26953125], [6.220703125, 46.337890625], [6.298828125, 46.40625], [6.416015625, 46.416015625], [6.50390625, 46.46484375], [6.777343750000028, 46.4453125], [6.796875, 46.38671875], [6.767578125, 46.357421875], [6.8359375, 46.26953125], [6.796875, 46.240234375], [6.777343750000028, 46.162109375], [6.865234375000028, 46.1328125], [6.865234375000028, 46.07421875], [6.943359375, 46.0546875], [7.024739583333314, 45.940755208333336], [6.982421875, 45.87890625], [6.826171875, 45.849609375], [6.787109375, 45.791015625], [6.8359375, 45.703125], [6.97265625, 45.64453125], [7.001953125, 45.517578125], [7.16796875, 45.419921875], [7.099609375, 45.33203125], [7.119140625, 45.2734375], [7.0703125, 45.234375], [6.97265625, 45.224609375], [6.875, 45.146484375], [6.757812499999972, 45.17578125], [6.62109375, 45.1171875], [6.669921874999972, 45.0390625], [6.73828125, 45.01953125], [6.757812499999972, 44.912109375], [7.01171875, 44.84375], [7.021484374999972, 44.755859375], [7.060546875, 44.70703125], [6.97265625, 44.697265625], [6.933593749999972, 44.609375], [6.845703124999972, 44.541015625], [6.9140625, 44.453125], [6.875, 44.384765625], [6.933593749999972, 44.31640625], [7.001953125, 44.248046875], [7.158203125, 44.228515625], [7.265625, 44.16015625], [7.40234375, 44.130859375], [7.646484375, 44.19921875], [7.705078125, 44.08203125], [7.490234375, 43.88671875], [7.548828124999972, 43.779296875], [9.742838541666648, 43.170572916666664], [9.746093749999972, 41.34765625], [8.330078125, 41.337890625], [7.988281249999972, 40.99609375], [7.998046875, 38.9990234375]]]]}}, {"type": "Feature", "properties": {"FID": 74, "FIR_NAME": "SIMFEROPOL", "ICAO_CODE": "UKFV", "TYPE": "FIR", "COUNTRY": "Ukraine"}, "geometry": {"type": "MultiPolygon", "coordinates": [[[[30.745442708333325, 42.815755208333336], [30.524088541666668, 43.69140625], [30.40039062499997, 44.248046875], [30.091145833333332, 44.908854166666664], [30.361328125, 44.8828125], [31.34765625, 45.390625], [32.890625, 46.123046875], [32.83203125, 46.806640625], [32.990722656249986, 47.74169921875], [34.79492187499997, 47.4609375], [35.87890625, 47.12890625], [36.005859375, 46.962890625], [36.6796875, 46.591796875], [37.353515625, 46.578776041666664], [36.689453125, 45.478515625], [36.6796875, 45.390625], [36.58203125, 45.302734375], [36.591796875, 45.25390625], [36.533203125, 45.21484375], [36.6015625, 44.970703125], [36.66015625000003, 44.51171875], [36.259765625, 42.747395833333336], [34.189453125, 42.79296875], [30.99609375, 42.799479166666664], [30.745442708333325, 42.815755208333336]]]]}}, {"type": "Feature", "properties": {"FID": 75, "FIR_NAME": "SOFIA", "ICAO_CODE": "LBSR", "TYPE": "FIR", "COUNTRY": "Bulgaria"}, "geometry": {"type": "MultiPolygon", "coordinates": [[[[30.524088541666668, 43.69140625], [30.745442708333325, 42.815755208333336], [29.0234375, 42.12890625], [28.06640625, 41.9921875], [27.83203125, 42.01171875], [27.8125, 41.962890625], [27.69531250000003, 41.982421875], [27.55859375, 41.9140625], [27.28515625, 42.109375], [27.1875, 42.080078125], [27.0703125, 42.099609375], [26.89453125, 41.9921875], [26.62109374999997, 41.982421875], [26.5771484375, 41.93359375], [26.53320312499997, 41.8359375], [26.3671875, 41.826171875], [26.328125, 41.77734375], [26.337890625, 41.722005208333336], [26.162109375, 41.7578125], [26.064453125, 41.708984375], [26.064453125, 41.669921875], [26.1328125, 41.630859375], [26.1669921875, 41.494140625], [26.18164062499997, 41.4453125], [26.1328125, 41.3671875], [25.91796874999997, 41.318359375], [25.7861328125, 41.337890625], [25.703125, 41.30859375], [25.556640625, 41.328125], [25.4345703125, 41.2890625], [25.263671875, 41.25], [25.1171875, 41.34765625], [24.90234375, 41.416015625], [24.77539062499997, 41.3671875], [24.697265625, 41.435546875], [24.609375, 41.435546875], [24.53125, 41.572265625], [24.44335937500003, 41.533203125], [24.306640625, 41.533203125], [24.26757812500003, 41.572265625], [24.17968750000003, 41.533203125], [24.08203125, 41.552734375], [24.052734375, 41.46484375], [23.90625, 41.474609375], [23.759765625, 41.40625], [23.662109375, 41.416015625], [23.63281249999997, 41.38671875], [23.408203125, 41.416015625], [23.33984375, 41.376953125], [23.291015625, 41.416015625], [23.19335937499997, 41.328125], [22.955729166666675, 41.360677083333336], [22.94921875000003, 41.640625], [23.02734375, 41.73828125], [22.939453125, 41.806640625], [22.8515625, 42.0263671875], [22.66601562499997, 42.0703125], [22.55859375, 42.12890625], [22.373046875, 42.330729166666664], [22.50976562500003, 42.40234375], [22.548828125, 42.48046875], [22.431640625, 42.587890625], [22.49023437499997, 42.734375], [22.44140625, 42.822265625], [22.578125, 42.900390625], [22.744140625, 42.900390625], [22.802734375, 42.998046875], [22.96875, 43.115234375], [22.998046875, 43.18359375], [22.8515625, 43.28125], [22.763671875, 43.388671875], [22.5390625, 43.4765625], [22.49023437499997, 43.642578125], [22.412109375, 43.701171875], [22.36328125, 43.80859375], [22.412109375, 44.00390625], [22.607421875, 44.072265625], [22.6171875, 44.1796875], [22.672526041666657, 44.231770833333336], [22.91015625, 44.111328125], [23.03710937500003, 44.08203125], [22.998046875, 44.0234375], [22.87109375, 43.984375], [22.83203125, 43.88671875], [22.890625, 43.837890625], [23.0859375, 43.80859375], [23.408203125, 43.8671875], [23.61328125, 43.798828125], [23.73046875, 43.818359375], [24.150390625, 43.69140625], [24.35546875000003, 43.701171875], [24.560546875, 43.76953125], [24.697265625, 43.720703125], [24.97070312500003, 43.740234375], [25.078125, 43.69140625], [25.244140625, 43.69140625], [25.341796875, 43.6328125], [25.56640624999997, 43.65234375], [25.771484375, 43.7109375], [26.142578125, 43.994140625], [26.30859375, 44.04296875], [26.77734375, 44.091796875], [26.88476562499997, 44.140625], [27.119140625, 44.150390625], [27.265625, 44.130859375], [27.40234375, 44.0234375], [27.65625, 44.04296875], [27.724609375, 43.96484375], [27.9296875, 44.00390625], [28.0078125, 43.84765625], [28.2421875, 43.76953125], [28.57421875000003, 43.759765625], [28.974609375, 43.671875], [29.033203125, 43.740234375], [30.524088541666668, 43.69140625]]]]}}, {"type": "Feature", "properties": {"FID": 76, "FIR_NAME": "SANTA MARIA OCEANIC", "ICAO_CODE": "LPPO", "TYPE": "FIR", "COUNTRY": "Portugal"}, "geometry": {"type": "MultiPolygon", "coordinates": [[[[-13.0078125, 45.006510416666664], [-13.0078125, 43.0078125], [-15.009765625, 41.9921875], [-15.009765625, 36.50390625], [-17.783203125, 34.248046875], [-18.037109375, 33.974609375], [-18.173828125, 33.759765625], [-18.291015625, 33.466796875], [-18.33984375, 33.1640625], [-18.330078125, 32.900390625], [-18.26171875, 32.607421875], [-18.134765625, 32.34375], [-17.939453125, 32.080078125], [-17.71484375, 31.865234375], [-17.438151041666668, 31.666666666666668], [-19.990234375, 30.009765625], [-25.009765625, 29.990234375], [-25.009765625, 24.00390625], [-27.080078125, 22.958984375], [-31.1328125, 20.771484375], [-35.1953125, 18.41796875], [-37.49267578125, 17.00439453125], [-40.013020833333336, 22.298177083333332], [-40.009765625, 45.006510416666664], [-30.009765625, 45.013020833333336], [-13.0078125, 45.006510416666664]]]]}}, {"type": "Feature", "properties": {"FID": 77, "FIR_NAME": "NDJAMENA", "ICAO_CODE": "FTTT", "TYPE": "FIR", "COUNTRY": null}, "geometry": {"type": "MultiPolygon", "coordinates": [[[[24.9609375, 8.001302083333334], [12.210286458333314, 8.0078125], [12.197265625, 8.125], [12.24609375, 8.18359375], [12.236328125, 8.388671875], [12.255859375, 8.427734375], [12.333984375, 8.427734375], [12.412109375, 8.505859375], [12.397460937500014, 8.6083984375], [12.568359375, 8.61328125], [12.6904296875, 8.681640625], [12.71484375, 8.75], [12.7734375, 8.759765625], [12.822265624999972, 8.84765625], [12.83203125, 9.08203125], [12.910156249999972, 9.248046875], [12.910156249999972, 9.3359375], [12.861328125, 9.3701171875], [13.017578125000028, 9.501953125], [13.18359375, 9.53125], [13.2421875, 9.599609375], [13.2421875, 9.716796875], [13.28125, 9.8046875], [13.22265625, 9.873046875], [13.251953125, 9.951171875], [13.2421875, 10.068359375], [13.291015625, 10.107421875], [13.369140625000028, 10.107421875], [13.457031250000028, 10.17578125], [13.5546875, 10.654296875], [13.76953125, 10.947265625], [13.76953125, 11.03515625], [13.84765625, 11.09375], [13.876953124999972, 11.171875], [14.00390625, 11.2890625], [14.189453125, 11.25], [14.39453125, 11.40625], [14.619140625, 11.5234375], [14.62890625, 11.650390625], [14.55078125, 11.728515625], [14.599609375000028, 11.77734375], [14.638671875, 11.9140625], [14.619140625, 12.041015625], [14.658203125, 12.1484375], [14.658203125, 12.1875], [14.560546875, 12.2265625], [14.47265625, 12.34375], [14.208984375, 12.353515625], [14.169921875, 12.392578125], [14.189453125, 12.5390625], [14.072265625000028, 13.076171875], [13.613281249999972, 13.720703125], [13.359375, 13.73046875], [13.193359375000028, 13.53515625], [13.056640625, 13.5546875], [12.8369140625, 13.447265625], [12.71484375, 13.3203125], [12.58544921875, 13.251953125], [12.470703124999972, 13.06640625], [12.177734375, 13.134765625], [12.099609375, 13.115234375], [11.81640625, 13.28125], [11.490885416666666, 13.382161458333334], [11.497395833333323, 22.01171875], [18.984375, 22.01171875], [23.987630208333332, 19.521484375], [23.994140625, 15.72265625], [23.955078125, 15.703125], [23.65234375000003, 15.771484375], [23.359375, 15.68359375], [23.115234375, 15.72265625], [22.919921875, 15.556640625], [22.91015625, 15.5078125], [22.98828125, 15.41015625], [22.978515625, 15.21484375], [22.939453125, 15.13671875], [22.84179687499997, 15.087890625], [22.744140625, 14.98046875], [22.734375, 14.912109375], [22.66601562499997, 14.86328125], [22.6953125, 14.70703125], [22.470703125, 14.638671875], [22.373046875, 14.55078125], [22.44140625, 14.482421875], [22.4609375, 14.345703125], [22.431640625, 14.27734375], [22.5390625, 14.23828125], [22.55859375, 14.150390625], [22.22656249999997, 13.974609375], [22.08984375, 13.798828125], [22.13867187499997, 13.65234375], [22.22656249999997, 13.5546875], [22.236328125, 13.447265625], [22.28515625, 13.3984375], [22.275390625, 13.330078125], [22.13867187499997, 13.18359375], [22.001953125, 13.134765625], [21.904296875, 12.998046875], [21.826171875, 12.8125], [21.884765625, 12.6953125], [21.953125, 12.646484375], [22.13867187499997, 12.65625], [22.22656249999997, 12.744140625], [22.451171875, 12.626953125], [22.3828125, 12.4609375], [22.431640625, 12.40234375], [22.5, 12.1875], [22.551269531249993, 12.0654296875], [22.548828125, 11.640625], [22.65625, 11.50390625], [22.77343750000003, 11.46484375], [22.79296875, 11.416015625], [22.91015625, 11.42578125], [22.96875, 11.2890625], [22.96875, 11.201171875], [22.87109375, 10.908203125], [22.998046875, 10.712890625], [23.3203125, 10.439453125], [23.662109375, 9.873046875], [23.69140625, 9.677734375], [23.623046875, 9.560546875], [23.623046875, 9.462890625], [23.65234375000003, 9.443359375], [23.642578125, 9.287109375], [23.5546875, 9.189453125], [23.47656250000003, 9.16015625], [23.447265625, 9.04296875], [23.447265625, 9.00390625], [23.49609375, 8.96484375], [23.57421875, 8.994140625], [23.57421875, 8.90625], [23.49609375, 8.798828125], [23.505859375, 8.73046875], [23.5546875, 8.7109375], [23.61328125, 8.75], [23.72070312499997, 8.7109375], [23.828125, 8.73046875], [24.07226562499997, 8.69140625], [24.23828125, 8.701171875], [24.228515625, 8.623046875], [24.2578125, 8.583984375], [24.150390625, 8.4765625], [24.140625, 8.369140625], [24.17968750000003, 8.310546875], [24.33593749999997, 8.26171875], [24.453125, 8.28125], [24.53125, 8.212890625], [24.62890625, 8.232421875], [24.79492187500003, 8.203125], [24.94140625, 8.0859375], [24.9609375, 8.001302083333334]]]]}}, {"type": "Feature", "properties": {"FID": 78, "FIR_NAME": null, "ICAO_CODE": null, "TYPE": "FIR", "COUNTRY": null}, "geometry": {"type": "MultiPolygon", "coordinates": [[[[-76.80013020833333, 42.620442708333336], [-76.69921875, 42.744140625], [-76.67643229166667, 42.890625], [-76.50390624999999, 42.94921875], [-76.09375, 42.939453125], [-76.015625, 42.861328125], [-75.97656249999999, 42.705078125], [-76.04166666666667, 42.301432291666664], [-76.80013020833333, 42.620442708333336]]]]}}, {"type": "Feature", "properties": {"FID": 79, "FIR_NAME": "CLEVELAND", "ICAO_CODE": "KZOB", "TYPE": "FIR", "COUNTRY": "United States"}, "geometry": {"type": "MultiPolygon", "coordinates": [[[[-76.67643229166667, 42.890625], [-76.69921875, 42.744140625], [-76.80013020833333, 42.620442708333336], [-77.265625, 42.1484375], [-77.626953125, 41.5625], [-78.125, 40.87890625], [-77.880859375, 40.546875], [-77.82958984375, 39.86083984375], [-79.51171875, 39.39453125], [-79.892578125, 39.1796875], [-80.41015625, 39.176432291666664], [-80.52734375, 39.1796875], [-81.552734375, 39.755859375], [-81.640625, 40.234375], [-81.796875, 40.60546875], [-83.359375, 40.517578125], [-83.505859375, 40.56640625], [-83.662109375, 40.751953125], [-83.75, 40.791015625], [-84.70377604166667, 40.908203125], [-84.716671, 41.283341], [-85.108338, 41.383341], [-85.009765625, 41.826171875], [-85.00651041666667, 41.9921875], [-85.009765625, 43.502604166666664], [-84.963616, 43.586675], [-83.63247567395985, 43.7121891529034], [-82.182459, 43.854036], [-82.12890624999999, 43.59375], [-82.4609375, 42.939453125], [-82.49023437500001, 42.822265625], [-82.470703125, 42.7734375], [-82.51953125, 42.626953125], [-82.59765625, 42.55859375], [-82.65625, 42.55859375], [-82.84179687500001, 42.373046875], [-83.076171875, 42.32421875], [-83.134765625, 42.24609375], [-83.154296875, 42.041015625], [-83.076171875, 41.875], [-82.705078125, 41.689453125], [-82.373046875, 41.689453125], [-81.25, 42.216796875], [-80.10742187499999, 42.392578125], [-78.984375, 42.8125], [-78.935546875, 42.841796875], [-78.916015625, 42.939453125], [-79.033203125, 43.0078125], [-79.013671875, 43.06640625], [-79.072265625, 43.095703125], [-79.0625, 43.251953125], [-79.19921875, 43.447265625], [-78.75, 43.623046875], [-76.806640625, 43.639322916666664], [-76.77734375000001, 43.0859375], [-76.67643229166667, 42.890625]]]]}}, {"type": "Feature", "properties": {"FID": 80, "FIR_NAME": "LANGEN", "ICAO_CODE": "EDGG", "TYPE": "FIR", "COUNTRY": "Germany"}, "geometry": {"type": "MultiPolygon", "coordinates": [[[[10.013020833333352, 51.350911458333336], [10.419921875, 51.350911458333336], [10.498046875, 51.318359375], [10.693359375, 50.6640625], [10.46875, 50.458984375], [10.292968750000028, 50.234375], [10.673828125, 49.98046875], [10.9521484375, 49.4482421875], [10.48828125, 49.12109375], [9.78515625, 48.828125], [9.541015625, 48.53515625], [9.541015625, 47.822265625], [9.242762584578687, 47.635957788184534], [9.034166, 47.683333], [8.892222, 47.657222], [8.631388, 47.768333], [8.498055, 47.765555], [8.413888, 47.677777], [8.522777, 47.645555], [8.456111, 47.574166], [8.2, 47.620277], [8.081111, 47.561666], [7.943611, 47.546111], [7.899722, 47.588055], [7.851944, 47.588888], [7.778888, 47.553888], [7.703333, 47.536944], [7.683333, 47.566666], [7.529296875, 47.55078125], [7.5, 47.6953125], [7.529296875, 47.724609375], [7.548828124999972, 47.880859375], [7.6171875, 47.978515625], [7.55859375, 48.046875], [7.568359375000028, 48.125], [7.666015625, 48.232421875], [7.685546875, 48.30078125], [7.744140625000028, 48.33984375], [7.724609374999972, 48.3984375], [7.802734375, 48.525390625], [7.8125, 48.6328125], [7.9296875, 48.701171875], [7.96875, 48.759765625], [8.076171874999972, 48.798828125], [8.178710937500014, 48.9697265625], [7.939453125, 49.052734375], [7.636718749999972, 49.052734375], [7.59765625, 49.091796875], [7.548828124999972, 49.08203125], [7.475585937499986, 49.1552734375], [7.373046874999972, 49.1796875], [7.285156249999972, 49.12109375], [7.109375, 49.150390625], [7.041015625000028, 49.12109375], [7.01171875, 49.19921875], [6.923828125, 49.228515625], [6.85546875, 49.228515625], [6.826171875, 49.16015625], [6.728515625, 49.169921875], [6.572265625, 49.3359375], [6.572265625, 49.384765625], [6.513671875000028, 49.443359375], [6.357421875, 49.475911458333336], [6.3671875, 49.58984375], [6.494140624999972, 49.716796875], [6.50390625, 49.8046875], [6.38671875, 49.82421875], [6.220703125, 49.912109375], [6.123046875, 50.01953125], [6.11328125, 50.09765625], [6.162109375, 50.1953125], [6.181640625, 50.244140625], [6.26953125, 50.2734375], [6.298828125, 50.322265625], [6.389973958333333, 50.341796875], [6.34765625, 50.380859375], [6.3671875, 50.44921875], [6.318359374999972, 50.498046875], [6.220703125, 50.498046875], [6.181640625, 50.537109375], [6.171875, 50.556640625], [6.25, 50.6201171875], [6.181640625, 50.634765625], [6.09375, 50.732421875], [6.03515625, 50.72265625], [5.99609375000001, 50.774739583333336], [6.025390625, 50.859375], [6.074218750000028, 50.869140625], [6.064453125, 50.91796875], [6.005859375, 50.947265625], [5.99609375, 50.986328125], [5.898437500000028, 50.986328125], [5.869140625, 51.044921875], [5.947265625, 51.044921875], [6.15234375, 51.162109375], [6.142578124999972, 51.19140625], [6.09375, 51.171875], [6.064453125, 51.2109375], [6.2109375, 51.3671875], [6.2109375, 51.484375], [6.083984375, 51.62109375], [6.103515625, 51.650390625], [6.044921875, 51.669921875], [5.971679687499986, 51.7529296875], [5.95703125, 51.8359375], [6.137695312499986, 51.8603515625], [6.123046875, 51.89453125], [6.15234375, 51.9140625], [6.201171875, 51.875], [6.26953125, 51.884765625], [6.38671875, 51.8359375], [6.40625, 51.875], [6.748046875, 51.9140625], [6.826171875, 51.982421875], [6.689453125000028, 52.0703125], [6.767578125, 52.12890625], [6.85546875, 52.12890625], [6.89453125, 52.177734375], [7.044270833333353, 52.249348958333336], [7.988281249999972, 52.28515625], [7.988281249999972, 52.138671875], [8.046875, 52.119140625], [8.984375, 52.138671875], [8.994140625, 51.669921875], [8.782552083333314, 51.350911458333336], [10.013020833333352, 51.350911458333336]]]]}}, {"type": "Feature", "properties": {"FID": 82, "FIR_NAME": "ISLA DE PASCUA", "ICAO_CODE": "SCIZ", "TYPE": "FIR", "COUNTRY": "Chile"}, "geometry": {"type": "MultiPolygon", "coordinates": [[[[-120.00651041666667, -14.990234375], [-90.01302083333333, -14.990234375], [-90.00651041666667, -18.33984375], [-90.00651041666667, -28.49609375], [-90.00651041666667, -38.49609375], [-90.00651041666667, -46.9921875], [-90.009765625, -89.98046875], [-131.0107421875, -89.9853515625], [-131.005859375, -29.993489583333332], [-120.009765625, -29.98046875], [-120.00651041666667, -14.990234375]]]]}}, {"type": "Feature", "properties": {"FID": 83, "FIR_NAME": null, "ICAO_CODE": null, "TYPE": "FIR", "COUNTRY": null}, "geometry": {"type": "MultiPolygon", "coordinates": [[[[-90.01302083333333, -14.990234375], [-120.00651041666667, -14.990234375], [-120.01302083333333, 3.505859375], [-120.00651041666667, 5.009765625], [-104.4921875, 10.0], [-92.001953125, 1.422526041666667], [-92.001953125, -3.378906249999986], [-90.00651041666667, -3.401692708333333], [-90.01302083333333, -14.990234375]]]]}}, {"type": "Feature", "properties": {"FID": 84, "FIR_NAME": "SARAJEVO", "ICAO_CODE": "LQSB", "TYPE": "FIR", "COUNTRY": "Bosnia and Herzegovina"}, "geometry": {"type": "MultiPolygon", "coordinates": [[[[19.533691406250007, 44.08447265625], [19.52148437500003, 43.96484375], [19.23828124999997, 44.00390625], [19.248046875, 43.96484375], [19.482421875, 43.76953125], [19.482421875, 43.59375], [19.365234375, 43.623046875], [19.248046875, 43.525390625], [19.111328125, 43.515625], [18.99414062500003, 43.5546875], [18.9453125, 43.4765625], [19.013671875, 43.4375], [19.08203125000003, 43.330078125], [19.072265625, 43.26171875], [19.00390625, 43.251953125], [18.90625, 43.369140625], [18.69140625, 43.251953125], [18.701171875, 43.22265625], [18.64257812500003, 43.154296875], [18.65234375, 43.06640625], [18.515625, 43.017578125], [18.46679687500003, 42.958984375], [18.45703125, 42.822265625], [18.55468750000003, 42.71484375], [18.564453125, 42.63671875], [18.55, 42.583333], [18.526025390491423, 42.53787032005235], [18.51045554176456, 42.50776861251374], [18.48, 42.450277], [18.438333, 42.54], [18.343858160387143, 42.598246733448725], [18.251953125, 42.626953125], [18.09570312499997, 42.75390625], [17.998046875, 42.763671875], [17.880859375, 42.822265625], [17.822265625, 42.919921875], [17.705078125, 42.939453125], [17.63671875, 42.900390625], [17.58789062500003, 42.939453125], [17.67578125000003, 42.978515625], [17.666015625, 43.02734375], [17.607421875, 43.095703125], [17.451171875, 43.1640625], [17.275390625, 43.310546875], [17.265625, 43.447265625], [17.23632812500003, 43.4765625], [16.9921875, 43.57421875], [16.86523437499997, 43.701171875], [16.728515625, 43.779296875], [16.669921875, 43.88671875], [16.5234375, 44.0234375], [16.416015625, 44.04296875], [16.25, 44.19921875], [16.16210937499997, 44.2138671875], [16.2109375, 44.345703125], [16.15234375, 44.404296875], [16.1328125, 44.482421875], [16.025390625, 44.5703125], [15.947265625, 44.70703125], [15.849609375, 44.716796875], [15.732421875, 44.814453125], [15.791015625, 44.853515625], [15.751953125, 45.068359375], [15.78125, 45.17578125], [15.83984375, 45.224609375], [15.986328124999972, 45.234375], [16.220703125, 45.029296875], [16.33789062499997, 45.009765625], [16.396484375, 45.1171875], [16.53320312500003, 45.234375], [16.826171875, 45.1953125], [16.9189453125, 45.25390625], [17.16796875, 45.15625], [17.28515625, 45.185546875], [17.353515625, 45.146484375], [17.475585937499986, 45.1318359375], [17.67578125000003, 45.13671875], [17.822265625, 45.05859375], [17.880859375, 45.05859375], [17.98828125, 45.15625], [18.056640625, 45.146484375], [18.11523437500003, 45.087890625], [18.193359375, 45.087890625], [18.251953125, 45.146484375], [18.33984375, 45.107421875], [18.41796875, 45.1171875], [18.505859375, 45.05859375], [18.601074218749993, 45.07568359375], [18.7890625, 44.990234375], [18.759765625, 44.94140625], [18.779296875, 44.90234375], [18.84765625, 44.86328125], [19.05664062500001, 44.900390625], [19.1796875, 44.931640625], [19.365234375, 44.8828125], [19.31640625, 44.716796875], [19.25781250000003, 44.677734375], [19.16992187500003, 44.541015625], [19.12109375, 44.521484375], [19.140625, 44.43359375], [19.1015625, 44.365234375], [19.15039062499997, 44.296875], [19.306640625, 44.27734375], [19.35546875, 44.189453125], [19.533691406250007, 44.08447265625]]]]}}, {"type": "Feature", "properties": {"FID": 85, "FIR_NAME": "BEOGRAD", "ICAO_CODE": "LYBA", "TYPE": "FIR", "COUNTRY": "Serbia"}, "geometry": {"type": "MultiPolygon", "coordinates": [[[[19.482421875, 43.59375], [19.482421875, 43.76953125], [19.248046875, 43.96484375], [19.23828124999997, 44.00390625], [19.52148437500003, 43.96484375], [19.533691406250007, 44.08447265625], [19.35546875, 44.189453125], [19.306640625, 44.27734375], [19.15039062499997, 44.296875], [19.1015625, 44.365234375], [19.140625, 44.43359375], [19.12109375, 44.521484375], [19.16992187500003, 44.541015625], [19.25781250000003, 44.677734375], [19.31640625, 44.716796875], [19.365234375, 44.8828125], [19.1796875, 44.931640625], [19.05664062500001, 44.900390625], [19.140625, 44.98046875], [19.1015625, 45.0], [19.08203125000003, 45.126953125], [19.16992187500003, 45.166015625], [19.16992187500003, 45.224609375], [19.248046875, 45.185546875], [19.404296875, 45.185546875], [19.41406249999997, 45.234375], [19.130859375, 45.29296875], [19.08203125000003, 45.3515625], [18.97460937499997, 45.390625], [19.013671875, 45.4248046875], [18.99414062500003, 45.48828125], [19.091796875, 45.517578125], [19.013671875, 45.56640625], [18.92578125, 45.546875], [18.896484375, 45.576171875], [18.90625, 45.625], [18.96484375, 45.673828125], [18.916015625, 45.712890625], [18.9453125, 45.78125], [18.815104166666686, 45.901692708333336], [18.90625, 45.947265625], [18.97460937499997, 45.9375], [19.1015625, 46.03515625], [19.15039062499997, 45.99609375], [19.27734375, 45.99609375], [19.31640625, 46.044921875], [19.443359375, 46.07421875], [19.560546875, 46.181640625], [19.66796875, 46.19140625], [19.78515625000003, 46.142578125], [19.951171875, 46.181640625], [20.02929687499997, 46.15234375], [20.11718749999997, 46.171875], [20.250651041666668, 46.129557291666664], [20.38085937499997, 45.9765625], [20.57617187500003, 45.908203125], [20.712890625, 45.751953125], [20.791015625, 45.76171875], [20.791015625, 45.6640625], [20.76171875, 45.625], [20.810546875, 45.556640625], [20.791015625, 45.48828125], [21.03515625, 45.322265625], [21.162109375, 45.3125], [21.25976562499997, 45.234375], [21.46484375, 45.1953125], [21.50390625, 45.13671875], [21.38671875, 45.009765625], [21.416015625, 44.970703125], [21.52343749999997, 44.951171875], [21.552734375, 44.90234375], [21.36718750000003, 44.873046875], [21.357421875, 44.833984375], [21.396484375, 44.78515625], [21.572265625, 44.775390625], [21.63085937500003, 44.66796875], [21.97265625, 44.6484375], [22.109375, 44.4921875], [22.177734375, 44.4921875], [22.32421875, 44.677734375], [22.44140625, 44.7265625], [22.59765625000003, 44.62890625], [22.705078125, 44.609375], [22.744140625, 44.541015625], [22.587890625, 44.560546875], [22.5390625, 44.4921875], [22.451171875, 44.482421875], [22.51953125, 44.35546875], [22.568359375, 44.306640625], [22.66601562499997, 44.296875], [22.672526041666657, 44.231770833333336], [22.6171875, 44.1796875], [22.607421875, 44.072265625], [22.412109375, 44.00390625], [22.36328125, 43.80859375], [22.412109375, 43.701171875], [22.49023437499997, 43.642578125], [22.5390625, 43.4765625], [22.763671875, 43.388671875], [22.8515625, 43.28125], [22.998046875, 43.18359375], [22.96875, 43.115234375], [22.802734375, 42.998046875], [22.744140625, 42.900390625], [22.578125, 42.900390625], [22.44140625, 42.822265625], [22.49023437499997, 42.734375], [22.431640625, 42.587890625], [22.548828125, 42.48046875], [22.50976562500003, 42.40234375], [22.373046875, 42.330729166666664], [21.78710937499997, 42.294921875], [21.328125, 42.1484375], [20.90820312499997, 42.109375], [20.602213541666675, 41.920572916666664], [20.595703125, 42.041015625], [20.517578125, 42.216796875], [20.44921875, 42.28515625], [20.33203125, 42.333984375], [20.244140625, 42.333984375], [20.20507812499997, 42.451171875], [20.146484375, 42.51953125], [20.04882812500003, 42.568359375], [19.98046875, 42.51953125], [19.8046875, 42.48046875], [19.755859375, 42.51953125], [19.760742187499986, 42.5927734375], [19.716796875, 42.666015625], [19.658203125, 42.63671875], [19.287109375, 42.197265625], [19.39453125, 42.109375], [19.358723958333332, 41.940104166666664], [19.355749929325714, 41.87320805367862], [19.339779045199684, 41.83370112978792], [19.1796875, 41.6015625], [18.863932291666668, 41.142578125], [18.221666, 41.4425], [18.339444, 41.495], [18.48, 41.884166], [18.59, 41.865555], [18.663611, 41.927222], [18.526944, 42.014166], [18.59375, 42.197265625], [18.554166, 42.410555], [18.48, 42.450277], [18.51045554176456, 42.50776861251374], [18.526025390491423, 42.53787032005235], [18.55, 42.583333], [18.564453125, 42.63671875], [18.55468750000003, 42.71484375], [18.45703125, 42.822265625], [18.46679687500003, 42.958984375], [18.515625, 43.017578125], [18.65234375, 43.06640625], [18.64257812500003, 43.154296875], [18.701171875, 43.22265625], [18.69140625, 43.251953125], [18.90625, 43.369140625], [19.00390625, 43.251953125], [19.072265625, 43.26171875], [19.08203125000003, 43.330078125], [19.013671875, 43.4375], [18.9453125, 43.4765625], [18.99414062500003, 43.5546875], [19.111328125, 43.515625], [19.248046875, 43.525390625], [19.365234375, 43.623046875], [19.482421875, 43.59375]]]]}}, {"type": "Feature", "properties": {"FID": 86, "FIR_NAME": "BUJUMBURA", "ICAO_CODE": "HBBA", "TYPE": "FIR", "COUNTRY": "Burundi"}, "geometry": {"type": "MultiPolygon", "coordinates": [[[[30.4443359375, -2.3291015625], [30.49944196428571, -2.551618303571433], [30.439453125, -2.734375], [30.40039062499997, -2.851562499999986], [30.48828124999997, -2.939453124999986], [30.5419921875, -2.91015625], [30.654296875, -2.96875], [30.80078125, -2.9931640625], [30.791015625, -3.056640625], [30.83984374999997, -3.14453125], [30.8203125, -3.251953125], [30.732421875, -3.286132812499993], [30.634765625, -3.33984375], [30.66406249999997, -3.3984375], [30.625, -3.447265625], [30.439453125, -3.554687499999986], [30.380859375, -3.7109375], [30.40039062499997, -3.76953125], [30.3125, -3.7890625], [30.22460937499997, -3.916015625000014], [30.166015625, -4.091796875000014], [30.05859375, -4.179687500000014], [30.029296875, -4.267578125000014], [29.912109375, -4.345703124999986], [29.814453125, -4.355468750000014], [29.74609375, -4.453125], [29.42382812499999, -4.436848958333329], [29.36523437500003, -4.1015625], [29.306640625, -3.96484375], [29.23828125, -3.90625], [29.208984375, -3.759765625], [29.23828125, -3.652343750000014], [29.208984375, -3.291015624999986], [29.248046875, -3.046875], [29.08203124999997, -2.900390625], [29.033203125, -2.8125], [28.99414062499997, -2.802734375], [29.029947916666668, -2.727864583333333], [29.052734375, -2.607421875], [29.150390625, -2.587890624999986], [29.326171875, -2.65625], [29.36523437500003, -2.822265625], [29.43359374999997, -2.79296875], [29.545898437500014, -2.8125], [29.658203125, -2.783203125], [29.71679687500003, -2.8125], [29.775390625, -2.75390625], [29.8828125, -2.744140625], [29.921875, -2.685546875000014], [29.912109375, -2.55859375], [29.96093749999997, -2.48046875], [29.96093749999997, -2.333984375000014], [30.146484375, -2.431640625], [30.21484375, -2.353515625], [30.361328125, -2.353515625], [30.390625, -2.3046875], [30.4443359375, -2.3291015625]]]]}}, {"type": "Feature", "properties": {"FID": 87, "FIR_NAME": "DHAKA", "ICAO_CODE": "VGFR", "TYPE": "FIR", "COUNTRY": "Bangladesh"}, "geometry": {"type": "MultiPolygon", "coordinates": [[[[88.7646484375, 25.5126953125], [88.69140625, 25.478515625], [88.5546875, 25.5078125], [88.447265625, 25.595703125], [88.447265625, 25.6640625], [88.26171875, 25.8203125], [88.14453125, 25.791015625], [88.095703125, 25.869140625], [88.125, 25.99609375], [88.173828125, 26.044921875], [88.173828125, 26.15234375], [88.33984375, 26.220703125], [88.37890625, 26.328125], [88.515625, 26.376953125], [88.466796875, 26.474609375], [88.330078125, 26.484375], [88.3984375, 26.62109375], [88.4375, 26.552734375], [88.65234375, 26.435546875], [88.7158203125, 26.30859375], [88.779296875, 26.298828125], [88.818359375, 26.240234375], [88.876953125, 26.2890625], [88.935546875, 26.25], [89.0234375, 26.25], [89.033203125, 26.279296875], [88.896484375, 26.376953125], [88.9453125, 26.4453125], [89.072265625, 26.376953125], [89.072265625, 26.2890625], [89.150390625, 26.142578125], [89.19921875, 26.1328125], [89.31640625, 26.025390625], [89.39453125, 26.044921875], [89.51171875, 25.99609375], [89.58984375, 26.083984375], [89.560546875, 26.142578125], [89.5947265625, 26.1865234375], [89.58984375, 26.220703125], [89.62890625, 26.23046875], [89.66796875, 26.171875], [89.74609375, 26.142578125], [89.765625, 26.064453125], [89.84375, 25.99609375], [89.833984375, 25.95703125], [89.853515625, 25.91796875], [89.8046875, 25.810546875], [89.853515625, 25.6640625], [89.814453125, 25.419921875], [89.84375, 25.29296875], [89.9609375, 25.302734375], [90.1171875, 25.224609375], [90.322265625, 25.1953125], [90.380859375, 25.15625], [90.634765625, 25.185546875], [90.888671875, 25.15625], [91.259765625, 25.21484375], [91.337890625, 25.166015625], [91.50390625, 25.146484375], [91.58203125, 25.17578125], [91.62109375, 25.13671875], [91.6796875, 25.13671875], [91.7578125, 25.17578125], [92.041015625, 25.1953125], [92.3828125, 25.048828125], [92.490234375, 24.892578125], [92.3828125, 24.853515625], [92.255859375, 24.912109375], [92.24609375, 24.74609375], [92.1875, 24.5703125], [92.12890625, 24.521484375], [92.12890625, 24.4140625], [92.099609375, 24.384765625], [91.97265625, 24.375], [91.96201595640325, 24.369171587354533], [91.96705939349567, 24.359925286018413], [91.9872331418654, 24.349838411833552], [92.00152288029395, 24.330505236312572], [91.97882741337801, 24.32041836212771], [91.95024793652091, 24.34059211049743], [91.92923361530245, 24.343113829043645], [91.91578444972264, 24.323780653522665], [91.92923361530245, 24.284273729631963], [91.93091476099993, 24.24056394149757], [91.92503075105876, 24.191810716270744], [91.88804554571428, 24.162390666564903], [91.86198778740338, 24.185086133480837], [91.86197916666667, 24.267578125], [91.7578125, 24.248046875], [91.73828125, 24.16015625], [91.689453125, 24.16015625], [91.650390625, 24.208984375], [91.630859375, 24.130859375], [91.5625, 24.091796875], [91.376953125, 24.111328125], [91.3671875, 24.013671875], [91.259765625, 23.974609375], [91.23046875, 23.90625], [91.25, 23.837890625], [91.201171875, 23.759765625], [91.15234375, 23.740234375], [91.19140625, 23.671875], [91.15234375, 23.642578125], [91.298828125, 23.369140625], [91.30859375, 23.193359375], [91.3671875, 23.076171875], [91.396484375, 23.0859375], [91.3671875, 23.22265625], [91.396484375, 23.271484375], [91.46484375, 23.22265625], [91.54296875, 23.0078125], [91.6015625, 22.958984375], [91.71875, 22.998046875], [91.806640625, 23.0859375], [91.7578125, 23.271484375], [91.826171875, 23.3984375], [91.923828125, 23.447265625], [91.962890625, 23.515625], [91.9482421875, 23.7255859375], [92.021484375, 23.65234375], [92.0703125, 23.662109375], [92.138671875, 23.740234375], [92.197265625, 23.720703125], [92.20703125, 23.662109375], [92.255859375, 23.73046875], [92.28515625, 23.701171875], [92.265625, 23.623046875], [92.373046875, 23.3203125], [92.34375, 23.173828125], [92.373046875, 22.94921875], [92.451171875, 22.87109375], [92.4609375, 22.7734375], [92.509765625, 22.724609375], [92.59765625, 22.177734375], [92.568359375, 22.138671875], [92.59114583333333, 22.001953125], [92.509765625, 21.93359375], [91.98893229166667, 21.002604166666668], [89.169921875, 21.640625], [89.04296875, 21.787109375], [89.033203125, 21.904296875], [89.08203125, 21.943359375], [89.052734375, 22.109375], [89.08203125, 22.158203125], [89.00390625, 22.275390625], [88.994140625, 22.4609375], [88.9453125, 22.548828125], [88.92578125, 22.763671875], [88.96484375, 22.861328125], [88.916015625, 22.880859375], [88.857421875, 22.978515625], [88.8671875, 23.095703125], [88.974609375, 23.212890625], [88.837890625, 23.251953125], [88.779296875, 23.232421875], [88.701171875, 23.28125], [88.7890625, 23.486328125], [88.740234375, 23.4765625], [88.5546875, 23.662109375], [88.59375, 23.8671875], [88.73046875, 23.92578125], [88.720703125, 24.013671875], [88.75, 24.04296875], [88.69140625, 24.091796875], [88.7158203125, 24.1845703125], [88.740234375, 24.248046875], [88.69140625, 24.31640625], [88.486328125, 24.326171875], [88.3203125, 24.443359375], [88.125, 24.51171875], [88.037109375, 24.697265625], [88.154296875, 24.84375], [88.154296875, 24.94140625], [88.212890625, 24.9609375], [88.271484375, 24.892578125], [88.33984375, 24.8828125], [88.45703125, 25.078125], [88.466796875, 25.205078125], [88.935546875, 25.185546875], [89.00390625, 25.302734375], [88.876953125, 25.33203125], [88.818359375, 25.41015625], [88.828125, 25.478515625], [88.7646484375, 25.5126953125]]]]}}, {"type": "Feature", "properties": {"FID": 88, "FIR_NAME": "KOLKATA", "ICAO_CODE": "VECF", "TYPE": "FIR", "COUNTRY": "India"}, "geometry": {"type": "MultiPolygon", "coordinates": [[[[88.7158203125, 26.30859375], [88.65234375, 26.435546875], [88.4375, 26.552734375], [88.3984375, 26.62109375], [88.330078125, 26.484375], [88.466796875, 26.474609375], [88.515625, 26.376953125], [88.37890625, 26.328125], [88.33984375, 26.220703125], [88.173828125, 26.15234375], [88.173828125, 26.044921875], [88.125, 25.99609375], [88.095703125, 25.869140625], [88.14453125, 25.791015625], [88.26171875, 25.8203125], [88.447265625, 25.6640625], [88.447265625, 25.595703125], [88.5546875, 25.5078125], [88.69140625, 25.478515625], [88.7646484375, 25.5126953125], [88.828125, 25.478515625], [88.818359375, 25.41015625], [88.876953125, 25.33203125], [89.00390625, 25.302734375], [88.935546875, 25.185546875], [88.466796875, 25.205078125], [88.45703125, 25.078125], [88.33984375, 24.8828125], [88.271484375, 24.892578125], [88.212890625, 24.9609375], [88.154296875, 24.94140625], [88.154296875, 24.84375], [88.037109375, 24.697265625], [88.125, 24.51171875], [88.3203125, 24.443359375], [88.486328125, 24.326171875], [88.69140625, 24.31640625], [88.740234375, 24.248046875], [88.7158203125, 24.1845703125], [88.69140625, 24.091796875], [88.75, 24.04296875], [88.720703125, 24.013671875], [88.73046875, 23.92578125], [88.59375, 23.8671875], [88.5546875, 23.662109375], [88.740234375, 23.4765625], [88.7890625, 23.486328125], [88.701171875, 23.28125], [88.779296875, 23.232421875], [88.837890625, 23.251953125], [88.974609375, 23.212890625], [88.8671875, 23.095703125], [88.857421875, 22.978515625], [88.916015625, 22.880859375], [88.96484375, 22.861328125], [88.92578125, 22.763671875], [88.9453125, 22.548828125], [88.994140625, 22.4609375], [89.00390625, 22.275390625], [89.08203125, 22.158203125], [89.052734375, 22.109375], [89.08203125, 21.943359375], [89.033203125, 21.904296875], [89.04296875, 21.787109375], [89.169921875, 21.640625], [91.98893229166667, 21.002604166666668], [91.98893229166667, 14.016927083333334], [85.8984375, 15.703125], [82.83203125, 18.671875], [81.98893229166667, 18.733723958333332], [81.9921875, 25.006510416666668], [82.998046875, 25.029296875], [82.98828125, 27.158203125], [83.65234375, 27.28515625], [83.67513020833333, 27.428385416666668], [83.857421875, 27.36328125], [83.8671875, 27.392578125], [83.828125, 27.431640625], [83.84765625, 27.451171875], [84.033203125, 27.451171875], [84.12109375, 27.529296875], [84.31640625, 27.3828125], [84.580078125, 27.353515625], [84.677734375, 27.236328125], [84.677734375, 27.1484375], [84.638671875, 27.0703125], [84.658203125, 27.041015625], [84.833984375, 27.021484375], [84.951171875, 26.962890625], [85.0390625, 26.85546875], [85.166015625, 26.875], [85.17578125, 26.796875], [85.283203125, 26.748046875], [85.341796875, 26.748046875], [85.41015625, 26.806640625], [85.44921875, 26.796875], [85.625, 26.875], [85.72265625, 26.796875], [85.72265625, 26.669921875], [85.849609375, 26.58203125], [86.044921875, 26.669921875], [86.201171875, 26.591796875], [86.318359375, 26.62109375], [86.728515625, 26.42578125], [86.7578125, 26.455078125], [86.865234375, 26.46484375], [87.05078125, 26.591796875], [87.080078125, 26.474609375], [87.138671875, 26.40625], [87.236328125, 26.416015625], [87.314453125, 26.357421875], [87.451171875, 26.4453125], [87.59765625, 26.38671875], [87.87109375, 26.474609375], [88.017578125, 26.376953125], [88.095703125, 26.455078125], [88.125, 26.62109375], [88.18359375, 26.708984375], [88.1640625, 26.884765625], [87.98828125, 27.119140625], [88.056640625, 27.333984375], [88.037109375, 27.5], [88.173828125, 27.763671875], [88.18359375, 27.8515625], [88.11848958333333, 27.890625], [88.134765625, 27.958984375], [88.388671875, 27.98828125], [88.4765625, 28.046875], [88.525390625, 28.037109375], [88.61328125, 28.125], [88.828125, 28.017578125], [88.828125, 27.939453125], [88.876953125, 27.841796875], [88.759765625, 27.548828125], [88.779296875, 27.44140625], [88.896484375, 27.333984375], [88.96484375, 27.48046875], [89.12109375, 27.578125], [89.21875, 27.802734375], [89.35546875, 27.880859375], [89.482421875, 28.06640625], [89.619140625, 28.1640625], [89.775390625, 28.193359375], [89.873046875, 28.30078125], [89.990234375, 28.330078125], [90.37109375, 28.26171875], [90.390625, 28.203125], [90.341796875, 28.115234375], [90.37109375, 28.0859375], [90.615234375, 28.076171875], [90.693359375, 28.10546875], [90.751953125, 28.06640625], [90.91796875, 28.056640625], [91.025390625, 27.978515625], [91.11328125, 27.978515625], [91.220703125, 28.0859375], [91.30859375, 28.095703125], [91.42578125, 28.0078125], [91.630859375, 27.96875], [91.669921875, 27.9296875], [91.66015625, 27.7734375], [91.982421875, 27.734375], [92.119140625, 27.822265625], [92.24609375, 27.822265625], [92.255859375, 27.87109375], [92.32421875, 27.802734375], [92.353515625, 27.841796875], [92.470703125, 27.841796875], [92.587890625, 27.919921875], [92.63671875, 27.919921875], [92.71484375, 27.98828125], [92.67578125, 28.10546875], [92.724609375, 28.1640625], [92.8125, 28.212890625], [92.880859375, 28.203125], [92.958984375, 28.26171875], [93.0078125, 28.251953125], [93.056640625, 28.3203125], [93.212890625, 28.330078125], [93.232421875, 28.3984375], [93.203125, 28.4375], [93.37890625, 28.642578125], [93.505859375, 28.681640625], [93.623046875, 28.65234375], [93.828125, 28.69140625], [93.9501953125, 28.676757812499996], [94.013671875, 28.76953125], [94.00390625, 28.828125], [94.1796875, 28.974609375], [94.248046875, 29.1015625], [94.423828125, 29.21875], [94.560546875, 29.228515625], [94.66796875, 29.345703125], [94.794921875, 29.248046875], [94.82421875, 29.1796875], [94.9951171875, 29.155273437500004], [95.361328125, 29.04296875], [95.4736328125, 29.08203125], [95.48828125, 29.140625], [95.546875, 29.169921875], [95.52734375, 29.208984375], [95.5859375, 29.2578125], [96.0546875, 29.47265625], [96.09375, 29.462890625], [96.25, 29.248046875], [96.357421875, 29.296875], [96.38671875, 29.267578125], [96.337890625, 29.1796875], [96.240234375, 29.169921875], [96.1376953125, 29.0869140625], [96.171875, 29.013671875], [96.142578125, 28.9453125], [96.171875, 28.90625], [96.34765625, 29.04296875], [96.4892578125, 29.0576171875], [96.474609375, 28.984375], [96.5234375, 28.9453125], [96.611328125, 28.759765625], [96.484375, 28.701171875], [96.474609375, 28.642578125], [96.337890625, 28.5546875], [96.357421875, 28.486328125], [96.279296875, 28.427734375], [96.298828125, 28.3984375], [96.357421875, 28.3984375], [96.40625, 28.359375], [96.4453125, 28.427734375], [96.640625, 28.4765625], [96.77734375, 28.37890625], [96.884765625, 28.388671875], [96.962890625, 28.33984375], [97.12890625, 28.388671875], [97.34049479166667, 28.22916666666666], [97.314453125, 28.095703125], [97.3828125, 28.017578125], [97.36328125, 27.91015625], [97.314453125, 27.890625], [97.255859375, 27.919921875], [97.0703125, 27.75390625], [97.021484375, 27.75390625], [96.875, 27.59765625], [96.904296875, 27.451171875], [97.119140625, 27.197265625], [97.1484375, 27.1484375], [97.12890625, 27.099609375], [97.05078125, 27.099609375], [96.89453125, 27.177734375], [96.826171875, 27.314453125], [96.728515625, 27.373046875], [96.650390625, 27.34375], [96.6015625, 27.373046875], [96.533203125, 27.3046875], [96.181640625, 27.275390625], [96.025390625, 27.197265625], [95.888671875, 27.021484375], [95.78125, 26.9921875], [95.72265625, 26.904296875], [95.64453125, 26.89453125], [95.60546875, 26.826171875], [95.5078125, 26.826171875], [95.4296875, 26.708984375], [95.2734375, 26.650390625], [95.224609375, 26.6796875], [95.13671875, 26.62109375], [95.146484375, 26.58203125], [95.05859375, 26.484375], [95.087890625, 26.396484375], [95.05859375, 26.318359375], [95.107421875, 26.2109375], [95.107421875, 26.11328125], [95.166015625, 26.083984375], [95.166015625, 26.0546875], [95.009765625, 25.91796875], [95.029296875, 25.751953125], [94.775390625, 25.498046875], [94.736328125, 25.5078125], [94.619140625, 25.400390625], [94.5703125, 25.29296875], [94.5703125, 25.205078125], [94.7265625, 25.13671875], [94.7265625, 25.029296875], [94.609375, 24.755859375], [94.53125, 24.70703125], [94.521484375, 24.638671875], [94.43359375, 24.560546875], [94.384765625, 24.423828125], [94.306640625, 24.326171875], [94.150390625, 23.8671875], [94.12109375, 23.857421875], [93.916015625, 23.96484375], [93.80859375, 23.9453125], [93.75, 24.013671875], [93.623046875, 24.0234375], [93.59375, 23.984375], [93.4765625, 23.974609375], [93.388671875, 24.091796875], [93.330078125, 24.08203125], [93.3203125, 23.994140625], [93.37890625, 23.92578125], [93.388671875, 23.740234375], [93.427734375, 23.69140625], [93.3984375, 23.388671875], [93.359375, 23.349609375], [93.37890625, 23.14453125], [93.271484375, 23.0078125], [93.193359375, 23.06640625], [93.125, 23.046875], [93.154296875, 22.9296875], [93.10546875, 22.861328125], [93.0859375, 22.724609375], [93.125, 22.6171875], [93.115234375, 22.529296875], [93.173828125, 22.451171875], [93.193359375, 22.265625], [93.14453125, 22.236328125], [93.14453125, 22.197265625], [93.037109375, 22.197265625], [92.98828125, 22.001953125], [92.9296875, 22.03125], [92.890625, 21.97265625], [92.880859375, 22.03125], [92.802734375, 22.109375], [92.705078125, 22.158203125], [92.67578125, 22.041015625], [92.59114583333333, 22.001953125], [92.568359375, 22.138671875], [92.59765625, 22.177734375], [92.509765625, 22.724609375], [92.4609375, 22.7734375], [92.451171875, 22.87109375], [92.373046875, 22.94921875], [92.34375, 23.173828125], [92.373046875, 23.3203125], [92.265625, 23.623046875], [92.28515625, 23.701171875], [92.255859375, 23.73046875], [92.20703125, 23.662109375], [92.197265625, 23.720703125], [92.138671875, 23.740234375], [92.0703125, 23.662109375], [92.021484375, 23.65234375], [91.9482421875, 23.7255859375], [91.962890625, 23.515625], [91.923828125, 23.447265625], [91.826171875, 23.3984375], [91.7578125, 23.271484375], [91.806640625, 23.0859375], [91.71875, 22.998046875], [91.6015625, 22.958984375], [91.54296875, 23.0078125], [91.46484375, 23.22265625], [91.396484375, 23.271484375], [91.3671875, 23.22265625], [91.396484375, 23.0859375], [91.3671875, 23.076171875], [91.30859375, 23.193359375], [91.298828125, 23.369140625], [91.15234375, 23.642578125], [91.19140625, 23.671875], [91.15234375, 23.740234375], [91.201171875, 23.759765625], [91.25, 23.837890625], [91.23046875, 23.90625], [91.259765625, 23.974609375], [91.3671875, 24.013671875], [91.376953125, 24.111328125], [91.5625, 24.091796875], [91.630859375, 24.130859375], [91.650390625, 24.208984375], [91.689453125, 24.16015625], [91.73828125, 24.16015625], [91.7578125, 24.248046875], [91.86197916666667, 24.267578125], [91.86198778740338, 24.185086133480837], [91.88804554571428, 24.162390666564903], [91.92503075105876, 24.191810716270744], [91.93091476099993, 24.24056394149757], [91.92923361530245, 24.284273729631963], [91.91578444972264, 24.323780653522665], [91.92923361530245, 24.343113829043645], [91.95024793652091, 24.34059211049743], [91.97882741337801, 24.32041836212771], [92.00152288029395, 24.330505236312572], [91.9872331418654, 24.349838411833552], [91.96705939349567, 24.359925286018413], [91.96201595640325, 24.369171587354533], [91.97265625, 24.375], [92.099609375, 24.384765625], [92.12890625, 24.4140625], [92.12890625, 24.521484375], [92.1875, 24.5703125], [92.24609375, 24.74609375], [92.255859375, 24.912109375], [92.3828125, 24.853515625], [92.490234375, 24.892578125], [92.3828125, 25.048828125], [92.041015625, 25.1953125], [91.7578125, 25.17578125], [91.6796875, 25.13671875], [91.62109375, 25.13671875], [91.58203125, 25.17578125], [91.50390625, 25.146484375], [91.337890625, 25.166015625], [91.259765625, 25.21484375], [90.888671875, 25.15625], [90.634765625, 25.185546875], [90.380859375, 25.15625], [90.322265625, 25.1953125], [90.1171875, 25.224609375], [89.9609375, 25.302734375], [89.84375, 25.29296875], [89.814453125, 25.419921875], [89.853515625, 25.6640625], [89.8046875, 25.810546875], [89.853515625, 25.91796875], [89.833984375, 25.95703125], [89.84375, 25.99609375], [89.765625, 26.064453125], [89.74609375, 26.142578125], [89.66796875, 26.171875], [89.62890625, 26.23046875], [89.58984375, 26.220703125], [89.5947265625, 26.1865234375], [89.560546875, 26.142578125], [89.58984375, 26.083984375], [89.51171875, 25.99609375], [89.39453125, 26.044921875], [89.31640625, 26.025390625], [89.19921875, 26.1328125], [89.150390625, 26.142578125], [89.072265625, 26.2890625], [89.072265625, 26.376953125], [88.9453125, 26.4453125], [88.896484375, 26.376953125], [89.033203125, 26.279296875], [89.0234375, 26.25], [88.935546875, 26.25], [88.876953125, 26.2890625], [88.818359375, 26.240234375], [88.779296875, 26.298828125], [88.7158203125, 26.30859375]]]]}}, {"type": "Feature", "properties": {"FID": 89, "FIR_NAME": "ANCHORAGE", "ICAO_CODE": "PAZA", "TYPE": "FIR", "COUNTRY": "United States"}, "geometry": {"type": "MultiPolygon", "coordinates": [[[[-177.77994791666666, 61.334635416666664], [-175.52734375, 62.51953125], [-173.96484375, 63.271484375], [-172.265625, 64.033203125], [-169.0234375, 65.0], [-169.00065104166666, 68.017578125], [-157.958984375, 72.01171875], [-141.00911458333334, 72.001953125], [-141.005859375, 60.322265625], [-140.5859375, 60.234375], [-140.52734375, 60.234375], [-140.44921875, 60.3125], [-139.970703125, 60.1953125], [-139.697265625, 60.341796875], [-139.091796875, 60.361328125], [-139.08203125, 60.3125], [-139.19921875, 60.107421875], [-139.169921875, 60.068359375], [-139.0625, 60.0], [-138.720703125, 59.912109375], [-138.681640625, 59.82421875], [-138.603515625, 59.755859375], [-137.626953125, 59.2578125], [-137.509765625, 59.013671875], [-137.51953125, 58.916015625], [-137.451171875, 58.916015625], [-137.216796875, 59.033203125], [-136.826171875, 59.169921875], [-136.591796875, 59.169921875], [-136.474609375, 59.296875], [-136.484375, 59.462890625], [-136.328125, 59.462890625], [-136.25, 59.53125], [-136.259765625, 59.5703125], [-136.328125, 59.6044921875], [-135.908203125, 59.677734375], [-135.478515625, 59.8046875], [-135.0390625, 59.5703125], [-135.029296875, 59.4921875], [-135.09765625, 59.43359375], [-135.009765625, 59.39453125], [-135.029296875, 59.345703125], [-134.970703125, 59.287109375], [-134.7265625, 59.2578125], [-134.658203125, 59.1796875], [-134.501953125, 59.140625], [-134.39453125, 59.04296875], [-134.404296875, 58.994140625], [-134.3359375, 58.974609375], [-134.3359375, 58.92578125], [-134.267578125, 58.8671875], [-133.876953125, 58.75], [-133.681640625, 58.59375], [-133.3984375, 58.4375], [-133.45703125, 58.388671875], [-133.427734375, 58.349609375], [-133.193359375, 58.173828125], [-133.0859375, 58.017578125], [-132.890625, 57.861328125], [-132.5390625, 57.48046875], [-132.294921875, 57.265625], [-132.265625, 57.20703125], [-132.353515625, 57.099609375], [-132.080078125, 57.060546875], [-132.06380208333334, 57.01171875], [-132.119140625, 56.884765625], [-131.89453125, 56.81640625], [-131.904296875, 56.7578125], [-131.8359375, 56.611328125], [-131.591796875, 56.62109375], [-131.083984375, 56.40625], [-130.791015625, 56.376953125], [-130.625, 56.26953125], [-130.478515625, 56.25], [-130.419921875, 56.142578125], [-130.2734375, 56.103515625], [-130.1171875, 56.1328125], [-130.009765625, 55.986328125], [-130.0390625, 55.87890625], [-130.15625, 55.78125], [-130.1171875, 55.68359375], [-130.13671875, 55.595703125], [-129.98046875, 55.29296875], [-130.126953125, 55.185546875], [-130.3125, 54.951171875], [-130.48828125, 54.833984375], [-130.64453125, 54.78515625], [-130.64453125, 54.716796875], [-132.705078125, 54.66796875], [-135.9765625, 54.013671875], [-135.9765625, 53.96484375], [-135.029296875, 52.737630208333336], [-137.431640625, 53.515625], [-139.375, 54.091796875], [-141.5625, 54.6875], [-143.2421875, 55.107421875], [-146.62109375, 55.859375], [-149.3359375, 56.376953125], [-151.7578125, 56.767578125], [-153.017578125, 55.99609375], [-159.990234375, 53.505859375], [-167.763671875, 51.416015625], [-176.630859375, 50.13671875], [-179.99674479166666, 50.46875], [-179.99674479166666, 60.01953125], [-177.77994791666666, 61.334635416666664]]], [[[179.98697916666666, 60.0], [179.98697916666666, 50.478515625], [173.75, 51.083984375], [170.009765625, 51.50390625], [169.98697916666666, 54.674479166666664], [171.689453125, 55.76171875], [173.125, 56.611328125], [174.404296875, 57.32421875], [177.080078125, 58.69140625], [178.935546875, 59.55078125], [179.98697916666666, 60.0]]]]}}, {"type": "Feature", "properties": {"FID": 90, "FIR_NAME": "MAGADAN", "ICAO_CODE": "UHMM", "TYPE": "FIR", "COUNTRY": "Russia"}, "geometry": {"type": "MultiPolygon", "coordinates": [[[[-169.00065104166666, 68.017578125], [-169.0234375, 65.0], [-172.265625, 64.033203125], [-173.96484375, 63.271484375], [-175.52734375, 62.51953125], [-177.77994791666666, 61.334635416666664], [-179.99674479166666, 61.494140625], [-179.99674479166666, 72.265625], [-169.00716145833334, 72.001953125], [-169.00065104166666, 68.017578125]]]]}}, {"type": "Feature", "properties": {"FID": 91, "FIR_NAME": "BRINDISI", "ICAO_CODE": "LIBB", "TYPE": "FIR", "COUNTRY": "Italy"}, "geometry": {"type": "MultiPolygon", "coordinates": [[[[14.47265625, 43.509114583333336], [16.103515625, 42.48046875], [16.201171875, 42.333984375], [16.396484375, 42.333984375], [18.221666, 41.4425], [18.863932291666668, 41.142578125], [18.99414062500003, 40.771484375], [18.997395833333353, 40.41015625], [18.990885416666686, 38.88671875], [17.516388, 38.753055], [17.268333, 38.658888], [16.51367187499997, 38.984375], [16.46484375, 39.0234375], [16.2109375, 39.287109375], [15.126953125000028, 41.181640625], [14.365234375, 41.46484375], [13.076171875, 42.919921875], [13.323567708333334, 43.512369791666664], [14.47265625, 43.509114583333336]]]]}}, {"type": "Feature", "properties": {"FID": 92, "FIR_NAME": "ANTANANARIVO", "ICAO_CODE": "FMMM", "TYPE": "FIR", "COUNTRY": "Madagascar"}, "geometry": {"type": "MultiPolygon", "coordinates": [[[[56.988932291666664, -29.990234375], [39.990234375, -29.986979166666668], [39.990234375, -20.009765625], [42.98828125000003, -15.0], [41.494140625, -10.999348958333334], [43.997395833333336, -10.319010416666657], [45.0, -9.990234375], [55.498046875, -9.993489583333334], [55.48828125, -18.945312500000014], [55.64453125000003, -19.345703125], [56.9921875, -22.314453125], [56.988932291666664, -29.990234375]]]]}}, {"type": "Feature", "properties": {"FID": 93, "FIR_NAME": "JOHANNESBURG OCEANIC", "ICAO_CODE": "FAJO", "TYPE": "FIR", "COUNTRY": "South Africa"}, "geometry": {"type": "MultiPolygon", "coordinates": [[[[39.990234375, -29.986979166666668], [56.988932291666664, -29.990234375], [57.001953125, -44.990234375], [74.98697916666667, -44.990234375], [74.99023437500001, -89.98697916666667], [-10.009765625, -89.98697916666667], [-10.013020833333334, -45.99609375], [-10.013020833333334, -38.994140625], [-10.013020833333334, -33.994140625], [-10.006510416666666, -19.990234375], [-4.990234375, -17.98828125], [9.990234375, -17.991536458333332], [9.990234375, -27.48046875], [14.990234375, -27.493489583333332], [14.993489583333334, -30.48828125], [15.0, -36.9921875], [27.998046875, -36.9921875], [31.985677083333314, -32.99153645833333], [34.99023437500003, -27.83203125], [39.990234375, -29.986979166666668]]]]}}, {"type": "Feature", "properties": {"FID": 94, "FIR_NAME": "WINDHOEK", "ICAO_CODE": "FYWH", "TYPE": "FIR", "COUNTRY": "Namibia"}, "geometry": {"type": "MultiPolygon", "coordinates": [[[[14.990234375, -27.493489583333332], [9.990234375, -27.48046875], [9.990234375, -17.991536458333332], [11.748046875, -17.24609375], [11.81640625, -17.265625], [12.001953125, -17.1484375], [12.158203125, -17.138671875], [12.236328125, -17.216796875], [12.412109375, -17.197265625], [12.44140625, -17.24609375], [12.548828125, -17.236328125], [12.939453125, -17.001953124999986], [13.154296875, -16.943359375], [13.212890625, -16.97265625], [13.41796875, -16.982421875], [13.49609375, -17.03125], [13.544921875000028, -17.138671875], [13.88671875, -17.333984375], [13.9453125, -17.412109375], [14.16015625, -17.3974609375], [18.4375, -17.3828125], [18.64257812500003, -17.646484375], [18.759765625, -17.744140625], [18.916015625, -17.8125], [19.052734375, -17.822265625], [19.16992187500003, -17.792968749999986], [19.51171875, -17.861328125], [19.658203125, -17.83203125], [19.74609375, -17.890625], [19.8046875, -17.8515625], [20.126953125, -17.890625], [20.33203125, -17.8515625], [20.546875, -17.978515625000014], [20.7421875, -17.98828125], [20.80078125, -18.02734375], [20.992838541666647, -17.96223958333333], [20.989583333333325, -18.310546875], [20.986328125, -21.97265625], [19.990234375, -22.001953125], [20.0, -24.755859375], [20.11718749999997, -24.873046875], [20.234375, -24.912109374999986], [20.390625, -25.048828125], [20.458984375, -25.15625], [20.439453125, -25.1953125], [20.498046875, -25.234375], [20.546875, -25.37109375], [20.60546875, -25.400390625], [20.64453124999997, -25.46875], [20.625, -25.517578125], [20.673828125, -25.556640625], [20.673828125, -25.673828125], [20.80078125, -25.869140625], [20.810546875, -26.054687499999986], [20.849609375, -26.11328125], [20.791015625, -26.25], [20.595703125, -26.474609375], [20.625, -26.572265625], [20.615234375, -26.767578125000014], [20.68359375, -26.865234375], [20.87890625, -26.787109375], [20.947265625, -26.796875], [20.999348958333314, -26.84895833333333], [20.986328125, -27.490234375], [14.990234375, -27.493489583333332]]]]}}, {"type": "Feature", "properties": {"FID": 95, "FIR_NAME": "SWITZERLAND", "ICAO_CODE": "LSAS", "TYPE": "FIR", "COUNTRY": "Switzerland"}, "geometry": {"type": "MultiPolygon", "coordinates": [[[[9.563802083333323, 47.535807291666664], [9.580078125, 47.48046875], [9.6484375, 47.4609375], [9.66796875, 47.392578125], [9.609375, 47.373046875], [9.4921875, 47.236328125], [9.487304687499986, 47.0751953125], [9.853515625000028, 47.03125], [9.8828125, 46.943359375], [10.097656249999972, 46.85546875], [10.205078125000028, 46.875], [10.25390625, 46.943359375], [10.292968750000028, 46.93359375], [10.390625, 47.01171875], [10.478515625, 46.943359375], [10.472005208333352, 46.868489583333336], [10.380859375000028, 46.689453125], [10.400390625, 46.650390625], [10.478515625, 46.62109375], [10.458984375, 46.552734375], [10.302734375, 46.5625], [10.205078125000028, 46.640625], [10.107421875, 46.62109375], [10.0390625, 46.533203125], [10.0390625, 46.455078125], [10.15625, 46.416015625], [10.097656249999972, 46.34765625], [10.166015625, 46.279296875], [10.13671875, 46.240234375], [10.05859375, 46.23046875], [9.941406250000028, 46.38671875], [9.775390625, 46.34765625], [9.736328125, 46.3671875], [9.70703125, 46.30859375], [9.521484375, 46.318359375], [9.453125, 46.396484375], [9.443359375, 46.50390625], [9.27734375, 46.50390625], [9.248046875, 46.455078125], [9.287109375, 46.3671875], [9.267578125, 46.2890625], [9.00390625, 46.044921875], [9.0234375, 46.005859375], [8.994140625, 45.9765625], [9.072265625, 45.91796875], [9.0234375, 45.830078125], [8.935546875, 45.849609375], [8.886718750000028, 45.95703125], [8.7890625, 46.005859375], [8.837890625, 46.064453125], [8.818359375, 46.103515625], [8.61328125, 46.1328125], [8.369140625, 46.34033203125], [8.095703125000028, 46.279296875], [8.154296875, 46.19140625], [8.1201171875, 46.142578125], [8.02734375, 46.09375], [7.988281249999972, 46.005859375], [7.91015625, 46.005859375], [7.8515625, 45.927734375], [7.71484375, 45.9375], [7.646484375, 45.986328125], [7.543945312499986, 45.99609375], [7.412109375, 45.927734375], [7.285156249999972, 45.927734375], [7.197265624999972, 45.888671875], [7.08984375, 45.888671875], [7.024739583333314, 45.940755208333336], [6.943359375, 46.0546875], [6.865234375000028, 46.07421875], [6.865234375000028, 46.1328125], [6.777343750000028, 46.162109375], [6.796875, 46.240234375], [6.8359375, 46.26953125], [6.767578125, 46.357421875], [6.796875, 46.38671875], [6.777343750000028, 46.4453125], [6.50390625, 46.46484375], [6.416015625, 46.416015625], [6.298828125, 46.40625], [6.220703125, 46.337890625], [6.279296875, 46.26953125], [6.1328125, 46.15234375], [5.986328125000028, 46.162109375], [5.966796874999972, 46.220703125], [6.103515625, 46.259765625], [6.142578124999972, 46.357421875], [6.074218750000028, 46.435546875], [6.08398437500001, 46.510416666666664], [6.15234375, 46.62109375], [6.4453125, 46.787109375], [6.4453125, 46.953125], [6.630859375, 47.001953125], [6.69921875, 47.05078125], [6.708984375, 47.099609375], [6.806640625, 47.138671875], [6.953125, 47.2802734375], [7.05078125, 47.353515625], [6.884765625, 47.373046875], [7.001953125, 47.4609375], [6.982421875, 47.490234375], [7.1728515625, 47.4951171875], [7.16796875, 47.4609375], [7.2265625, 47.431640625], [7.392578125000028, 47.44140625], [7.529296875, 47.55078125], [7.683333, 47.566666], [7.703333, 47.536944], [7.778888, 47.553888], [7.851944, 47.588888], [7.899722, 47.588055], [7.943611, 47.546111], [8.081111, 47.561666], [8.2, 47.620277], [8.456111, 47.574166], [8.522777, 47.645555], [8.413888, 47.677777], [8.498055, 47.765555], [8.631388, 47.768333], [8.892222, 47.657222], [9.034166, 47.683333], [9.242762584578687, 47.635957788184534], [9.451388, 47.5875], [9.563802083333323, 47.535807291666664]], [[8.369140625, 46.34033203125], [8.45703125, 46.42578125], [8.427734374999972, 46.474609375], [8.310546875, 46.435546875], [8.369140625, 46.34033203125]]]]}}, {"type": "Feature", "properties": {"FID": 96, "FIR_NAME": "DAR ES SALAAM", "ICAO_CODE": "HTDC", "TYPE": "FIR", "COUNTRY": "Tanzania"}, "geometry": {"type": "MultiPolygon", "coordinates": [[[[34.951171875, -11.559244791666671], [34.951171875, -11.474609375000014], [34.892578125, -11.386718750000014], [34.833984375, -11.337890625], [34.765625, -11.337890625], [34.70703124999997, -11.201171874999986], [34.609375, -11.113281249999986], [34.58984375, -10.986328125], [34.6484375, -10.888671875], [34.66796875, -10.732421875], [34.6484375, -10.64453125], [34.5703125, -10.537109375], [34.580078125, -10.263671875], [34.521484375, -10.1171875], [34.51171875, -9.980468750000014], [34.326171875, -9.736328125], [34.033203125, -9.47265625], [33.9453125, -9.53125], [33.955078125, -9.628906250000014], [33.92578125, -9.6875], [33.75976562500003, -9.580078125], [33.626302083333336, -9.602864583333334], [33.57421875, -9.580078125], [33.4375, -9.609375], [33.37890625, -9.521484375], [33.30078124999997, -9.47265625], [33.18359375, -9.501953125], [33.115234375, -9.482421875], [32.98828125, -9.365234375000014], [32.9296875, -9.397786458333334], [32.763671875, -9.326171875], [32.71484375, -9.267578124999986], [32.5390625, -9.2578125], [32.421875, -9.12109375], [32.265625, -9.130859375], [32.1484375, -9.052734375], [32.05078125, -9.033203125], [31.97265625, -9.0625], [31.923828125, -9.003906249999986], [31.923828125, -8.916015624999986], [31.796875, -8.876953125], [31.6796875, -8.90625], [31.572265625, -8.818359375], [31.5625, -8.701171875], [31.36718749999997, -8.583984375], [31.259765625, -8.61328125], [31.220703125, -8.574218750000014], [31.142578125, -8.603515625], [31.025390625, -8.583984375], [30.888671875, -8.447265625], [30.75195312499997, -8.212890624999986], [29.876302083333314, -8.10546875], [30.09765625, -6.875], [30.01953125, -6.806640624999986], [29.89257812500003, -6.7578125], [29.70703125, -6.6015625], [29.658203125, -6.455078124999986], [29.53125, -6.259765625], [29.482421875, -6.005859375], [29.51171875, -5.908203125], [29.609375, -5.80078125], [29.62890625000003, -5.703125], [29.51171875, -5.410156250000014], [29.462890625, -5.1953125], [29.3359375, -4.931640625], [29.3359375, -4.765625], [29.423828125, -4.55078125], [29.42382812499999, -4.436848958333329], [29.74609375, -4.453125], [29.814453125, -4.355468750000014], [29.912109375, -4.345703124999986], [30.029296875, -4.267578125000014], [30.05859375, -4.179687500000014], [30.166015625, -4.091796875000014], [30.22460937499997, -3.916015625000014], [30.3125, -3.7890625], [30.40039062499997, -3.76953125], [30.380859375, -3.7109375], [30.439453125, -3.554687499999986], [30.625, -3.447265625], [30.66406249999997, -3.3984375], [30.634765625, -3.33984375], [30.732421875, -3.286132812499993], [30.8203125, -3.251953125], [30.83984374999997, -3.14453125], [30.791015625, -3.056640625], [30.80078125, -2.9931640625], [30.654296875, -2.96875], [30.5419921875, -2.91015625], [30.48828124999997, -2.939453124999986], [30.40039062499997, -2.851562499999986], [30.439453125, -2.734375], [30.49944196428571, -2.551618303571433], [30.59570312500003, -2.392578125], [30.654296875, -2.40234375], [30.703125, -2.353515625], [30.77148437500003, -2.3828125], [30.8251953125, -2.338867187500007], [30.888671875, -2.060546874999986], [30.80078125, -1.923828125], [30.830078125, -1.640625], [30.732421875, -1.50390625], [30.732421875, -1.445312499999986], [30.546875, -1.30859375], [30.556640625, -1.269531249999986], [30.458984375, -1.1328125], [30.462239583333332, -1.057942708333333], [30.64453125, -1.064453125], [30.693359375, -1.005859374999986], [30.791015625, -0.986328125], [33.916015625, -0.992838541666667], [34.00390624999997, -0.986328125], [34.02343750000003, -1.03515625], [34.08203125, -1.03515625], [36.328125, -2.3046875], [37.548828125, -2.958984375], [37.67578125, -3.06640625], [37.705078125, -3.300781250000014], [37.641601562499986, -3.39599609375], [37.6171875, -3.505859375], [37.666015625, -3.49609375], [37.744140625, -3.544921875], [37.763671875, -3.623046875], [37.822265625, -3.681640625], [39.1796875, -4.658203125], [40.00651041666668, -4.700520833333329], [43.990885416666664, -8.4765625], [43.997395833333336, -10.319010416666657], [41.494140625, -10.999348958333334], [40.478515625, -10.419921875000014], [40.361328125, -10.546875], [40.21484375, -10.60546875], [40.0, -10.80078125], [39.90234375, -10.8203125], [39.70703125, -10.9375], [39.51171875, -10.986328125], [39.267578125, -11.162109375], [39.130859375, -11.1328125], [38.90625, -11.162109375], [38.779296875, -11.25], [38.671875, -11.259765625], [38.48632812499997, -11.40625], [38.359375, -11.3671875], [38.271484375, -11.279296875], [38.14453125, -11.279296875], [38.10546875, -11.25], [37.94921875, -11.26953125], [37.8515625, -11.337890625], [37.80273437500003, -11.54296875], [37.646484375, -11.640625], [37.509765625, -11.66015625], [37.4609375, -11.71875], [37.392578125, -11.71875], [37.34375, -11.6796875], [37.265625, -11.69921875], [37.12890625, -11.669921875], [37.021484375, -11.572265625], [36.845703125, -11.5625], [36.669921875, -11.708984375], [36.58203125, -11.728515624999986], [36.513671875, -11.71875], [36.484375, -11.669921875], [36.19140625, -11.69921875], [36.171875, -11.591796875], [35.9765625, -11.50390625], [35.927734375, -11.42578125], [35.830078125, -11.40625], [35.698242187500014, -11.4892578125], [35.634765625, -11.58203125], [35.576171875, -11.6015625], [34.951171875, -11.559244791666671]]]]}}, {"type": "Feature", "properties": {"FID": 97, "FIR_NAME": "LILONGWE", "ICAO_CODE": "FWLL", "TYPE": "FIR", "COUNTRY": "Malawi"}, "geometry": {"type": "MultiPolygon", "coordinates": [[[[33.626302083333336, -9.602864583333334], [33.75976562500003, -9.580078125], [33.92578125, -9.6875], [33.955078125, -9.628906250000014], [33.9453125, -9.53125], [34.033203125, -9.47265625], [34.326171875, -9.736328125], [34.51171875, -9.980468750000014], [34.521484375, -10.1171875], [34.580078125, -10.263671875], [34.5703125, -10.537109375], [34.6484375, -10.64453125], [34.66796875, -10.732421875], [34.6484375, -10.888671875], [34.58984375, -10.986328125], [34.609375, -11.113281249999986], [34.70703124999997, -11.201171874999986], [34.765625, -11.337890625], [34.833984375, -11.337890625], [34.892578125, -11.386718750000014], [34.951171875, -11.474609375000014], [34.951171875, -11.559244791666671], [34.62890625, -11.591796875], [34.404296875, -12.1875], [34.51171875, -12.724609375], [34.51171875, -13.330078125], [34.599609375, -13.4765625], [34.853515625, -13.4765625], [35.048828125, -13.642578125], [35.86914062500003, -14.6484375], [35.86914062500003, -14.86328125], [35.908203125, -14.912109375], [35.791015625, -15.166015625000014], [35.859375, -15.390625], [35.859375, -15.498046875], [35.791015625, -16.035156249999986], [35.67382812499997, -16.09375], [35.49804687499997, -16.2890625], [35.361328125, -16.386718749999986], [35.068359375, -16.494140625], [34.833984375, -16.50390625], [34.66796875, -16.474609374999986], [34.345703125, -16.308593750000014], [34.228515625, -16.19140625], [34.11132812500003, -16.005859375], [33.681640625, -14.599609375], [33.466796875, -14.39453125], [33.3984375, -14.2578125], [33.30078124999997, -14.150390625], [33.291015625, -14.04296875], [33.10965401785713, -14.029017857142858], [32.978515625, -13.994140625], [32.98828125, -13.935546875000014], [32.94921874999997, -13.916015625], [32.939453125, -13.8671875], [32.87109375, -13.798828125], [32.77343749999997, -13.759765625000014], [32.822265625, -13.701171875], [32.802734375, -13.662109374999986], [32.6953125, -13.623046875], [32.67578125, -13.583984375000014], [32.83203125, -13.515625], [32.83203125, -13.466796875], [32.91015625, -13.398437499999986], [32.939453125, -13.26171875], [33.0078125, -13.193359375], [32.978515625, -13.0859375], [33.02734375, -12.890625], [32.958984375, -12.83203125], [32.94921874999997, -12.763671875], [33.03710937499997, -12.59765625], [33.154296875, -12.578125], [33.193359375, -12.607421874999986], [33.271484375, -12.519531249999986], [33.369140625, -12.529296875000014], [33.491210937500014, -12.3974609375], [33.544921875, -12.333984375], [33.47656249999997, -12.3046875], [33.37890625, -12.333984375], [33.26171875, -12.12890625], [33.32031250000003, -11.914062500000014], [33.32031250000003, -11.6015625], [33.22265625, -11.5625], [33.251953125, -11.513671875], [33.2421875, -11.40625], [33.291015625, -11.396484375], [33.3984375, -11.19140625], [33.3984375, -11.142578125], [33.30078124999997, -10.986328125], [33.30078124999997, -10.91796875], [33.251953125, -10.859375], [33.404947916666686, -10.787760416666666], [33.505859375, -10.771484375000014], [33.69140625, -10.576171875], [33.536783854166664, -10.25390625], [33.626302083333336, -9.602864583333334]], [[33.10965401785713, -14.029017857142858], [33.154296875, -13.925781249999986], [33.0859375, -13.96484375], [33.10965401785713, -14.029017857142858]]]]}}, {"type": "Feature", "properties": {"FID": 98, "FIR_NAME": "KYIV", "ICAO_CODE": "UKBV", "TYPE": "FIR", "COUNTRY": "Ukraine"}, "geometry": {"type": "MultiPolygon", "coordinates": [[[[27.8125, 48.427734375], [27.841796875, 49.765625], [27.05078125, 50.185546875], [27.724609375, 51.34765625], [27.744140625, 51.474609375], [27.85156249999997, 51.630859375], [27.95898437500003, 51.572265625], [28.10546875, 51.572265625], [28.2421875, 51.669921875], [28.359375, 51.54296875], [28.48632812500003, 51.591796875], [28.61328125, 51.572265625], [28.64257812499997, 51.474609375], [28.740234375, 51.416015625], [28.759765625, 51.494140625], [28.81835937499997, 51.552734375], [28.99414062499997, 51.58203125], [29.052734375, 51.640625], [29.150390625, 51.640625], [29.18945312500003, 51.6015625], [29.306640625, 51.38671875], [29.482421875, 51.396484375], [29.53125, 51.46484375], [29.580078125, 51.455078125], [29.638671875, 51.50390625], [29.70703125, 51.50390625], [29.74609375, 51.4453125], [29.853515625, 51.4453125], [29.98046875000003, 51.494140625], [30.166015625, 51.50390625], [30.33203125000003, 51.416015625], [30.3515625, 51.328125], [30.556640625, 51.26953125], [30.57617187499997, 51.318359375], [30.634765625, 51.34765625], [30.5859375, 51.46484375], [30.517578125, 51.6015625], [30.556640625, 51.6796875], [30.625, 51.71875], [30.654296875, 51.826171875], [30.78125, 51.904296875], [30.80078125, 51.953125], [30.95703125, 52.021484375], [30.92773437499997, 52.060546875], [30.95703125, 52.08984375], [31.11328125, 52.099609375], [31.259765625, 52.05078125], [31.357421875, 52.12890625], [31.74609375, 52.177734375], [31.884765625, 52.109375], [31.91406250000003, 52.05078125], [32.12890625, 52.05078125], [32.216796875, 52.080078125], [32.314453125, 52.138671875], [32.373046875, 52.255859375], [32.35351562500003, 52.314453125], [32.392578125, 52.34375], [32.51953125, 52.333984375], [32.71484375, 52.265625], [32.9296875, 52.255859375], [33.193359375, 52.3828125], [33.505859375, 52.36328125], [33.515625, 52.3046875], [33.701171875, 52.373046875], [33.818359375, 52.373046875], [34.09179687499997, 52.158203125], [34.0625, 52.060546875], [34.12109375, 51.962890625], [34.169921875, 51.962890625], [34.2578125, 51.884765625], [34.296875, 51.89453125], [34.423828125, 51.796875], [34.423828125, 51.728515625], [34.09179687499997, 51.669921875], [34.23828125, 51.533203125], [34.208984375, 51.40625], [34.306640625, 51.357421875], [34.228515625, 51.2646484375], [34.443359375, 51.256510416666664], [33.876953125, 50.21484375], [33.642578125, 49.404296875], [33.57421875, 49.2578125], [33.349609375, 48.9453125], [32.744140625, 48.701171875], [32.59765624999997, 48.525390625], [32.65625, 48.369140625], [32.88085937500003, 48.134765625], [32.8271484375, 47.7783203125], [29.94140625, 48.193359375], [29.86328125, 48.193359375], [29.24804687499999, 47.789713541666664], [29.19921875, 47.79296875], [29.18945312500003, 47.822265625], [29.23828125, 47.880859375], [29.1796875, 47.91015625], [29.12109375, 47.998046875], [29.033203125, 47.939453125], [28.974609375, 47.939453125], [28.84765625, 48.037109375], [28.798828125, 48.134765625], [28.564453125, 48.173828125], [28.4375, 48.0859375], [28.408203125, 48.173828125], [28.349609375, 48.134765625], [28.31054687500003, 48.14453125], [28.369140625, 48.203125], [28.33984375, 48.251953125], [28.232421875, 48.212890625], [28.193359375, 48.212890625], [28.1640625, 48.26171875], [28.095703125, 48.232421875], [28.06640625, 48.3203125], [27.94921875, 48.330078125], [27.8125, 48.427734375]]]]}}, {"type": "Feature", "properties": {"FID": 99, "FIR_NAME": "CORDOBA", "ICAO_CODE": "SACF", "TYPE": "FIR", "COUNTRY": "Argentina"}, "geometry": {"type": "MultiPolygon", "coordinates": [[[[-64.48893229166667, -33.818359375], [-64.4921875, -33.6328125], [-64.580078125, -33.388671875], [-64.6875, -33.251953125], [-64.853515625, -33.115234375], [-65.009765625, -33.037109375], [-65.34179687499999, -32.96875], [-65.634765625, -32.998046874999986], [-65.86914062499999, -33.095703125000014], [-65.927734375, -33.06640625], [-67.24609375, -30.888671874999986], [-69.68587239583333, -28.543294270833332], [-69.65820312500001, -28.388671875], [-69.521484375, -28.291015625], [-69.47265624999999, -28.18359375], [-69.404296875, -28.193359375], [-69.30664062500001, -27.998046875000014], [-69.189453125, -27.958984375], [-69.12109374999999, -27.734375], [-69.072265625, -27.685546875], [-69.091796875, -27.636718749999986], [-69.013671875, -27.51953125], [-69.013671875, -27.451171875], [-68.90625, -27.36328125], [-68.88671875, -27.236328125], [-68.818359375, -27.119140625000014], [-68.75, -27.08984375], [-68.583984375, -27.158203125], [-68.50585937499999, -27.060546875], [-68.33007812499999, -27.021484374999986], [-68.291015625, -26.89453125], [-68.59375, -26.503906250000014], [-68.57421875, -26.298828125], [-68.408203125, -26.171875], [-68.408203125, -26.103515625], [-68.60351562500001, -25.4296875], [-68.50585937499999, -25.166015625], [-68.359375, -25.1171875], [-68.4375, -25.009765625000014], [-68.466796875, -24.892578125], [-68.564453125, -24.84375], [-68.57421875, -24.775390625], [-68.50585937499999, -24.619140625], [-68.4765625, -24.58984375], [-68.45703125, -24.619140625], [-68.408203125, -24.51171875], [-68.3203125, -24.482421875000014], [-68.24218749999999, -24.384765624999986], [-67.333984375, -24.00390625], [-67.01171874999999, -23.02734375], [-67.03125, -22.96875], [-67.1875, -22.81901041666667], [-67.138671875, -22.724609375000014], [-67.02148437500001, -22.636718750000014], [-67.01171874999999, -22.509765625], [-66.77734375, -22.412109375], [-66.728515625, -22.20703125], [-66.40625, -22.12890625], [-66.298828125, -22.060546875], [-66.23046875000001, -21.77734375], [-66.09375, -21.81640625], [-66.025390625, -21.9140625], [-65.9375, -21.923828124999986], [-65.76171875, -22.099609374999986], [-65.0, -22.080078125], [-64.609375, -22.197265625000014], [-64.541015625, -22.265625], [-64.5703125, -22.353515625], [-64.43359375, -22.539062499999986], [-64.46289062499999, -22.626953124999986], [-64.365234375, -22.734375], [-64.345703125, -22.861328125], [-64.306640625, -22.822265625], [-64.2578125, -22.55859375], [-64.130859375, -22.40234375], [-64.12109375000001, -22.32421875], [-63.935546874999986, -21.9921875], [-63.740234375, -21.9921875], [-63.7109375, -22.021484375000014], [-63.681640625000014, -21.9921875], [-62.83203125, -21.982421875], [-62.792968749999986, -22.119140625], [-62.607421875, -22.28271484375], [-62.001953124999986, -23.242187499999986], [-61.826171874999986, -26.806640625], [-60.625, -30.107421875000014], [-60.211588541666664, -30.218098958333332], [-60.771484374999986, -30.91796875], [-61.171875, -31.09375], [-61.40625, -31.328125], [-61.54296875, -31.62109375], [-61.552734375, -31.923828125], [-61.982421875, -32.470703124999986], [-61.875, -32.626953125], [-61.875, -32.734375], [-61.914062499999986, -32.8125], [-62.001953124999986, -32.890625], [-62.119140625, -32.9296875], [-62.32421875, -32.900390625], [-63.28125, -34.0234375], [-64.48893229166667, -33.818359375]]]]}}, {"type": "Feature", "properties": {"FID": 100, "FIR_NAME": "MENDOZA", "ICAO_CODE": "SAMF", "TYPE": "FIR", "COUNTRY": "Argentina"}, "geometry": {"type": "MultiPolygon", "coordinates": [[[[-69.68587239583333, -28.543294270833332], [-67.24609375, -30.888671874999986], [-65.927734375, -33.06640625], [-65.86914062499999, -33.095703125000014], [-65.634765625, -32.998046874999986], [-65.34179687499999, -32.96875], [-65.009765625, -33.037109375], [-64.853515625, -33.115234375], [-64.6875, -33.251953125], [-64.580078125, -33.388671875], [-64.4921875, -33.6328125], [-64.48893229166667, -33.818359375], [-64.84375, -35.898437499999986], [-70.8984375, -38.486328125], [-71.005859375, -38.30078125], [-71.005859375, -38.06640625], [-71.19140625, -37.685546875], [-71.181640625, -37.6171875], [-71.123046875, -37.578125], [-71.14257812499999, -37.5390625], [-71.11328125, -37.451171875], [-71.181640625, -37.36328125], [-71.201171875, -37.275390625], [-71.14257812499999, -37.216796874999986], [-71.1328125, -37.119140625], [-71.09375, -37.099609375], [-71.162109375, -36.9775390625], [-71.1328125, -36.943359375], [-71.19140625, -36.8359375], [-71.14257812499999, -36.7578125], [-71.14257812499999, -36.689453124999986], [-71.05468749999999, -36.6796875], [-71.05468749999999, -36.494140625], [-71.025390625, -36.46484375], [-70.9375, -36.474609375], [-70.8984375, -36.396484375], [-70.71289062500001, -36.416015625], [-70.71289062500001, -36.26953125], [-70.56640625, -36.1328125], [-70.44921875000001, -36.15234375], [-70.380859375, -36.044921875], [-70.41015625, -35.9765625], [-70.390625, -35.908203125000014], [-70.419921875, -35.87890625], [-70.35156249999999, -35.78125], [-70.419921875, -35.654296875], [-70.400390625, -35.498046875], [-70.46875, -35.380859375000014], [-70.4296875, -35.33203125], [-70.556640625, -35.292968750000014], [-70.576171875, -35.244140625], [-70.52734374999999, -35.195312499999986], [-70.458984375, -35.195312499999986], [-70.37109375, -35.146484375], [-70.37109375, -35.0], [-70.27343750000001, -34.8046875], [-70.3125, -34.74609375], [-70.25390625, -34.70703125], [-70.234375, -34.589843750000014], [-70.05859375, -34.404296874999986], [-70.05859375, -34.287109375], [-69.98046875, -34.2578125], [-69.91210937499999, -34.27734375], [-69.82421874999999, -34.228515624999986], [-69.873046875, -34.130859375], [-69.853515625, -33.964843749999986], [-69.91210937499999, -33.9453125], [-69.91210937499999, -33.76953125], [-69.853515625, -33.710937500000014], [-69.892578125, -33.662109375], [-69.873046875, -33.5546875], [-69.78515625, -33.408203125], [-69.8046875, -33.28125], [-69.931640625, -33.232421875], [-70.0, -33.291015625], [-70.107421875, -33.1640625], [-70.107421875, -33.02734375], [-70.0390625, -32.98828125], [-69.990234375, -32.880859375], [-70.15625, -32.744140625000014], [-70.15625, -32.470703124999986], [-70.244140625, -32.412109375], [-70.244140625, -32.314453125], [-70.322265625, -32.275390625], [-70.33203125, -32.128906250000014], [-70.380859375, -32.05078125], [-70.36132812500001, -32.021484375], [-70.27343750000001, -32.041015625000014], [-70.244140625, -31.93359375], [-70.302734375, -31.875], [-70.419921875, -31.875], [-70.46875, -31.826171875], [-70.478515625, -31.728515625], [-70.595703125, -31.552734375], [-70.52734374999999, -31.152343749999986], [-70.458984375, -31.083984375], [-70.400390625, -31.142578125], [-70.322265625, -31.025390625], [-70.2783203125, -31.0205078125], [-70.341796875, -30.927734375], [-70.21484375, -30.5078125], [-70.13671875, -30.439453125], [-70.166015625, -30.361328124999986], [-70.126953125, -30.341796875], [-70.05859375, -30.390625], [-69.951171875, -30.371093750000014], [-69.892578125, -30.29296875], [-69.892578125, -30.224609375], [-69.83398437500001, -30.17578125], [-69.8828125, -30.087890625], [-69.970703125, -30.078125], [-69.91210937499999, -29.921875], [-69.91210937499999, -29.775390625], [-69.921875, -29.70703125], [-69.970703125, -29.667968750000014], [-69.970703125, -29.53125], [-70.0390625, -29.365234375], [-70.0390625, -29.287109375], [-69.90234375, -29.130859374999986], [-69.84375, -29.130859374999986], [-69.794921875, -29.091796875], [-69.8046875, -28.955078124999986], [-69.7265625, -28.798828125], [-69.755859375, -28.662109375], [-69.68587239583333, -28.543294270833332]]]]}}, {"type": "Feature", "properties": {"FID": 101, "FIR_NAME": "ANCHORAGE OCEANIC", "ICAO_CODE": "PAZA", "TYPE": "FIR", "COUNTRY": "United States"}, "geometry": {"type": "MultiPolygon", "coordinates": [[[[179.987, 50.4785], [179.987, 49.3945], [162.9199, 45.7096], [159.0007, 50.0846], [160.6445, 50.8496], [163.5059, 52.0508], [166.1426, 53.0469], [168.9746, 53.9941], [169.987, 54.6745], [170.0098, 51.5039], [173.75, 51.084], [179.987, 50.4785]]]]}}, {"type": "Feature", "properties": {"FID": 147, "FIR_NAME": "ANCHORAGE OCEANIC", "ICAO_CODE": "PAZA", "TYPE": "FIR", "COUNTRY": "United States"}, "geometry": {"type": "MultiPolygon", "coordinates": [[[[-179.9967, 49.4141], [-179.9967, 50.4688], [-176.6309, 50.1367], [-179.9967, 49.4141]]]]}}, {"type": "Feature", "properties": {"FID": 102, "FIR_NAME": "LANZHOU", "ICAO_CODE": "ZLHW", "TYPE": "FIR", "COUNTRY": "China"}, "geometry": {"type": "MultiPolygon", "coordinates": [[[[87.38932291666667, 36.429036458333336], [89.033203125, 37.55859375], [91.0546875, 38.984375], [92.255859375, 39.853515625], [95.13671875, 41.806640625], [96.34440104166667, 42.903645833333336], [96.38671875, 42.744140625], [96.982421875, 42.763671875], [97.20703125, 42.802734375], [98.232421875, 42.646484375], [99.4140625, 42.578125], [99.912109375, 42.65625], [100.244140625, 42.646484375], [100.3125, 42.6953125], [100.849609375, 42.685546875], [101.552734375, 42.5390625], [101.796875, 42.51953125], [102.080078125, 42.236328125], [102.412109375, 42.158203125], [102.71484375, 42.16796875], [103.4375, 41.884765625], [103.828125, 41.806640625], [104.12109375, 41.81640625], [104.51171875, 41.884765625], [104.521484375, 41.669921875], [104.921875, 41.66015625], [105.0, 41.591796875], [105.22135416666667, 41.744791666666664], [105.91796875, 40.72265625], [107.041015625, 40.322265625], [109.619140625, 38.76953125], [110.595703125, 38.359375], [110.72265625, 37.431640625], [110.29296875, 35.546875], [110.25716145833333, 34.547526041666664], [110.46875, 34.1015625], [110.859375, 33.53515625], [109.51171875, 31.910807291666668], [107.32421875, 32.255859375], [105.8203125, 32.451171875], [103.88671875, 33.583984375], [101.796875, 32.958984375], [98.59375, 31.826171875], [96.630859375, 32.16796875], [91.9140625, 32.87109375], [89.0234375, 36.025390625], [87.38932291666667, 36.429036458333336]]]]}}, {"type": "Feature", "properties": {"FID": 103, "FIR_NAME": "LA PAZ", "ICAO_CODE": "SLLF", "TYPE": "FIR", "COUNTRY": "Bolivia"}, "geometry": {"type": "MultiPolygon", "coordinates": [[[[-69.55729166666667, -10.950520833333343], [-69.38476562499999, -10.91796875], [-69.326171875, -10.947265625000014], [-69.072265625, -10.95703125], [-68.92578125, -11.005859375], [-68.77929687500001, -10.986328125], [-68.77929687500001, -11.1328125], [-68.623046875, -11.113281249999986], [-68.515625, -11.044921875], [-68.30078125, -10.986328125], [-68.056640625, -10.6640625], [-67.87109375, -10.64453125], [-67.763671875, -10.703125], [-67.71484374999999, -10.693359375], [-67.587890625, -10.498046874999986], [-67.48046875, -10.458984375], [-67.412109375, -10.37109375], [-67.353515625, -10.37109375], [-67.32421875, -10.3125], [-67.1875, -10.322265624999986], [-67.09960937499999, -10.2734375], [-66.89453125, -10.078125], [-66.62109375, -9.892578125000014], [-66.435546875, -9.882812499999986], [-66.357421875, -9.833984375], [-66.23046875000001, -9.82421875], [-66.083984375, -9.765625], [-66.04492187499999, -9.794921874999986], [-65.927734375, -9.755859375], [-65.791015625, -9.755859375], [-65.72265625, -9.74609375], [-65.703125, -9.78515625], [-65.576171875, -9.82421875], [-65.498046875, -9.716796875000014], [-65.400390625, -9.677734375], [-65.3125, -9.82421875], [-65.34179687499999, -10.0390625], [-65.29296875, -10.21484375], [-65.322265625, -10.29296875], [-65.400390625, -10.37109375], [-65.400390625, -10.4296875], [-65.44921875, -10.46875], [-65.44921875, -10.60546875], [-65.390625, -10.6640625], [-65.41015625, -10.791015625], [-65.33203125, -10.849609374999986], [-65.3125, -10.947265625000014], [-65.35156250000001, -11.025390624999986], [-65.34179687499999, -11.09375], [-65.41015625, -11.162109375], [-65.37109375, -11.210937500000014], [-65.400390625, -11.259765625], [-65.33203125, -11.328125], [-65.361328125, -11.386718750000014], [-65.33203125, -11.464843749999986], [-65.25390624999999, -11.494140625], [-65.224609375, -11.5234375], [-65.234375, -11.5625], [-65.185546875, -11.6015625], [-65.205078125, -11.738281250000014], [-65.16601562499999, -11.767578125], [-65.126953125, -11.689453125], [-65.107421875, -11.738281250000014], [-65.068359375, -11.748046875], [-65.048828125, -11.865234375], [-65.0, -11.904296874999986], [-65.01953125, -11.97265625], [-64.98046875, -12.01171875], [-64.84375, -12.01171875], [-64.73632812500001, -12.138671875], [-64.697265625, -12.099609375], [-64.6875, -12.158203125], [-64.62890625, -12.20703125], [-64.501953125, -12.2265625], [-64.47265625000001, -12.28515625], [-64.501953125, -12.353515625000014], [-64.39453125, -12.4609375], [-64.31640625, -12.4609375], [-64.28710937499999, -12.490234375], [-64.20898437500001, -12.470703125], [-64.16015625, -12.519531249999986], [-64.130859375, -12.490234375], [-63.92578125, -12.5390625], [-63.847656249999986, -12.4609375], [-63.681640625000014, -12.4609375], [-63.486328125, -12.55859375], [-63.33984375, -12.695312499999986], [-63.242187500000014, -12.695312499999986], [-63.154296875000014, -12.63671875], [-63.0859375, -12.63671875], [-63.0078125, -12.822265625], [-62.939453125, -12.8515625], [-62.8125, -12.98828125], [-62.6953125, -12.958984374999986], [-62.63671875, -13.037109375], [-62.490234375, -13.056640625000014], [-62.40234375, -13.134765624999986], [-62.216796875, -13.115234375], [-62.12890625, -13.144531250000014], [-62.119140625, -13.2421875], [-61.875, -13.45703125], [-61.835937500000014, -13.53515625], [-61.6015625, -13.505859375], [-61.54296875, -13.544921875], [-61.46484375, -13.544921875], [-61.357421875, -13.486328124999986], [-61.15234375, -13.515625], [-61.064453125, -13.4765625], [-61.035156249999986, -13.53515625], [-60.986328125, -13.53515625], [-60.80078125, -13.671875], [-60.498046875, -13.7890625], [-60.390625, -13.974609375], [-60.48828125, -14.169921875], [-60.361328125, -14.453125], [-60.3515625, -14.550781250000014], [-60.439453125, -14.765625], [-60.390625, -15.078125], [-60.56640625, -15.107421875], [-60.234375, -15.478515625], [-60.166015625000014, -16.25], [-58.671875, -16.318359375], [-58.427734375, -16.318359375], [-58.33984375, -16.26953125], [-58.349609375, -16.494140625], [-58.486328124999986, -16.660156250000014], [-58.408203125000014, -17.236328125], [-58.02734375, -17.490234375], [-57.900390625, -17.4609375], [-57.802734375, -17.539062500000014], [-57.75390625, -17.587890625], [-57.783203124999986, -17.646484375], [-57.69205729166666, -17.819010416666668], [-57.71484375, -17.841796875], [-57.578125, -18.125], [-57.4609375, -18.22265625], [-57.548828125, -18.232421874999986], [-57.568359375, -18.26171875], [-57.7734375, -18.876953125], [-57.724609375, -18.916015625], [-57.71484375, -19.023437499999986], [-57.792968750000014, -19.052734375], [-58.125, -19.726562499999986], [-57.861328125, -19.970703125], [-57.900390625, -20.01953125], [-57.958984374999986, -20.01953125], [-58.151041666666664, -20.143229166666668], [-58.134765624999986, -19.970703125], [-58.18359375, -19.8046875], [-59.12109375, -19.3359375], [-60.0, -19.287109374999986], [-60.595703124999986, -19.453125], [-61.71875, -19.62890625], [-61.767578125, -19.677734375], [-61.914062499999986, -20.078125], [-62.275390625000014, -20.556640625], [-62.265625, -21.064453125], [-62.607421875, -22.28271484375], [-62.792968749999986, -22.119140625], [-62.83203125, -21.982421875], [-63.681640625000014, -21.9921875], [-63.7109375, -22.021484375000014], [-63.740234375, -21.9921875], [-63.935546874999986, -21.9921875], [-64.12109375000001, -22.32421875], [-64.130859375, -22.40234375], [-64.2578125, -22.55859375], [-64.306640625, -22.822265625], [-64.345703125, -22.861328125], [-64.365234375, -22.734375], [-64.46289062499999, -22.626953124999986], [-64.43359375, -22.539062499999986], [-64.5703125, -22.353515625], [-64.541015625, -22.265625], [-64.609375, -22.197265625000014], [-65.0, -22.080078125], [-65.76171875, -22.099609374999986], [-65.9375, -21.923828124999986], [-66.025390625, -21.9140625], [-66.09375, -21.81640625], [-66.23046875000001, -21.77734375], [-66.298828125, -22.060546875], [-66.40625, -22.12890625], [-66.728515625, -22.20703125], [-66.77734375, -22.412109375], [-67.01171874999999, -22.509765625], [-67.02148437500001, -22.636718750000014], [-67.138671875, -22.724609375000014], [-67.1875, -22.81901041666667], [-67.65625, -22.890625], [-67.79296875, -22.87109375], [-67.880859375, -22.8125], [-67.861328125, -22.529296875], [-67.94921875, -22.34375], [-67.9296875, -22.216796875], [-67.96875, -22.16796875], [-67.958984375, -22.08984375], [-68.095703125, -21.953125], [-68.10546875, -21.748046874999986], [-68.193359375, -21.6015625], [-68.193359375, -21.298828125], [-68.408203125, -20.957031249999986], [-68.4375, -20.927734375], [-68.525390625, -20.927734375], [-68.564453125, -20.888671875], [-68.57421875, -20.72265625], [-68.466796875, -20.634765625], [-68.7109375, -20.48828125], [-68.76953124999999, -20.400390625], [-68.68164062499999, -20.302734375], [-68.73046875, -20.224609375], [-68.720703125, -20.146484375], [-68.7890625, -20.087890625000014], [-68.583984375, -20.048828125], [-68.53515625, -19.921875], [-68.5546875, -19.84375], [-68.701171875, -19.70703125], [-68.447265625, -19.423828125], [-68.935546875, -19.013671875], [-68.974609375, -18.935546874999986], [-68.94531249999999, -18.857421875000014], [-69.03320312499999, -18.642578125], [-69.03320312499999, -18.45703125], [-69.08203125, -18.388671875], [-69.091796875, -18.22265625], [-69.16015625, -18.144531249999986], [-69.08203125, -18.076171875], [-69.08203125, -18.02734375], [-69.31640625, -17.94921875], [-69.326171875, -17.792968749999986], [-69.501953125, -17.617187499999986], [-69.50520833333333, -17.509765625], [-69.51171875, -17.373046875], [-69.58984375, -17.294921875], [-69.65820312500001, -17.275390625000014], [-69.62890625, -17.197265625], [-69.39453125000001, -17.041015625], [-69.404296875, -17.011718750000014], [-69.345703125, -16.97265625], [-69.16015625, -16.708984375], [-69.111328125, -16.708984375], [-69.013671875, -16.640625], [-69.052734375, -16.552734375], [-69.03320312499999, -16.455078125], [-68.828125, -16.337890625], [-68.85742187499999, -16.279296875], [-68.974609375, -16.201171875], [-69.140625, -16.220703125000014], [-69.21875, -16.15234375], [-69.423828125, -15.625], [-69.27734375, -15.332031249999986], [-69.150390625, -15.244140624999986], [-69.169921875, -15.185546875], [-69.296875, -15.087890625], [-69.39453125000001, -14.951171875], [-69.365234375, -14.912109375], [-69.375, -14.794921875], [-69.248046875, -14.726562500000014], [-69.248046875, -14.58984375], [-69.21875, -14.560546875], [-69.169921875, -14.5703125], [-69.169921875, -14.51171875], [-68.984375, -14.365234374999986], [-69.013671875, -14.248046875], [-68.85742187499999, -14.189453124999986], [-68.896484375, -14.033203125], [-68.984375, -13.955078125], [-69.013671875, -13.740234375], [-69.091796875, -13.671875], [-69.072265625, -13.6328125], [-69.0234375, -13.623046875], [-68.96484375, -13.505859375], [-68.984375, -12.871093749999986], [-68.9013671875, -12.778320312499993], [-68.759765625, -12.705078125000014], [-68.75, -12.65625], [-68.7890625, -12.607421874999986], [-68.69140625000001, -12.519531249999986], [-68.69140625000001, -12.470703125], [-68.95507812500001, -11.943359375], [-69.55729166666667, -10.950520833333343]]]]}}, {"type": "Feature", "properties": {"FID": 104, "FIR_NAME": "PRAHA", "ICAO_CODE": "LKAA", "TYPE": "FIR", "COUNTRY": "Czech Republic"}, "geometry": {"type": "MultiPolygon", "coordinates": [[[[14.817708333333334, 50.869140625], [14.970703125, 50.869140625], [15.009765625, 50.9375], [15.009765624999986, 51.005859375], [15.107421874999972, 50.99609375], [15.15625, 51.025390625], [15.263671875, 50.986328125], [15.283203124999972, 50.888671875], [15.361328125, 50.83984375], [15.371093749999972, 50.791015625], [15.439453125, 50.810546875], [15.68359375, 50.7421875], [15.80078125, 50.751953125], [15.869140625, 50.673828125], [15.966796875, 50.703125], [16.0205078125, 50.625], [16.103515625, 50.6640625], [16.201171875, 50.634765625], [16.240234375, 50.673828125], [16.328125, 50.673828125], [16.42578124999997, 50.60546875], [16.35742187500003, 50.498046875], [16.30859375, 50.5078125], [16.201171875, 50.4296875], [16.26953125000003, 50.380859375], [16.35742187500003, 50.380859375], [16.552734375, 50.224609375], [16.552734375, 50.185546875], [16.62109375000003, 50.1171875], [16.71875, 50.107421875], [16.8359375, 50.205078125], [17.021484375, 50.234375], [17.01171875, 50.283203125], [16.86523437499997, 50.419921875], [16.89453125, 50.44921875], [17.1875, 50.390625], [17.23632812500003, 50.341796875], [17.32421875000003, 50.33203125], [17.353515625, 50.2734375], [17.41210937500003, 50.283203125], [17.44140625, 50.25390625], [17.48046874999997, 50.283203125], [17.646484375, 50.2734375], [17.705078125, 50.33203125], [17.75390625, 50.234375], [17.7197265625, 50.205078125], [17.59765625, 50.166015625], [17.646484375, 50.1171875], [17.724609375, 50.1171875], [17.822265625, 50.0], [17.91015625, 49.98046875], [18.056640625, 50.0390625], [18.11523437500003, 50.0], [18.251953125, 49.970703125], [18.29101562500003, 49.921875], [18.549804687500014, 49.921875], [18.62304687499997, 49.736328125], [18.7890625, 49.6875], [18.84765625, 49.524739583333336], [18.759765625, 49.4921875], [18.55468750000003, 49.501953125], [18.359375, 49.326171875], [18.212890625, 49.296875], [18.125, 49.1015625], [18.06640625, 49.04296875], [17.93945312500003, 49.033203125], [17.880859375, 48.935546875], [17.8125, 48.935546875], [17.724609375, 48.8671875], [17.55859375, 48.828125], [17.451171875, 48.857421875], [17.3828125, 48.828125], [17.1875, 48.876953125], [17.04101562499997, 48.779296875], [16.930338541666668, 48.600260416666664], [16.88476562500003, 48.73046875], [16.68945312499997, 48.740234375], [16.640625, 48.798828125], [16.54296875, 48.818359375], [16.455078125, 48.818359375], [16.376953125, 48.740234375], [16.064453125, 48.759765625], [15.830078125000028, 48.88671875], [15.68359375, 48.8671875], [15.361328125, 48.994140625], [15.283203124999972, 49.00390625], [15.25390625, 48.96484375], [15.17578125, 48.955078125], [15.126953125000028, 49.013671875], [14.9853515625, 48.994140625], [14.946289062500014, 48.7841796875], [14.82421875, 48.798828125], [14.794921875, 48.740234375], [14.716796875, 48.69140625], [14.697265625, 48.59375], [14.453125, 48.65234375], [14.423828125000028, 48.603515625], [14.345703125, 48.57421875], [14.052734374999972, 48.61328125], [13.994140625, 48.720703125], [13.821614583333334, 48.776041666666664], [13.73046875, 48.88671875], [13.662109375, 48.896484375], [13.564453125, 48.984375], [13.4765625, 48.955078125], [13.41796875, 48.984375], [13.310546875, 49.111328125], [13.18359375, 49.130859375], [13.017578125000028, 49.306640625], [12.8857421875, 49.345703125], [12.79296875, 49.345703125], [12.744140625, 49.404296875], [12.666015625000028, 49.43359375], [12.63671875, 49.51171875], [12.51953125, 49.62890625], [12.51953125, 49.66796875], [12.392578125, 49.755859375], [12.4609375, 49.794921875], [12.5390625, 49.921875], [12.5, 49.931640625], [12.470703124999972, 49.990234375], [12.265625, 50.05859375], [12.197265625, 50.1171875], [12.177734375, 50.205078125], [12.099609375, 50.25390625], [12.114257812499986, 50.3173828125], [12.236328125, 50.2734375], [12.314453125000028, 50.17578125], [12.34375, 50.263671875], [12.51953125, 50.400390625], [12.6953125, 50.400390625], [12.8125, 50.458984375], [12.958984375, 50.419921875], [13.0078125, 50.44921875], [13.02734375, 50.5078125], [13.193359375000028, 50.517578125], [13.232421875, 50.5859375], [13.310546875, 50.5859375], [13.37890625, 50.64453125], [13.466796875, 50.60546875], [13.544921875000028, 50.712890625], [13.84765625, 50.732421875], [13.896484375000028, 50.791015625], [13.974609375, 50.8203125], [14.04296875, 50.810546875], [14.2578125, 50.8984375], [14.335937500000028, 50.888671875], [14.39453125, 50.91796875], [14.267578125, 51.0009765625], [14.296875, 51.0546875], [14.487304687499986, 51.03515625], [14.58984375, 50.986328125], [14.580078124999972, 50.91796875], [14.6484375, 50.91796875], [14.62890625, 50.859375], [14.794921875, 50.830078125], [14.817708333333334, 50.869140625]]]]}}, {"type": "Feature", "properties": {"FID": 105, "FIR_NAME": "WARSZAWA", "ICAO_CODE": "EPWW", "TYPE": "FIR", "COUNTRY": "Poland"}, "geometry": {"type": "MultiPolygon", "coordinates": [[[[15.009765624999986, 51.005859375], [15.009765625, 50.9375], [14.970703125, 50.869140625], [14.817708333333334, 50.869140625], [14.9609375, 51.0546875], [15.029296875, 51.2890625], [14.970703125, 51.357421875], [14.94140625, 51.484375], [14.716796875, 51.552734375], [14.74609375, 51.669921875], [14.6875, 51.708984375], [14.599609375000028, 51.845703125], [14.697265625, 51.923828125], [14.74609375, 52.080078125], [14.677734375, 52.119140625], [14.70703125, 52.236328125], [14.599609375000028, 52.275390625], [14.53125, 52.40234375], [14.62890625, 52.490234375], [14.599609375000028, 52.51953125], [14.62890625, 52.578125], [14.35546875, 52.75390625], [14.130859375, 52.841796875], [14.140625, 52.958984375], [14.345703125, 53.056640625], [14.384765625, 53.134765625], [14.365234375, 53.18359375], [14.43359375, 53.26171875], [14.306640625, 53.544921875], [14.208984375, 53.916015625], [14.228515624999972, 54.033203125], [14.19921875, 54.12109375], [14.248046875000028, 54.140625], [14.2578125, 54.1796875], [14.348958333333334, 54.908854166666664], [14.55078125, 54.82421875], [14.814453125, 54.8046875], [15.0, 54.84375], [15.126953125000028, 54.921875], [15.859375, 54.921875], [17.555338541666668, 55.856119791666664], [19.401041666666668, 54.612630208333336], [19.58984374999997, 54.482421875], [19.6875, 54.453125], [20.68359375, 54.365234375], [21.98242187500003, 54.3359375], [22.77343750000003, 54.375], [22.822265625, 54.4140625], [22.890625, 54.4140625], [23.046875, 54.3505859375], [23.076171875, 54.306640625], [23.134765625, 54.31640625], [23.22265625, 54.267578125], [23.3203125, 54.2578125], [23.447265625, 54.1796875], [23.505859375, 54.072265625], [23.47656250000003, 54.00390625], [23.499348958333332, 53.955078125], [23.662109375, 53.505859375], [23.80859374999997, 53.26171875], [23.90625, 53.1640625], [23.8671875, 53.0859375], [23.92578125, 53.017578125], [23.935546875, 52.734375], [23.74023437500003, 52.6171875], [23.59375, 52.607421875], [23.3984375, 52.529296875], [23.173828125, 52.294921875], [23.203125, 52.2265625], [23.47656250000003, 52.177734375], [23.515625, 52.12890625], [23.63281249999997, 52.080078125], [23.662109375, 52.001953125], [23.59375, 51.85546875], [23.61328125, 51.787109375], [23.54492187499997, 51.748046875], [23.53515625, 51.66015625], [23.5546875, 51.552734375], [23.61328124999999, 51.533203125], [23.681640625, 51.416015625], [23.623046875, 51.318359375], [23.857421875, 51.15234375], [23.90625, 51.015625], [23.994140625, 50.927734375], [24.130859375, 50.859375], [23.974609375, 50.83984375], [23.9453125, 50.80078125], [24.023437499999986, 50.7373046875], [24.12109375, 50.546875], [24.04296875, 50.517578125], [23.984375, 50.41015625], [23.7109375, 50.390625], [23.662109375, 50.322265625], [23.22265625, 50.05859375], [22.66601562499997, 49.5703125], [22.646484375, 49.53125], [22.734375, 49.39453125], [22.75390624999997, 49.306640625], [22.705078125, 49.189453125], [22.86132812500003, 49.091796875], [22.87109375, 49.0234375], [22.548828125, 49.088541666666664], [22.041015625, 49.208984375], [21.96289062499997, 49.3359375], [21.826171875, 49.39453125], [21.767578125, 49.365234375], [21.62109375, 49.443359375], [21.4453125, 49.4140625], [21.26953125, 49.462890625], [21.2109375, 49.4140625], [21.07421875, 49.43359375], [21.0693359375, 49.3798828125], [20.95703125, 49.306640625], [20.8984375, 49.306640625], [20.693359375, 49.423828125], [20.57617187500003, 49.384765625], [20.458984375, 49.4140625], [20.322265625, 49.404296875], [20.29296874999997, 49.35546875], [20.146484375, 49.31640625], [20.05859375, 49.1796875], [19.96093750000003, 49.23828125], [19.86328125, 49.19921875], [19.775390625, 49.208984375], [19.765625, 49.23828125], [19.8046875, 49.27734375], [19.78515625000003, 49.404296875], [19.6484375, 49.4140625], [19.462890625, 49.609375], [19.3359375, 49.53125], [19.25781250000003, 49.53125], [19.16015625, 49.404296875], [18.984375, 49.404296875], [18.9453125, 49.521484375], [18.84765625, 49.524739583333336], [18.7890625, 49.6875], [18.62304687499997, 49.736328125], [18.549804687500014, 49.921875], [18.29101562500003, 49.921875], [18.251953125, 49.970703125], [18.11523437500003, 50.0], [18.056640625, 50.0390625], [17.91015625, 49.98046875], [17.822265625, 50.0], [17.724609375, 50.1171875], [17.646484375, 50.1171875], [17.59765625, 50.166015625], [17.7197265625, 50.205078125], [17.75390625, 50.234375], [17.705078125, 50.33203125], [17.646484375, 50.2734375], [17.48046874999997, 50.283203125], [17.44140625, 50.25390625], [17.41210937500003, 50.283203125], [17.353515625, 50.2734375], [17.32421875000003, 50.33203125], [17.23632812500003, 50.341796875], [17.1875, 50.390625], [16.89453125, 50.44921875], [16.86523437499997, 50.419921875], [17.01171875, 50.283203125], [17.021484375, 50.234375], [16.8359375, 50.205078125], [16.71875, 50.107421875], [16.62109375000003, 50.1171875], [16.552734375, 50.185546875], [16.552734375, 50.224609375], [16.35742187500003, 50.380859375], [16.26953125000003, 50.380859375], [16.201171875, 50.4296875], [16.30859375, 50.5078125], [16.35742187500003, 50.498046875], [16.42578124999997, 50.60546875], [16.328125, 50.673828125], [16.240234375, 50.673828125], [16.201171875, 50.634765625], [16.103515625, 50.6640625], [16.0205078125, 50.625], [15.966796875, 50.703125], [15.869140625, 50.673828125], [15.80078125, 50.751953125], [15.68359375, 50.7421875], [15.439453125, 50.810546875], [15.371093749999972, 50.791015625], [15.361328125, 50.83984375], [15.283203124999972, 50.888671875], [15.263671875, 50.986328125], [15.15625, 51.025390625], [15.107421874999972, 50.99609375], [15.009765624999986, 51.005859375]]]]}}, {"type": "Feature", "properties": {"FID": 106, "FIR_NAME": "MURMANSK OCEANIC", "ICAO_CODE": "ULMM", "TYPE": "FIR", "COUNTRY": "Russia"}, "geometry": {"type": "MultiPolygon", "coordinates": [[[[31.997070312500014, 89.9951171875], [179.98046875, 90.0], [179.98697916666666, 86.23046875], [114.74609375, 78.00455729166667], [108.564453125, 78.06640625], [104.58984375, 78.02734375], [101.62109375, 77.958984375], [95.87890625, 77.744140625], [93.203125, 77.59765625], [89.501953125, 77.34375], [87.939453125, 77.001953125], [85.546875, 76.416015625], [83.45703125, 75.83984375], [81.85546875, 75.341796875], [78.8671875, 75.185546875], [76.1328125, 75.0], [72.861328125, 74.7265625], [70.693359375, 74.51171875], [70.693359375, 74.423828125], [70.90820312499999, 73.67513020833333], [68.662109375, 73.671875], [66.25976562499999, 71.50065104166667], [57.649739583333314, 71.171875], [57.98828125, 73.818359375], [57.978515625, 73.90625], [48.671875, 73.017578125], [48.61328125000003, 72.998046875], [48.623046875, 72.958984375], [49.482421875, 70.498046875], [43.271484375, 68.671875], [32.08333333333334, 71.50390625], [32.080078125, 74.00390625], [34.99023437500003, 74.0234375], [34.99023437500003, 80.99609375], [31.9921875, 81.015625], [31.997070312500014, 89.9951171875]]]]}}, {"type": "Feature", "properties": {"FID": 107, "FIR_NAME": "ANCHORAGE ARCTIC", "ICAO_CODE": "PAZA", "TYPE": "FIR", "COUNTRY": "United States"}, "geometry": {"type": "MultiPolygon", "coordinates": [[[[-169.00716145833334, 87.63671875], [-169.0087890625, 89.9951171875], [-141.005859375, 89.990234375], [-141.00911458333334, 72.001953125], [-157.958984375, 72.01171875], [-169.00065104166666, 68.017578125], [-169.00716145833334, 72.001953125], [-169.00716145833334, 87.63671875]]]]}}, {"type": "Feature", "properties": {"FID": 108, "FIR_NAME": "MURMANSK OCEANIC", "ICAO_CODE": "ULMM", "TYPE": "FIR", "COUNTRY": "Russia"}, "geometry": {"type": "MultiPolygon", "coordinates": [[[[-169.0087890625, 89.9951171875], [-169.00716145833334, 87.63671875], [-179.99674479166666, 86.123046875], [-179.990234375, 90.0], [-169.0087890625, 89.9951171875]]]]}}, {"type": "Feature", "properties": {"FID": 109, "FIR_NAME": "LJUBLJANA", "ICAO_CODE": "LJLA", "TYPE": "FIR", "COUNTRY": "Slovenia"}, "geometry": {"type": "MultiPolygon", "coordinates": [[[[15.322265624999986, 45.6884765625], [15.283203124999972, 45.60546875], [15.322265625, 45.478515625], [15.166015625, 45.4296875], [15.068359375, 45.498046875], [14.94140625, 45.52734375], [14.814453125, 45.46875], [14.78515625, 45.517578125], [14.697265625, 45.537109375], [14.58984375, 45.68359375], [14.482421875, 45.537109375], [14.35546875, 45.48828125], [14.091796875, 45.48828125], [13.984375, 45.52734375], [13.974609375, 45.46875], [13.896484375000028, 45.458984375], [13.84765625, 45.48828125], [13.671875, 45.44921875], [13.3984375, 45.559895833333336], [13.486328125, 45.634765625], [13.76953125, 45.595703125], [13.857421875, 45.595703125], [13.896484375000028, 45.634765625], [13.779296875, 45.76171875], [13.583984375, 45.830078125], [13.57421875, 45.869140625], [13.632812500000028, 45.986328125], [13.525390624999972, 45.9765625], [13.486328125, 46.025390625], [13.65234375, 46.181640625], [13.442382812499986, 46.2353515625], [13.408203125, 46.23046875], [13.37890625, 46.298828125], [13.59375, 46.4453125], [13.681640625, 46.455078125], [13.7109375, 46.5234375], [13.916015625, 46.533203125], [13.994140625, 46.494140625], [14.091796875, 46.494140625], [14.150390625, 46.4453125], [14.4140625, 46.455078125], [14.5703125, 46.396484375], [14.58984375, 46.4453125], [14.794921875, 46.513671875], [14.863281250000028, 46.62109375], [14.98046875, 46.62109375], [15.029296875, 46.66015625], [15.41015625, 46.66015625], [15.48828125, 46.62109375], [15.654296875000028, 46.71875], [15.810546874999972, 46.728515625], [15.888671875, 46.728515625], [16.025390625, 46.669921875], [15.986328124999972, 46.748046875], [15.986328124999972, 46.8359375], [16.129557291666668, 46.878255208333336], [16.259765625, 46.884765625], [16.328125, 46.85546875], [16.318359375, 46.767578125], [16.416015625, 46.689453125], [16.38671875, 46.650390625], [16.50390625, 46.5625], [16.526692708333325, 46.50390625], [16.396484375, 46.552734375], [16.279296875, 46.533203125], [16.240234375, 46.494140625], [16.264648437500014, 46.40625], [16.19140625, 46.38671875], [16.142578125, 46.416015625], [16.083984375, 46.396484375], [16.07421874999997, 46.337890625], [16.025390625, 46.30859375], [15.8203125, 46.26953125], [15.78125, 46.220703125], [15.659179687500014, 46.23046875], [15.595703125, 46.1328125], [15.712890625, 46.044921875], [15.722656249999972, 45.9375], [15.68359375, 45.908203125], [15.68359375, 45.859375], [15.64453125, 45.830078125], [15.595703125, 45.859375], [15.4296875, 45.8203125], [15.302734375000028, 45.76171875], [15.322265624999986, 45.6884765625]]]]}}, {"type": "Feature", "properties": {"FID": 110, "FIR_NAME": "BRASILIA", "ICAO_CODE": "SBBS", "TYPE": "FIR", "COUNTRY": "Brazil"}, "geometry": {"type": "MultiPolygon", "coordinates": [[[[-53.108723958333336, -16.705729166666668], [-53.6328125, -14.501953125], [-53.505859375, -12.94921875], [-53.06640625, -12.1875], [-51.064453125, -10.498046874999986], [-50.4296875, -10.400390625], [-49.16015625, -10.595703125000014], [-49.00390625, -10.048828125], [-48.896484375, -9.86328125], [-48.662109375, -9.677734375], [-48.408203125, -9.619140624999986], [-48.18359375, -9.638671875], [-47.998046875, -9.7265625], [-47.802734375, -9.921875], [-47.705078125, -10.15625], [-47.692057291666664, -10.2734375], [-46.884765625, -12.03125], [-45.5859375, -13.349609375], [-45.0390625, -14.1796875], [-44.55078125, -14.82421875], [-44.111328125, -15.605468750000014], [-42.91015625, -16.328125], [-42.67578125, -16.40625], [-41.728515625, -17.011718750000014], [-41.9140625, -17.55859375], [-42.51953125, -18.603515625], [-42.451171875, -18.769531250000014], [-42.509765625, -19.072265625], [-42.490234375, -19.550781249999986], [-42.600911458333336, -20.44596354166667], [-43.369140625, -20.21484375], [-43.515625, -20.380859375], [-43.76953125, -20.498046875], [-44.0673828125, -20.5078125], [-45.76171875, -22.763671875], [-45.859375, -23.232421875], [-46.416015625, -23.408203125], [-46.943359375, -23.4765625], [-47.431640625, -23.22265625], [-47.578125, -23.046875], [-47.91015625, -22.958984375], [-48.544921875, -22.48046875], [-48.583984375, -22.44140625], [-48.5546875, -22.20703125], [-48.65234375, -22.08984375], [-49.208984375, -21.865234375], [-50.673828125, -20.615234375000014], [-51.572265625, -19.541015625], [-53.108723958333336, -16.705729166666668]]]]}}, {"type": "Feature", "properties": {"FID": 111, "FIR_NAME": "HO CHI MINH", "ICAO_CODE": "VVTS", "TYPE": "FIR", "COUNTRY": "Vietnam"}, "geometry": {"type": "MultiPolygon", "coordinates": [[[[107.4951171875, 15.4833984375], [107.392578125, 15.498046875], [107.34375, 15.595703125], [107.24609375, 15.673828125], [107.255859375, 15.712890625], [107.16796875, 15.791015625], [107.20703125, 15.869140625], [107.3828125, 15.91796875], [107.4609375, 16.015625], [107.4609375, 16.07421875], [107.333984375, 16.064453125], [107.158203125, 16.19140625], [107.12890625, 16.279296875], [106.982421875, 16.30859375], [106.884765625, 16.42578125], [106.89453125, 16.513671875], [106.865234375, 16.54296875], [106.767578125, 16.435546875], [106.69921875, 16.4453125], [106.650390625, 16.533203125], [106.669921875, 16.58203125], [106.591796875, 16.62109375], [106.552734375, 16.689453125], [106.52994791666667, 16.988932291666668], [107.333984375, 17.01171875], [108.69466145833333, 17.425130208333332], [111.97265625, 14.521484375], [113.99088541666667, 14.51171875], [113.994140625, 10.501302083333334], [107.98828125, 7.001953125], [102.99153645833333, 7.01171875], [102.54231770833333, 8.854166666666666], [103.896484375, 10.654296875], [104.27734375, 10.517578125], [104.43359375, 10.4296875], [104.501953125, 10.4296875], [104.58984375, 10.537109375], [104.86328125, 10.52734375], [104.951171875, 10.64453125], [105.068359375, 10.703125], [105.087890625, 10.751953125], [105.029296875, 10.8984375], [105.087890625, 10.95703125], [105.3466796875, 10.8544921875], [105.419921875, 10.966796875], [105.498046875, 10.947265625], [105.771484375, 11.025390625], [105.87890625, 10.849609375], [105.91796875, 10.83984375], [105.966796875, 10.888671875], [106.07421875, 10.810546875], [106.1767578125, 10.8056640625], [106.142578125, 10.966796875], [106.201171875, 10.986328125], [106.19140625, 11.0546875], [106.142578125, 11.103515625], [106.1083984375, 11.083984375], [106.005859375, 11.19140625], [105.927734375, 11.220703125], [105.869140625, 11.30859375], [105.8984375, 11.4453125], [105.87890625, 11.54296875], [105.810546875, 11.6015625], [105.83984375, 11.66015625], [105.87890625, 11.6796875], [105.95703125, 11.650390625], [106.044921875, 11.787109375], [106.240234375, 11.73828125], [106.298828125, 11.689453125], [106.4453125, 11.6796875], [106.416015625, 11.77734375], [106.455078125, 11.89453125], [106.416015625, 11.97265625], [106.6552734375, 11.982421875], [106.708984375, 11.97265625], [106.787109375, 12.080078125], [106.962890625, 12.080078125], [107.20703125, 12.3046875], [107.353515625, 12.333984375], [107.44140625, 12.265625], [107.4609375, 12.314453125], [107.548828125, 12.373046875], [107.587890625, 12.6171875], [107.55859375, 12.822265625], [107.5, 12.890625], [107.48046875, 13.037109375], [107.626953125, 13.369140625], [107.626953125, 13.544921875], [107.4609375, 13.7890625], [107.451171875, 13.994140625], [107.36328125, 14.0234375], [107.333984375, 14.12109375], [107.3828125, 14.248046875], [107.36328125, 14.345703125], [107.421875, 14.443359375], [107.4609375, 14.43359375], [107.5, 14.482421875], [107.53580729166667, 14.710286458333334], [107.509765625, 14.814453125], [107.578125, 14.90234375], [107.470703125, 14.98046875], [107.4609375, 15.029296875], [107.587890625, 15.05859375], [107.6806640625, 15.244140625], [107.607421875, 15.3515625], [107.59765625, 15.41015625], [107.529296875, 15.419921875], [107.4951171875, 15.4833984375]]]]}}, {"type": "Feature", "properties": {"FID": 112, "FIR_NAME": "VIENTIANE", "ICAO_CODE": "VLIV", "TYPE": "FIR", "COUNTRY": "Laos"}, "geometry": {"type": "MultiPolygon", "coordinates": [[[[106.52994791666667, 16.988932291666668], [106.552734375, 16.689453125], [106.591796875, 16.62109375], [106.669921875, 16.58203125], [106.650390625, 16.533203125], [106.69921875, 16.4453125], [106.767578125, 16.435546875], [106.865234375, 16.54296875], [106.89453125, 16.513671875], [106.884765625, 16.42578125], [106.982421875, 16.30859375], [107.12890625, 16.279296875], [107.158203125, 16.19140625], [107.333984375, 16.064453125], [107.4609375, 16.07421875], [107.4609375, 16.015625], [107.3828125, 15.91796875], [107.20703125, 15.869140625], [107.16796875, 15.791015625], [107.255859375, 15.712890625], [107.24609375, 15.673828125], [107.34375, 15.595703125], [107.392578125, 15.498046875], [107.4951171875, 15.4833984375], [107.529296875, 15.419921875], [107.59765625, 15.41015625], [107.607421875, 15.3515625], [107.6806640625, 15.244140625], [107.587890625, 15.05859375], [107.4609375, 15.029296875], [107.470703125, 14.98046875], [107.578125, 14.90234375], [107.509765625, 14.814453125], [107.53580729166667, 14.710286458333334], [107.4609375, 14.638671875], [107.431640625, 14.55078125], [107.294921875, 14.609375], [107.236328125, 14.501953125], [107.20703125, 14.51171875], [107.119140625, 14.4140625], [107.05078125, 14.4287109375], [106.962890625, 14.3359375], [106.89453125, 14.345703125], [106.8359375, 14.31640625], [106.728515625, 14.443359375], [106.630859375, 14.47265625], [106.513671875, 14.599609375], [106.42578125, 14.521484375], [106.40625, 14.462890625], [106.318359375, 14.453125], [106.259765625, 14.4921875], [106.19140625, 14.375], [106.005859375, 14.375], [105.986328125, 14.3359375], [106.025390625, 14.306640625], [106.025390625, 14.248046875], [106.103515625, 14.189453125], [106.171875, 14.072265625], [106.103515625, 14.00390625], [106.083984375, 13.92578125], [105.908203125, 13.935546875], [105.791015625, 14.033203125], [105.771484375, 14.091796875], [105.556640625, 14.169921875], [105.46875, 14.12109375], [105.37109375, 14.111328125], [105.205078125, 14.287109375], [105.205078125, 14.352213541666666], [105.4345703125, 14.4384765625], [105.52734375, 14.560546875], [105.5078125, 14.82421875], [105.56640625, 14.90234375], [105.546875, 14.951171875], [105.60546875, 14.990234375], [105.458984375, 15.126953125], [105.478515625, 15.205078125], [105.5859375, 15.283203125], [105.56640625, 15.33203125], [105.498046875, 15.33203125], [105.46875, 15.37109375], [105.595703125, 15.439453125], [105.634765625, 15.6640625], [105.56640625, 15.751953125], [105.439453125, 15.76171875], [105.400390625, 15.80078125], [105.341796875, 15.947265625], [105.419921875, 16.005859375], [105.400390625, 16.025390625], [105.1953125, 16.0546875], [105.05859375, 16.11328125], [105.0, 16.26953125], [104.736328125, 16.54296875], [104.765625, 16.728515625], [104.736328125, 16.806640625], [104.765625, 16.865234375], [104.736328125, 16.904296875], [104.736328125, 17.03125], [104.8046875, 17.197265625], [104.794921875, 17.412109375], [104.66796875, 17.548828125], [104.482421875, 17.63671875], [104.404296875, 17.71484375], [104.35546875, 17.8125], [104.248046875, 17.890625], [104.21875, 17.98828125], [104.111328125, 18.095703125], [104.00390625, 18.30078125], [103.9453125, 18.33984375], [103.857421875, 18.291015625], [103.7890625, 18.349609375], [103.69140625, 18.33984375], [103.515625, 18.427734375], [103.30078125, 18.427734375], [103.232421875, 18.359375], [103.28125, 18.30078125], [103.1640625, 18.251953125], [103.14453125, 18.18359375], [103.056640625, 18.125], [103.06640625, 18.037109375], [103.02734375, 17.98828125], [102.861328125, 17.98828125], [102.685546875, 17.880859375], [102.666015625, 17.8125], [102.587890625, 17.8515625], [102.607421875, 17.939453125], [102.578125, 17.96875], [102.451171875, 17.978515625], [102.3046875, 18.046875], [102.1484375, 18.212890625], [102.080078125, 18.22265625], [101.89453125, 18.037109375], [101.77734375, 18.06640625], [101.71875, 17.919921875], [101.572265625, 17.861328125], [101.552734375, 17.783203125], [101.435546875, 17.744140625], [101.15234375, 17.470703125], [100.986328125, 17.568359375], [100.927734375, 17.568359375], [100.908203125, 17.6171875], [100.95703125, 17.666015625], [100.986328125, 17.8125], [101.025390625, 17.841796875], [101.015625, 17.890625], [101.181640625, 18.056640625], [101.181640625, 18.203125], [101.142578125, 18.291015625], [101.171875, 18.33984375], [101.064453125, 18.408203125], [101.0546875, 18.45703125], [101.259765625, 18.681640625], [101.220703125, 18.73046875], [101.25, 18.7890625], [101.240234375, 18.876953125], [101.34765625, 19.04296875], [101.25, 19.140625], [101.23046875, 19.3359375], [101.19140625, 19.375], [101.201171875, 19.453125], [101.26953125, 19.4921875], [101.279296875, 19.55078125], [101.240234375, 19.599609375], [101.09375, 19.580078125], [101.025390625, 19.62890625], [100.8984375, 19.62890625], [100.771484375, 19.4921875], [100.64453125, 19.560546875], [100.576171875, 19.501953125], [100.498046875, 19.53125], [100.400390625, 19.775390625], [100.5078125, 19.892578125], [100.56640625, 20.15625], [100.478515625, 20.17578125], [100.3125, 20.400390625], [100.21484375, 20.3515625], [100.15625, 20.244140625], [100.087890625, 20.2734375], [100.08463541666667, 20.358072916666668], [100.13671875, 20.458984375], [100.166015625, 20.634765625], [100.283203125, 20.78125], [100.361328125, 20.830078125], [100.537109375, 20.810546875], [100.634765625, 20.869140625], [100.625, 20.8984375], [100.517578125, 20.87890625], [100.517578125, 20.966796875], [100.673828125, 21.142578125], [100.712890625, 21.298828125], [100.869140625, 21.328125], [101.083984375, 21.46484375], [101.15885416666667, 21.559244791666668], [101.2109375, 21.552734375], [101.19140625, 21.42578125], [101.25, 21.376953125], [101.23046875, 21.259765625], [101.279296875, 21.19140625], [101.552734375, 21.259765625], [101.611328125, 21.23046875], [101.611328125, 21.181640625], [101.669921875, 21.201171875], [101.71875, 21.15234375], [101.77734375, 21.15234375], [101.8359375, 21.259765625], [101.748046875, 21.30859375], [101.73828125, 21.396484375], [101.7578125, 21.572265625], [101.826171875, 21.630859375], [101.748046875, 21.728515625], [101.77734375, 21.826171875], [101.689453125, 21.943359375], [101.62109375, 21.982421875], [101.572265625, 22.099609375], [101.591796875, 22.16796875], [101.533203125, 22.255859375], [101.62109375, 22.294921875], [101.669921875, 22.3828125], [101.66015625, 22.44140625], [101.748046875, 22.509765625], [101.875, 22.392578125], [101.9140625, 22.44140625], [102.001953125, 22.4609375], [102.08984375, 22.451171875], [102.13541666666667, 22.408854166666668], [102.2265625, 22.255859375], [102.40234375, 22.138671875], [102.5, 22.03125], [102.490234375, 21.982421875], [102.607421875, 21.923828125], [102.67578125, 21.669921875], [102.734375, 21.669921875], [102.8125, 21.73828125], [102.822265625, 21.85546875], [102.87109375, 21.71875], [102.94921875, 21.748046875], [102.978515625, 21.728515625], [102.98828125, 21.591796875], [102.900390625, 21.474609375], [102.88946299000159, 21.45658666647619], [102.88231812078732, 21.441456355198902], [102.90753530624946, 21.441456355198902], [102.92728876819481, 21.455746093627454], [102.94578137086705, 21.448601224413178], [102.93737564237968, 21.414558024039277], [102.9071150198251, 21.380514823665372], [102.90543387412762, 21.353616492505747], [102.89912957776208, 21.316211000736892], [102.86760809593439, 21.29645753879154], [102.83398518198486, 21.272921499026864], [102.82684031277059, 21.25148689138404], [102.88021668866547, 21.255269469203363], [102.91015625, 21.23046875], [102.900390625, 21.181640625], [102.94921875, 21.15234375], [102.958984375, 21.09375], [103.046875, 21.03515625], [103.14453125, 20.869140625], [103.37890625, 20.791015625], [103.447265625, 20.830078125], [103.681640625, 20.6640625], [103.779296875, 20.751953125], [103.76953125, 20.80078125], [103.80859375, 20.859375], [104.0234375, 20.908203125], [104.08203125, 20.9765625], [104.306640625, 20.8984375], [104.4140625, 20.78125], [104.47265625, 20.771484375], [104.51171875, 20.712890625], [104.638671875, 20.654296875], [104.5703125, 20.546875], [104.462890625, 20.537109375], [104.375, 20.458984375], [104.453125, 20.419921875], [104.58984375, 20.4296875], [104.6875, 20.361328125], [104.70703125, 20.302734375], [104.66796875, 20.244140625], [104.697265625, 20.21484375], [104.84375, 20.234375], [104.921875, 20.1953125], [104.931640625, 20.13671875], [104.98046875, 20.09765625], [104.970703125, 20.009765625], [104.8876953125, 19.9755859375], [104.775390625, 19.892578125], [104.84375, 19.853515625], [104.833984375, 19.8046875], [104.716796875, 19.755859375], [104.62890625, 19.619140625], [104.521484375, 19.609375], [104.404296875, 19.697265625], [104.326171875, 19.66796875], [104.228515625, 19.716796875], [104.130859375, 19.66796875], [104.033203125, 19.6875], [104.033203125, 19.619140625], [104.111328125, 19.501953125], [104.052734375, 19.423828125], [103.974609375, 19.404296875], [103.896484375, 19.31640625], [103.984375, 19.23828125], [104.052734375, 19.248046875], [104.16015625, 19.19921875], [104.21875, 19.150390625], [104.21875, 19.111328125], [104.267578125, 19.12109375], [104.43359375, 18.994140625], [104.51171875, 18.984375], [104.580078125, 18.896484375], [104.7265625, 18.80859375], [104.912109375, 18.7890625], [104.931640625, 18.75], [105.126953125, 18.7109375], [105.185546875, 18.623046875], [105.13671875, 18.59375], [105.09765625, 18.447265625], [105.185546875, 18.37890625], [105.17578125, 18.330078125], [105.25390625, 18.26171875], [105.3125, 18.26171875], [105.3515625, 18.173828125], [105.390625, 18.1640625], [105.419921875, 18.212890625], [105.498046875, 18.173828125], [105.625, 17.98828125], [105.60546875, 17.880859375], [105.673828125, 17.822265625], [105.7421875, 17.685546875], [105.83984375, 17.63671875], [106.162109375, 17.294921875], [106.220703125, 17.255859375], [106.298828125, 17.294921875], [106.42578125, 17.01171875], [106.52994791666667, 16.988932291666668]]]]}}, {"type": "Feature", "properties": {"FID": 113, "FIR_NAME": "PYONGYANG", "ICAO_CODE": "ZKKP", "TYPE": "FIR", "COUNTRY": "North Korea"}, "geometry": {"type": "MultiPolygon", "coordinates": [[[[123.994140625, 38.0078125], [124.150390625, 39.8046875], [124.189453125, 39.8828125], [124.35546875, 40.009765625], [124.345703125, 40.078125], [124.541015625, 40.244140625], [124.697265625, 40.302734375], [124.74609375, 40.380859375], [124.82421875, 40.41015625], [124.8828125, 40.478515625], [125.01953125, 40.46875], [125.029296875, 40.546875], [125.224609375, 40.60546875], [125.283203125, 40.654296875], [125.400390625, 40.625], [125.419921875, 40.673828125], [125.48828125, 40.732421875], [125.52734375, 40.72265625], [125.556640625, 40.78125], [125.6640625, 40.771484375], [125.64453125, 40.830078125], [125.751953125, 40.888671875], [125.830078125, 40.869140625], [125.888671875, 40.908203125], [125.9765625, 40.8984375], [126.123046875, 41.044921875], [126.11328125, 41.07421875], [126.259765625, 41.15234375], [126.435546875, 41.357421875], [126.5234375, 41.3671875], [126.494140625, 41.435546875], [126.572265625, 41.5625], [126.5625, 41.62109375], [126.611328125, 41.669921875], [126.6796875, 41.6796875], [126.708984375, 41.708984375], [126.69921875, 41.748046875], [126.77734375, 41.69921875], [126.9140625, 41.806640625], [127.041015625, 41.728515625], [127.03125, 41.669921875], [127.2021484375, 41.54052734375], [127.490234375, 41.474609375], [127.6513671875, 41.42578125], [127.8515625, 41.416015625], [127.9296875, 41.455078125], [128.125, 41.376953125], [128.232421875, 41.46484375], [128.291015625, 41.6015625], [128.0859375, 41.81640625], [128.056640625, 42.01171875], [128.291015625, 42.05078125], [128.466796875, 42.001953125], [128.671875, 42.021484375], [128.7109375, 42.05078125], [128.916015625, 42.03125], [128.955078125, 42.08984375], [129.111328125, 42.1484375], [129.1845703125, 42.2265625], [129.21875, 42.36328125], [129.3359375, 42.4267578125], [129.43359375, 42.44140625], [129.541015625, 42.373046875], [129.599609375, 42.451171875], [129.66796875, 42.431640625], [129.716796875, 42.470703125], [129.736328125, 42.63671875], [129.775390625, 42.67578125], [129.74609375, 42.724609375], [129.8779296875, 42.9833984375], [129.921875, 43.017578125], [129.970703125, 42.96875], [130.09765625, 42.98828125], [130.107421875, 42.91015625], [130.244140625, 42.900390625], [130.234375, 42.734375], [130.41015625, 42.607421875], [130.439453125, 42.548828125], [130.48828125, 42.6171875], [130.56315104166666, 42.490234375], [130.654296875, 42.3828125], [130.64453125, 42.333984375], [130.673828125, 42.3046875], [131.513671875, 41.669921875], [135.91796875, 40.504557291666664], [133.623046875, 38.639322916666664], [128.369140625, 38.642578125], [128.30078125, 38.59375], [128.291015625, 38.45703125], [128.095703125, 38.3203125], [127.2265625, 38.330078125], [127.08984375, 38.291015625], [126.982421875, 38.212890625], [126.806640625, 38.0078125], [126.6796875, 37.94921875], [126.66015625, 37.783203125], [126.5625, 37.7734375], [126.42578125, 37.841796875], [126.240234375, 37.83203125], [126.19140625, 37.802734375], [126.162109375, 37.724609375], [126.015625, 37.666015625], [125.712890625, 37.724609375], [125.5078125, 37.6953125], [125.263671875, 37.59765625], [125.0390625, 37.646484375], [124.8828125, 37.75390625], [124.853515625, 37.79296875], [124.833984375, 38.0078125], [123.994140625, 38.0078125]], [[127.2021484375, 41.54052734375], [127.109375, 41.552734375], [127.12890625, 41.5234375], [127.2021484375, 41.54052734375]]]]}}, {"type": "Feature", "properties": {"FID": 114, "FIR_NAME": "SHENYANG", "ICAO_CODE": "ZYSH", "TYPE": "FIR", "COUNTRY": "China"}, "geometry": {"type": "MultiPolygon", "coordinates": [[[[127.2021484375, 41.54052734375], [127.03125, 41.669921875], [127.041015625, 41.728515625], [126.9140625, 41.806640625], [126.77734375, 41.69921875], [126.69921875, 41.748046875], [126.708984375, 41.708984375], [126.6796875, 41.6796875], [126.611328125, 41.669921875], [126.5625, 41.62109375], [126.572265625, 41.5625], [126.494140625, 41.435546875], [126.5234375, 41.3671875], [126.435546875, 41.357421875], [126.259765625, 41.15234375], [126.11328125, 41.07421875], [126.123046875, 41.044921875], [125.9765625, 40.8984375], [125.888671875, 40.908203125], [125.830078125, 40.869140625], [125.751953125, 40.888671875], [125.64453125, 40.830078125], [125.6640625, 40.771484375], [125.556640625, 40.78125], [125.52734375, 40.72265625], [125.48828125, 40.732421875], [125.419921875, 40.673828125], [125.400390625, 40.625], [125.283203125, 40.654296875], [125.224609375, 40.60546875], [125.029296875, 40.546875], [125.01953125, 40.46875], [124.8828125, 40.478515625], [124.82421875, 40.41015625], [124.74609375, 40.380859375], [124.697265625, 40.302734375], [124.541015625, 40.244140625], [124.345703125, 40.078125], [124.35546875, 40.009765625], [124.189453125, 39.8828125], [124.150390625, 39.8046875], [123.994140625, 38.0078125], [122.98828125, 38.26171875], [119.99348958333333, 38.264973958333336], [119.86328125, 39.4921875], [119.345703125, 39.90234375], [117.529296875, 43.232421875], [115.3125, 45.406901041666664], [115.68359375, 45.458984375], [116.025390625, 45.693359375], [116.181640625, 45.712890625], [116.279296875, 45.8203125], [116.23046875, 45.87890625], [116.259765625, 45.966796875], [116.357421875, 46.103515625], [116.54296875, 46.23046875], [116.591796875, 46.30859375], [116.748046875, 46.337890625], [116.826171875, 46.396484375], [117.060546875, 46.3671875], [117.36328125, 46.376953125], [117.44140625, 46.591796875], [117.587890625, 46.611328125], [117.63671875, 46.552734375], [117.744140625, 46.5234375], [117.841796875, 46.54296875], [117.939453125, 46.630859375], [118.193359375, 46.689453125], [118.28125, 46.73828125], [118.37890625, 46.73828125], [118.4375, 46.69921875], [118.642578125, 46.71875], [118.759765625, 46.689453125], [118.84765625, 46.77734375], [118.916015625, 46.728515625], [118.984375, 46.7578125], [119.08203125, 46.669921875], [119.3359375, 46.62109375], [119.6484375, 46.630859375], [119.697265625, 46.6015625], [119.8046875, 46.669921875], [119.873046875, 46.669921875], [119.921875, 46.71875], [119.912109375, 46.85546875], [119.912109375, 46.9140625], [119.78515625, 47.01171875], [119.775390625, 47.109375], [119.638671875, 47.236328125], [119.541015625, 47.265625], [119.51171875, 47.314453125], [119.31640625, 47.431640625], [119.326171875, 47.490234375], [119.150390625, 47.5390625], [119.111328125, 47.67578125], [118.76953125, 47.7734375], [118.623046875, 47.9296875], [118.49609375, 48.0078125], [118.251953125, 48.017578125], [118.203125, 48.046875], [117.998046875, 48.0078125], [117.79296875, 48.017578125], [117.392578125, 47.666015625], [117.314453125, 47.67578125], [117.099609375, 47.822265625], [116.875, 47.890625], [116.474609375, 47.841796875], [116.240234375, 47.880859375], [116.103515625, 47.822265625], [115.966796875, 47.6953125], [115.91796875, 47.6953125], [115.615234375, 47.900390625], [115.576171875, 47.94921875], [115.537109375, 48.134765625], [115.830078125, 48.26171875], [115.810546875, 48.53515625], [116.07421875, 48.818359375], [116.064453125, 48.896484375], [116.70247395833333, 49.833984375], [117.2265625, 49.638671875], [117.5, 49.62890625], [117.783203125, 49.521484375], [117.861328125, 49.521484375], [117.890625, 49.560546875], [118.02734375, 49.599609375], [118.232421875, 49.736328125], [118.349609375, 49.775390625], [118.388671875, 49.82421875], [118.466796875, 49.833984375], [118.505859375, 49.892578125], [118.642578125, 49.9609375], [119.072265625, 49.990234375], [119.228515625, 50.029296875], [119.345703125, 50.15625], [119.31640625, 50.224609375], [119.35546875, 50.341796875], [119.1796875, 50.3515625], [119.130859375, 50.400390625], [119.228515625, 50.439453125], [119.27734375, 50.5859375], [119.4921875, 50.7421875], [119.521484375, 50.91796875], [119.736328125, 51.083984375], [119.755859375, 51.2109375], [119.912109375, 51.34765625], [119.892578125, 51.376953125], [119.9609375, 51.416015625], [119.970703125, 51.494140625], [120.048828125, 51.5625], [120.087890625, 51.66015625], [120.166015625, 51.669921875], [120.48828125, 51.884765625], [120.634765625, 51.9140625], [120.703125, 51.982421875], [120.693359375, 52.060546875], [120.76171875, 52.109375], [120.751953125, 52.24609375], [120.625, 52.32421875], [120.712890625, 52.5390625], [120.693359375, 52.55859375], [120.439453125, 52.646484375], [120.205078125, 52.587890625], [120.05859375, 52.59765625], [120.01953125, 52.626953125], [120.01953125, 52.763671875], [120.263671875, 52.861328125], [120.458984375, 53.02734375], [120.625, 53.10546875], [120.703125, 53.193359375], [120.810546875, 53.232421875], [120.869140625, 53.291015625], [121.220703125, 53.28125], [121.337890625, 53.330078125], [121.494140625, 53.330078125], [121.796875, 53.41796875], [122.0703125, 53.41796875], [122.31770833333333, 53.499348958333336], [122.373046875, 53.447265625], [122.55859375, 53.447265625], [123.154296875, 53.505859375], [123.251953125, 53.564453125], [123.5107421875, 53.5205078125], [123.603515625, 53.5546875], [123.701171875, 53.49609375], [123.8671875, 53.486328125], [124.091796875, 53.349609375], [124.23828125, 53.369140625], [124.39453125, 53.22265625], [124.6484375, 53.193359375], [124.70703125, 53.134765625], [124.794921875, 53.14453125], [124.84375, 53.095703125], [124.8828125, 53.10546875], [124.892578125, 53.173828125], [125.15625, 53.203125], [125.44921875, 53.095703125], [125.498046875, 53.046875], [125.595703125, 53.06640625], [125.72265625, 52.978515625], [125.634765625, 52.91015625], [125.654296875, 52.880859375], [125.830078125, 52.91015625], [125.95703125, 52.7734375], [126.0546875, 52.79296875], [126.083984375, 52.763671875], [126.03515625, 52.724609375], [126.0546875, 52.685546875], [125.966796875, 52.646484375], [125.9765625, 52.59765625], [126.005859375, 52.568359375], [126.083984375, 52.59765625], [126.19140625, 52.5390625], [126.19140625, 52.48046875], [126.26953125, 52.4609375], [126.328125, 52.40234375], [126.337890625, 52.353515625], [126.30859375, 52.32421875], [126.38671875, 52.28515625], [126.298828125, 52.216796875], [126.552734375, 52.12890625], [126.435546875, 52.001953125], [126.611328125, 51.77734375], [126.71875, 51.708984375], [126.71875, 51.640625], [126.66015625, 51.591796875], [126.81640625, 51.5234375], [126.77734375, 51.4453125], [126.89453125, 51.40625], [126.89778645833333, 51.287434895833336], [126.923828125, 51.064453125], [127.099609375, 50.9375], [127.28515625, 50.7421875], [127.28515625, 50.673828125], [127.36328125, 50.5859375], [127.294921875, 50.478515625], [127.353515625, 50.41015625], [127.333984375, 50.3125], [127.578125, 50.205078125], [127.568359375, 50.13671875], [127.48046875, 50.048828125], [127.51953125, 49.931640625], [127.5, 49.82421875], [127.5390625, 49.78515625], [127.646484375, 49.765625], [127.705078125, 49.658203125], [127.83203125, 49.58984375], [127.91015625, 49.580078125], [127.978515625, 49.609375], [128.10546875, 49.541015625], [128.330078125, 49.55078125], [128.359375, 49.580078125], [128.505859375, 49.599609375], [128.623046875, 49.580078125], [128.662109375, 49.619140625], [128.798828125, 49.560546875], [128.740234375, 49.501953125], [128.75, 49.47265625], [128.876953125, 49.482421875], [129.00390625, 49.443359375], [129.072265625, 49.35546875], [129.23828125, 49.39453125], [129.345703125, 49.345703125], [129.365234375, 49.423828125], [129.4921875, 49.423828125], [129.55078125, 49.287109375], [129.70703125, 49.27734375], [129.7265625, 49.19921875], [129.833984375, 49.169921875], [129.833984375, 49.12109375], [129.90234375, 49.08203125], [129.912109375, 49.033203125], [130.21484375, 48.8671875], [130.400390625, 48.90625], [130.48828125, 48.857421875], [130.654296875, 48.876953125], [130.673828125, 48.857421875], [130.625, 48.818359375], [130.517578125, 48.61328125], [130.60546875, 48.564453125], [130.615234375, 48.486328125], [130.751953125, 48.486328125], [130.732421875, 48.427734375], [130.8203125, 48.330078125], [130.8203125, 48.291015625], [130.654296875, 48.125], [130.6640625, 48.06640625], [130.8984375, 47.890625], [130.95703125, 47.705078125], [131.083984375, 47.67578125], [131.240234375, 47.734375], [131.484375, 47.744140625], [131.533203125, 47.724609375], [131.5625, 47.666015625], [131.611328125, 47.666015625], [131.669921875, 47.705078125], [131.923828125, 47.67578125], [132.001953125, 47.71484375], [132.177734375, 47.705078125], [132.333984375, 47.75390625], [132.529296875, 47.71484375], [132.65625, 47.87109375], [132.666015625, 47.958984375], [132.8125, 47.94921875], [132.861328125, 48.0078125], [133.0078125, 48.037109375], [133.0810546875, 48.10546875], [133.388671875, 48.115234375], [133.505859375, 48.076171875], [133.583984375, 48.173828125], [133.69140625, 48.193359375], [133.75, 48.26171875], [133.984375, 48.271484375], [134.0625, 48.33984375], [134.1796875, 48.33984375], [134.39453125, 48.3984375], [134.47265625, 48.359375], [134.560546875, 48.359375], [134.7021484375, 48.2763671875], [134.66796875, 48.125], [134.5703125, 48.06640625], [134.55078125, 47.998046875], [134.580078125, 47.9296875], [134.6484375, 47.890625], [134.66796875, 47.822265625], [134.765625, 47.744140625], [134.755859375, 47.705078125], [134.677734375, 47.63671875], [134.658203125, 47.568359375], [134.482421875, 47.431640625], [134.287109375, 47.421875], [134.169921875, 47.314453125], [134.150390625, 47.24609375], [134.21875, 47.109375], [134.130859375, 47.080078125], [134.052734375, 46.97265625], [134.0625, 46.923828125], [134.00390625, 46.826171875], [134.033203125, 46.787109375], [134.013671875, 46.669921875], [133.837890625, 46.484375], [133.84765625, 46.4453125], [133.92578125, 46.396484375], [133.857421875, 46.337890625], [133.896484375, 46.259765625], [133.69140625, 46.15234375], [133.7109375, 46.0546875], [133.662109375, 45.95703125], [133.57421875, 45.87890625], [133.5009765625, 45.869140625], [133.447265625, 45.712890625], [133.4765625, 45.68359375], [133.45703125, 45.634765625], [133.408203125, 45.576171875], [133.173828125, 45.498046875], [133.125, 45.4296875], [133.0859375, 45.244140625], [133.125, 45.15625], [132.94921875, 45.029296875], [131.982421875, 45.244140625], [131.845703125, 45.3515625], [131.748046875, 45.224609375], [131.650390625, 45.21484375], [131.62109375, 45.166015625], [131.650390625, 45.126953125], [131.455078125, 44.970703125], [131.34765625, 44.98046875], [131.240234375, 44.921875], [131.103515625, 44.931640625], [131.044921875, 44.873046875], [130.947265625, 44.84375], [131.09375, 44.6875], [131.2890625, 44.08203125], [131.240234375, 44.033203125], [131.240234375, 43.916015625], [131.19140625, 43.828125], [131.2109375, 43.59375], [131.181640625, 43.544921875], [131.298828125, 43.45703125], [131.298828125, 43.3984375], [131.259765625, 43.349609375], [131.259765625, 43.28125], [131.181640625, 43.203125], [131.2109375, 43.14453125], [131.09375, 43.02734375], [131.123046875, 42.94921875], [131.103515625, 42.91015625], [131.044921875, 42.91015625], [131.015625, 42.861328125], [130.791015625, 42.880859375], [130.76171875, 42.841796875], [130.634765625, 42.841796875], [130.41015625, 42.734375], [130.419921875, 42.6953125], [130.517578125, 42.6953125], [130.5859375, 42.646484375], [130.60546875, 42.578125], [130.56315104166666, 42.490234375], [130.48828125, 42.6171875], [130.439453125, 42.548828125], [130.41015625, 42.607421875], [130.234375, 42.734375], [130.244140625, 42.900390625], [130.107421875, 42.91015625], [130.09765625, 42.98828125], [129.970703125, 42.96875], [129.921875, 43.017578125], [129.8779296875, 42.9833984375], [129.74609375, 42.724609375], [129.775390625, 42.67578125], [129.736328125, 42.63671875], [129.716796875, 42.470703125], [129.66796875, 42.431640625], [129.599609375, 42.451171875], [129.541015625, 42.373046875], [129.43359375, 42.44140625], [129.3359375, 42.4267578125], [129.21875, 42.36328125], [129.1845703125, 42.2265625], [129.111328125, 42.1484375], [128.955078125, 42.08984375], [128.916015625, 42.03125], [128.7109375, 42.05078125], [128.671875, 42.021484375], [128.466796875, 42.001953125], [128.291015625, 42.05078125], [128.056640625, 42.01171875], [128.0859375, 41.81640625], [128.291015625, 41.6015625], [128.232421875, 41.46484375], [128.125, 41.376953125], [127.9296875, 41.455078125], [127.8515625, 41.416015625], [127.6513671875, 41.42578125], [127.490234375, 41.474609375], [127.2021484375, 41.54052734375]], [[126.89778645833333, 51.287434895833336], [126.8359375, 51.34765625], [126.796875, 51.30859375], [126.8359375, 51.25], [126.89778645833333, 51.287434895833336]]]]}}, {"type": "Feature", "properties": {"FID": 115, "FIR_NAME": "LUSAKA", "ICAO_CODE": "FLFI", "TYPE": "FIR", "COUNTRY": "Zambia"}, "geometry": {"type": "MultiPolygon", "coordinates": [[[[33.491210937500014, -12.3974609375], [33.369140625, -12.529296875000014], [33.271484375, -12.519531249999986], [33.193359375, -12.607421874999986], [33.154296875, -12.578125], [33.03710937499997, -12.59765625], [32.94921874999997, -12.763671875], [32.958984375, -12.83203125], [33.02734375, -12.890625], [32.978515625, -13.0859375], [33.0078125, -13.193359375], [32.939453125, -13.26171875], [32.91015625, -13.398437499999986], [32.83203125, -13.466796875], [32.83203125, -13.515625], [32.67578125, -13.583984375000014], [32.6953125, -13.623046875], [32.802734375, -13.662109374999986], [32.822265625, -13.701171875], [32.77343749999997, -13.759765625000014], [32.87109375, -13.798828125], [32.939453125, -13.8671875], [32.94921874999997, -13.916015625], [32.98828125, -13.935546875000014], [32.978515625, -13.994140625], [33.10965401785713, -14.029017857142858], [32.373046875, -14.306640625], [32.1484375, -14.345703125], [31.708984375, -14.4921875], [31.47460937500003, -14.619140625], [30.869140625, -14.74609375], [30.3515625, -14.9609375], [30.22460937499997, -14.970703125], [30.22460937499997, -15.146484375], [30.263671875, -15.253906250000014], [30.361328125, -15.341796875000014], [30.380859375, -15.498046875], [30.3515625, -15.556640625], [30.397135416666647, -15.631510416666666], [29.98046875000003, -15.64453125], [29.82421875, -15.605468750000014], [29.658203125, -15.6640625], [29.560546875, -15.654296875], [29.4921875, -15.703125], [29.25781249999997, -15.76171875], [29.091796875, -15.869140625000014], [29.033203125, -15.947265624999986], [28.935546875, -15.957031250000014], [28.857421875, -16.035156249999986], [28.857421875, -16.240234375], [28.828125, -16.2890625], [28.84765625, -16.386718749999986], [28.759765625, -16.533203125], [28.64257812499997, -16.552734375], [28.29101562499997, -16.69921875], [28.10546875, -16.835937500000014], [27.822265625, -16.953125], [27.63671875, -17.216796875], [27.6171875, -17.333984375], [27.32421874999997, -17.587890625], [27.138671875, -17.802734375000014], [27.14843749999997, -17.8515625], [27.021484375, -17.958984375], [26.875, -17.978515625000014], [26.669921875, -18.066406250000014], [26.53320312499997, -17.978515625000014], [26.2109375, -17.880859374999986], [26.098632812499986, -17.9345703125], [25.9375, -17.998046875], [25.859375, -17.96875], [25.8203125, -17.890625], [25.67382812500003, -17.802734375000014], [25.52734375, -17.8515625], [25.41015625000003, -17.8515625], [25.2197265625, -17.785644531250004], [25.01953125, -17.578125], [24.912109375, -17.529296874999986], [24.62890625, -17.490234375], [24.55078125, -17.529296874999986], [24.375, -17.4609375], [23.447265625, -17.617187499999986], [23.203125, -17.48046875], [22.470703125, -16.7578125], [22.13867187499997, -16.494140625], [22.119140625, -16.337890625], [21.9921875, -16.162109375], [21.9921875, -13.0078125], [22.98828125, -12.998046875], [24.319661458333332, -11.005859375], [25.49804687500003, -11.992187499999986], [27.98828125, -11.992187499999986], [29.876302083333314, -8.10546875], [30.75195312499997, -8.212890624999986], [30.888671875, -8.447265625], [31.025390625, -8.583984375], [31.142578125, -8.603515625], [31.220703125, -8.574218750000014], [31.259765625, -8.61328125], [31.36718749999997, -8.583984375], [31.5625, -8.701171875], [31.572265625, -8.818359375], [31.6796875, -8.90625], [31.796875, -8.876953125], [31.923828125, -8.916015624999986], [31.923828125, -9.003906249999986], [31.97265625, -9.0625], [32.05078125, -9.033203125], [32.1484375, -9.052734375], [32.265625, -9.130859375], [32.421875, -9.12109375], [32.5390625, -9.2578125], [32.71484375, -9.267578124999986], [32.763671875, -9.326171875], [32.9296875, -9.397786458333334], [32.939453125, -9.462890625], [33.0078125, -9.501953125], [32.998046875, -9.619140624999986], [33.046875, -9.609375], [33.0859375, -9.6484375], [33.115234375, -9.58984375], [33.21289062499997, -9.609375], [33.22265625, -9.716796875000014], [33.349609375, -9.82421875], [33.37890625, -9.892578125000014], [33.32031250000003, -10.058593749999986], [33.536783854166664, -10.25390625], [33.404947916666686, -10.787760416666666], [33.251953125, -10.859375], [33.30078124999997, -10.91796875], [33.30078124999997, -10.986328125], [33.3984375, -11.142578125], [33.3984375, -11.19140625], [33.291015625, -11.396484375], [33.2421875, -11.40625], [33.251953125, -11.513671875], [33.22265625, -11.5625], [33.32031250000003, -11.6015625], [33.32031250000003, -11.914062500000014], [33.26171875, -12.12890625], [33.37890625, -12.333984375], [33.47656249999997, -12.3046875], [33.544921875, -12.333984375], [33.491210937500014, -12.3974609375]]]]}}, {"type": "Feature", "properties": {"FID": 116, "FIR_NAME": "SCOTTISH", "ICAO_CODE": "EGPX", "TYPE": "FIR", "COUNTRY": "United Kingdom"}, "geometry": {"type": "MultiPolygon", "coordinates": [[[[-5.511067708333333, 53.92578125], [-8.154296875, 54.423828125], [-6.97265625, 55.33203125], [-7.294921875, 55.419921875], [-8.2421875, 55.341796875], [-9.0234375, 54.74609375], [-10.006510416666666, 54.583333333333336], [-10.009765625, 61.002604166666664], [-0.013020833333333, 61.005859375], [-0.009765625, 60.01953125], [0.029296875, 59.98046875], [1.494140625, 59.1796875], [2.67578125, 58.486328125], [4.990234375, 57.008463541666664], [4.985351562499993, 55.009765625], [-5.48828125, 55.009765625], [-5.511067708333333, 53.92578125]]]]}}, {"type": "Feature", "properties": {"FID": 117, "FIR_NAME": "EZEIZA", "ICAO_CODE": "SAEF", "TYPE": "FIR", "COUNTRY": "Argentina"}, "geometry": {"type": "MultiPolygon", "coordinates": [[[[-71.865234375, -41.455078125], [-71.904296875, -41.337890625], [-71.865234375, -41.240234375], [-71.89453125, -41.181640625], [-71.84570312499999, -41.07421875], [-71.84570312499999, -40.927734375], [-71.953125, -40.712890625], [-71.84570312499999, -40.615234375], [-71.85546875000001, -40.546875], [-71.806640625, -40.419921875], [-71.728515625, -40.419921875], [-71.66992187499999, -40.33203125], [-71.69921875, -40.2734375], [-71.73828125, -40.29296875], [-71.81640625, -40.21484375], [-71.806640625, -40.087890625], [-71.66992187499999, -40.087890625], [-71.67968750000001, -40.009765625], [-71.611328125, -39.912109375], [-71.67968750000001, -39.84375], [-71.708984375, -39.736328125], [-71.69921875, -39.5703125], [-71.62109375, -39.609375], [-71.49414062499999, -39.599609375], [-71.49414062499999, -39.560546875], [-71.54296875, -39.521484375], [-71.455078125, -39.43359375], [-71.474609375, -39.384765625], [-71.41601562500001, -39.3359375], [-71.396484375, -39.267578125], [-71.41601562500001, -38.92578125], [-71.23046874999999, -38.798828125], [-71.15234375000001, -38.798828125], [-71.06445312500001, -38.740234375], [-70.9375, -38.740234375], [-70.869140625, -38.681640625], [-70.88867187500001, -38.642578125], [-70.83984375, -38.603515625], [-70.830078125, -38.53515625], [-70.8984375, -38.486328125], [-64.84375, -35.898437499999986], [-64.48893229166667, -33.818359375], [-63.28125, -34.0234375], [-62.32421875, -32.900390625], [-62.119140625, -32.9296875], [-62.001953124999986, -32.890625], [-61.914062499999986, -32.8125], [-61.875, -32.734375], [-61.875, -32.626953125], [-61.982421875, -32.470703124999986], [-61.552734375, -31.923828125], [-61.54296875, -31.62109375], [-61.40625, -31.328125], [-61.171875, -31.09375], [-60.771484374999986, -30.91796875], [-60.211588541666664, -30.218098958333332], [-57.854817708333336, -30.660807291666668], [-57.8125, -30.732421875], [-57.802734375, -30.87890625], [-57.91015625, -30.927734375], [-57.861328125, -31.074218750000014], [-57.919921875, -31.142578125], [-57.919921875, -31.259765625], [-57.98828125, -31.328125], [-57.998046875, -31.40625], [-58.0859375, -31.455078125], [-57.98828125, -31.552734375], [-57.98828125, -31.62109375], [-58.037109375, -31.777343750000014], [-58.173828125, -31.8359375], [-58.212890625, -31.884765625], [-58.154296875, -31.97265625], [-58.193359375, -32.1484375], [-58.10546875, -32.255859375], [-58.115234375, -32.333984375], [-58.203125, -32.431640625], [-58.134765624999986, -33.02734375], [-58.388671875, -33.10546875], [-58.4765625, -33.701171874999986], [-58.398437499999986, -33.984375], [-58.28125, -34.1796875], [-57.8515625, -34.5703125], [-57.109375, -34.873046875], [-54.84375, -35.996093750000014], [-53.28125, -36.708984375], [-45.01953125, -39.990234375], [-44.501953125, -38.994140625], [-10.013020833333334, -38.994140625], [-10.013020833333334, -45.99609375], [-48.53515625, -45.99609375], [-63.125, -39.27734375], [-70.390625, -41.298828125], [-70.44921875000001, -41.318359375], [-70.56640625, -41.474609375], [-70.72265625, -41.6015625], [-70.947265625, -41.689453125], [-71.435546875, -41.689453125], [-71.66015625, -41.6015625], [-71.865234375, -41.455078125]]]]}}, {"type": "Feature", "properties": {"FID": 118, "FIR_NAME": "PUERTO MONTT", "ICAO_CODE": "SCTZ", "TYPE": "FIR", "COUNTRY": "Chile"}, "geometry": {"type": "MultiPolygon", "coordinates": [[[[-70.8984375, -38.486328125], [-70.830078125, -38.53515625], [-70.83984375, -38.603515625], [-70.88867187500001, -38.642578125], [-70.869140625, -38.681640625], [-70.9375, -38.740234375], [-71.06445312500001, -38.740234375], [-71.15234375000001, -38.798828125], [-71.23046874999999, -38.798828125], [-71.41601562500001, -38.92578125], [-71.396484375, -39.267578125], [-71.41601562500001, -39.3359375], [-71.474609375, -39.384765625], [-71.455078125, -39.43359375], [-71.54296875, -39.521484375], [-71.49414062499999, -39.560546875], [-71.49414062499999, -39.599609375], [-71.62109375, -39.609375], [-71.69921875, -39.5703125], [-71.708984375, -39.736328125], [-71.67968750000001, -39.84375], [-71.611328125, -39.912109375], [-71.67968750000001, -40.009765625], [-71.66992187499999, -40.087890625], [-71.806640625, -40.087890625], [-71.81640625, -40.21484375], [-71.73828125, -40.29296875], [-71.69921875, -40.2734375], [-71.66992187499999, -40.33203125], [-71.728515625, -40.419921875], [-71.806640625, -40.419921875], [-71.85546875000001, -40.546875], [-71.84570312499999, -40.615234375], [-71.953125, -40.712890625], [-71.84570312499999, -40.927734375], [-71.84570312499999, -41.07421875], [-71.89453125, -41.181640625], [-71.865234375, -41.240234375], [-71.904296875, -41.337890625], [-71.865234375, -41.455078125], [-71.884765625, -41.513671875], [-71.84570312499999, -41.5625], [-71.923828125, -41.640625], [-71.796875, -41.845703125], [-71.73828125, -42.08984375], [-71.904296875, -42.16796875], [-71.94335937500001, -42.16796875], [-71.97265625, -42.119140625], [-72.03125, -42.12890625], [-72.138671875, -42.28515625], [-72.05078125, -42.36328125], [-72.0703125, -42.431640625], [-72.03125, -42.48046875], [-72.138671875, -42.548828125], [-72.109375, -42.890625], [-72.1484375, -42.98828125], [-72.05078125, -43.10546875], [-71.8359375, -43.125], [-71.73828125, -43.173828125], [-71.73828125, -43.28125], [-71.89453125, -43.3203125], [-71.94335937500001, -43.427734375], [-71.85546875000001, -43.466796875], [-71.865234375, -43.53515625], [-71.796875, -43.53515625], [-71.708984375, -43.59375], [-71.69921875, -43.671875], [-71.81640625, -43.75], [-71.75781249999999, -43.759765625], [-71.75781249999999, -43.818359375], [-71.650390625, -43.916015625], [-71.76757812500001, -44.072265625], [-71.865234375, -44.111328125], [-71.806640625, -44.1796875], [-71.826171875, -44.27734375], [-71.796875, -44.306640625], [-71.85546875000001, -44.375], [-71.796875, -44.404296875], [-71.689453125, -44.384765625], [-71.24023437500001, -44.4140625], [-71.181640625, -44.43359375], [-71.11328125, -44.541015625], [-71.23046874999999, -44.62890625], [-71.23046874999999, -44.736328125], [-71.2890625, -44.794921875], [-71.376953125, -44.794921875], [-71.484375, -44.736328125], [-71.62109375, -44.775390625], [-71.75781249999999, -44.74609375], [-71.826171875, -44.78515625], [-72.041015625, -44.74609375], [-72.08984375, -44.765625], [-72.060546875, -44.90234375], [-71.97265625, -44.90234375], [-71.904296875, -44.94140625], [-71.75781249999999, -44.921875], [-71.708984375, -44.970703125], [-71.58203124999999, -44.970703125], [-71.46484375, -45.146484375], [-71.357421875, -45.205078125], [-71.30859375, -45.2734375], [-71.38671875, -45.37109375], [-71.50390625000001, -45.41015625], [-71.474609375, -45.46875], [-71.49414062499999, -45.5078125], [-71.66992187499999, -45.517578125], [-71.75781249999999, -45.556640625], [-71.796875, -45.72265625], [-71.748046875, -45.78125], [-71.76757812500001, -45.830078125], [-71.66992187499999, -45.869140625], [-71.611328125, -45.966796875], [-71.75781249999999, -46.103515625], [-71.904296875, -46.142578125], [-71.748046875, -46.25], [-71.75781249999999, -46.38671875], [-71.67968750000001, -46.50390625], [-71.66992187499999, -46.669921875], [-71.826171875, -46.787109375], [-71.94335937500001, -46.806640625], [-71.962890625, -46.943359375], [-71.93684895833333, -46.995442708333336], [-90.00651041666667, -46.9921875], [-90.00651041666667, -38.49609375], [-70.8984375, -38.486328125]]]]}}, {"type": "Feature", "properties": {"FID": 119, "FIR_NAME": null, "ICAO_CODE": null, "TYPE": "FIR", "COUNTRY": null}, "geometry": {"type": "MultiPolygon", "coordinates": [[[[-74.6142578125, 41.59423828125], [-74.35546875, 41.494140625], [-74.12109375, 41.344401041666664], [-74.4140625, 41.42578125], [-74.6142578125, 41.59423828125]]]]}}, {"type": "Feature", "properties": {"FID": 120, "FIR_NAME": "MEXICO", "ICAO_CODE": "MMFR", "TYPE": "FIR", "COUNTRY": "Mexico"}, "geometry": {"type": "MultiPolygon", "coordinates": [[[[-101.4208984375, 29.7607421875], [-101.3671875, 29.66796875], [-101.30859375, 29.6484375], [-101.298828125, 29.580078125], [-101.259765625, 29.619140625], [-101.259765625, 29.53125], [-101.083984375, 29.47265625], [-100.99609375, 29.365234375], [-100.80078125, 29.248046875], [-100.78125, 29.1796875], [-100.673828125, 29.1015625], [-100.64453125, 28.92578125], [-100.546875, 28.818359375], [-100.5078125, 28.671875], [-100.3515625, 28.505859375], [-100.3515625, 28.3984375], [-100.2734375, 28.251953125], [-100.068359375, 28.125], [-100.01953125, 28.02734375], [-99.94140625, 27.978515625], [-99.84375, 27.7734375], [-99.716796875, 27.666015625], [-99.609375, 27.646484375], [-99.53125, 27.587890625], [-99.53125, 27.51953125], [-99.4921875, 27.490234375], [-99.521484375, 27.32421875], [-99.43359375, 27.197265625], [-99.453125, 27.03125], [-99.267578125, 26.8359375], [-99.1796875, 26.552734375], [-99.1015625, 26.494140625], [-99.111328125, 26.42578125], [-98.935546875, 26.38671875], [-98.818359375, 26.376953125], [-98.671875, 26.240234375], [-98.59375, 26.259765625], [-98.515625, 26.220703125], [-98.466796875, 26.23046875], [-98.369140625, 26.162109375], [-98.212890625, 26.064453125], [-97.87109375, 26.07421875], [-97.666015625, 26.03515625], [-97.34619140625, 25.91552734375], [-97.119140625, 25.966796875], [-97.021484375, 26.005859375], [-95.92122395833333, 26.009114583333332], [-92.998046875, 24.501953125], [-88.01757812499999, 24.51171875], [-86.00260416666667, 24.000651041666668], [-86.00585937500001, 22.01171875], [-85.34830729166667, 20.729166666666668], [-85.29296874999999, 20.1953125], [-86.00585937500001, 20.009765625], [-87.76367187500001, 18.154296875], [-88.037109375, 18.18359375], [-88.046875, 18.41796875], [-88.076171875, 18.4375], [-88.310546875, 18.49609375], [-88.4765625, 18.49609375], [-88.603515625, 18.2421875], [-88.681640625, 18.193359375], [-88.7109375, 18.076171875], [-88.84765625, 17.939453125], [-88.857421875, 17.890625], [-89.033203125, 18.017578125], [-89.140625, 17.96875], [-89.150390625, 17.841796875], [-89.1796875, 17.822265625], [-90.9765625, 17.83203125], [-90.99609375, 17.275390625], [-91.4453125, 17.255859375], [-91.357421875, 17.1875], [-91.298828125, 17.197265625], [-91.23046875, 17.08984375], [-91.123046875, 17.01171875], [-91.07421875, 16.9140625], [-90.9765625, 16.8798828125], [-90.810546875, 16.806640625], [-90.712890625, 16.71875], [-90.6640625, 16.650390625], [-90.654296875, 16.533203125], [-90.60546875, 16.484375], [-90.498046875, 16.474609375], [-90.478515625, 16.435546875], [-90.400390625, 16.40625], [-90.4296875, 16.30859375], [-90.44921875, 16.11328125], [-91.73828125, 16.07421875], [-92.216796875, 15.263671875], [-92.080078125, 15.068359375], [-92.158203125, 15.0], [-92.1484375, 14.90234375], [-92.197265625, 14.833984375], [-92.158203125, 14.677734375], [-92.2265625, 14.560546875], [-95.01953125, 12.998046875], [-100.01953125, 11.513671875], [-104.990234375, 14.990234375], [-108.583984375, 19.140625], [-110.654296875, 21.435546875], [-112.880859375, 23.779296875], [-117.490234375, 27.9296875], [-120.00651041666667, 29.990234375], [-120.830078125, 30.758463541666668], [-117.109375, 32.548828125], [-114.74609375, 32.724609375], [-114.736328125, 32.685546875], [-114.814453125, 32.51953125], [-114.794921875, 32.490234375], [-113.52213541666667, 32.109375], [-111.09375, 31.337890625], [-108.22265625, 31.337890625], [-108.203125, 31.787109375], [-106.4453125, 31.767578125], [-106.376953125, 31.728515625], [-106.201171875, 31.46484375], [-105.9765625, 31.376953125], [-105.771484375, 31.171875], [-105.615234375, 31.09375], [-105.576171875, 31.015625], [-105.400390625, 30.859375], [-105.234375, 30.810546875], [-105.01953125, 30.693359375], [-104.990234375, 30.634765625], [-104.90234375, 30.576171875], [-104.86328125, 30.400390625], [-104.70703125, 30.224609375], [-104.6875, 29.931640625], [-104.501953125, 29.638671875], [-104.39453125, 29.55078125], [-104.228515625, 29.4921875], [-104.16015625, 29.39453125], [-104.052734375, 29.326171875], [-103.7744140625, 29.2431640625], [-103.69140625, 29.1796875], [-103.5546875, 29.16015625], [-103.427734375, 29.04296875], [-103.18359375, 28.984375], [-103.134765625, 28.984375], [-103.0859375, 29.091796875], [-102.98828125, 29.189453125], [-102.900390625, 29.2236328125], [-102.91015625, 29.27734375], [-102.83203125, 29.404296875], [-102.8125, 29.53125], [-102.685546875, 29.736328125], [-102.57161458333333, 29.768880208333332], [-102.40234375, 29.775390625], [-102.373046875, 29.84375], [-102.3046875, 29.8828125], [-102.109375, 29.794921875], [-101.97265625, 29.814453125], [-101.640625, 29.765625], [-101.552734375, 29.814453125], [-101.533203125, 29.775390625], [-101.4208984375, 29.7607421875]]]]}}, {"type": "Feature", "properties": {"FID": 121, "FIR_NAME": "NASSAU", "ICAO_CODE": "MYNA", "TYPE": "FIR", "COUNTRY": "Bahamas"}, "geometry": {"type": "MultiPolygon", "coordinates": [[[[-78.91927083333333, 26.920572916666668], [-78.896484375, 26.982421875], [-78.837890625, 27.01171875], [-77.00846354166667, 27.014973958333332], [-76.005859375, 26.9921875], [-76.005859375, 24.013671875], [-75.80078124999999, 23.974609375], [-75.6640625, 23.896484375], [-75.556640625, 23.7890625], [-75.46875, 23.59375], [-75.46875, 23.427734375], [-75.53710937499999, 23.251953125], [-75.654296875, 23.125], [-75.771484375, 23.046875], [-76.005859375, 22.998046875], [-76.00911458333333, 22.59765625], [-78.02734375, 24.013671875], [-79.00390625, 24.66796875], [-79.00716145833333, 26.42578125], [-78.91927083333333, 26.920572916666668]]]]}}, {"type": "Feature", "properties": {"FID": 122, "FIR_NAME": "MIAMI", "ICAO_CODE": "KZMA", "TYPE": "FIR", "COUNTRY": "United States"}, "geometry": {"type": "MultiPolygon", "coordinates": [[[[-77.00846354166667, 27.014973958333332], [-78.837890625, 27.01171875], [-78.896484375, 26.982421875], [-78.91927083333333, 26.920572916666668], [-79.05273437499999, 26.923828125], [-79.16015625, 26.875], [-79.23828125000001, 26.796875], [-79.267578125, 26.71875], [-79.267578125, 26.62109375], [-79.22851562499999, 26.54296875], [-79.111328125, 26.4453125], [-79.00716145833333, 26.42578125], [-79.00390625, 24.66796875], [-78.02734375, 24.013671875], [-83.173828125, 24.013671875], [-83.30078125, 24.78515625], [-84.4921875, 27.48046875], [-84.521484375, 27.509765625], [-85.24088541666667, 27.513020833333332], [-84.94140624999999, 28.056640625], [-84.62890625, 28.076171875], [-84.0234375, 28.564453125], [-83.54492187500001, 28.427734375], [-82.94921875, 27.958984375], [-82.373046875, 27.958984375], [-81.97265625, 28.134765625], [-81.015625, 28.564453125], [-80.99609375000001, 28.720703125], [-80.7421875, 28.90625], [-80.185546875, 29.00390625], [-79.62890625, 29.208984375], [-79.32617187500001, 30.13671875], [-79.19921875, 30.205078125], [-77.01497395833333, 30.013020833333332], [-76.27604166666667, 27.84505208333334], [-77.001953125, 27.548828125], [-77.00846354166667, 27.014973958333332]]]]}}, {"type": "Feature", "properties": {"FID": 123, "FIR_NAME": "KUWAIT", "ICAO_CODE": "OKAC", "TYPE": "FIR", "COUNTRY": "Kuwait"}, "geometry": {"type": "MultiPolygon", "coordinates": [[[[48.701171875, 29.86653645833334], [49.64843749999997, 29.228515625], [49.453125, 29.013671875], [49.651692708333314, 28.743489583333332], [48.87044270833334, 28.258463541666668], [48.662109375, 28.5546875], [47.705078125, 28.53515625], [47.59765625, 28.681640625], [47.568359375, 28.84765625], [47.45117187499997, 29.00390625], [46.559244791666664, 29.11458333333333], [46.728515625, 29.296875], [47.138671875, 29.990234375], [47.353515625, 30.107421875], [47.71484374999997, 30.107421875], [48.388671875, 29.86328125], [48.701171875, 29.86653645833334]]]]}}, {"type": "Feature", "properties": {"FID": 125, "FIR_NAME": "CASABLANCA", "ICAO_CODE": "GMMM", "TYPE": "FIR", "COUNTRY": "Morocco"}, "geometry": {"type": "MultiPolygon", "coordinates": [[[[-2.10205078125, 35.85205078125], [-2.216796875, 35.068359375], [-2.060546875, 34.94140625], [-1.9921875, 34.94140625], [-1.953125, 34.873046875], [-1.767578125, 34.755859375], [-1.845703125, 34.638671875], [-1.69921875, 34.501953125], [-1.787109375, 34.39453125], [-1.708984375, 34.306640625], [-1.71875, 34.23828125], [-1.650390625, 34.111328125], [-1.69921875, 33.90625], [-1.6796875, 33.779296875], [-1.73828125, 33.7109375], [-1.708984375, 33.681640625], [-1.669921875, 33.69140625], [-1.6015625, 33.61328125], [-1.669921875, 33.28125], [-1.58203125, 33.154296875], [-1.474609375, 33.076171875], [-1.484375, 32.98828125], [-1.54296875, 32.958984375], [-1.416015625, 32.783203125], [-1.005859375, 32.51953125], [-1.07421875, 32.451171875], [-1.2109375, 32.392578125], [-1.25, 32.333984375], [-1.25, 32.216796875], [-1.2890625, 32.1826171875], [-1.201171875, 32.177734375], [-1.162109375, 32.119140625], [-1.240234375, 32.080078125], [-1.611328125, 32.099609375], [-2.041015625, 32.177734375], [-2.109375, 32.1484375], [-2.451171875, 32.16796875], [-2.59765625, 32.119140625], [-2.9052734375, 32.119140625], [-2.9296875, 32.021484375], [-2.880859375, 31.953125], [-2.6904296875, 31.840820312499996], [-8.662109375, 28.681640625], [-8.675130208333334, 27.67578125], [-11.25, 27.672526041666668], [-13.1640625, 27.67578125], [-12.509765625, 30.0], [-15.716145833333334, 31.497395833333332], [-15.478515625, 31.58203125], [-15.13671875, 31.767578125], [-14.892578125, 31.962890625], [-14.677734375, 32.197265625], [-12.01171875, 35.966796875], [-7.395833333333333, 35.9765625], [-7.3828125, 35.83984375], [-2.10205078125, 35.85205078125]]]]}}, {"type": "Feature", "properties": {"FID": 126, "FIR_NAME": "AMSTERDAM", "ICAO_CODE": "EHAA", "TYPE": "FIR", "COUNTRY": "Netherlands"}, "geometry": {"type": "MultiPolygon", "coordinates": [[[[4.985351562499993, 55.009765625], [6.494140625, 55.006510416666664], [6.494140624999972, 53.671875], [6.630859375, 53.544921875], [6.85546875, 53.486328125], [7.01171875, 53.3203125], [7.177734375, 53.310546875], [7.20703125, 53.2421875], [7.177734375, 53.134765625], [7.20703125, 52.998046875], [7.060546875, 52.822265625], [7.05078125, 52.65625], [6.748046875, 52.65625], [6.71875, 52.626953125], [6.73828125, 52.578125], [6.69921875, 52.548828125], [6.71875, 52.48046875], [6.904296875, 52.44140625], [6.982421875, 52.4609375], [7.060546875, 52.392578125], [7.021484374999972, 52.294921875], [7.044270833333353, 52.249348958333336], [6.89453125, 52.177734375], [6.85546875, 52.12890625], [6.767578125, 52.12890625], [6.689453125000028, 52.0703125], [6.826171875, 51.982421875], [6.748046875, 51.9140625], [6.40625, 51.875], [6.38671875, 51.8359375], [6.26953125, 51.884765625], [6.201171875, 51.875], [6.15234375, 51.9140625], [6.123046875, 51.89453125], [6.137695312499986, 51.8603515625], [5.95703125, 51.8359375], [5.971679687499986, 51.7529296875], [6.044921875, 51.669921875], [6.103515625, 51.650390625], [6.083984375, 51.62109375], [6.2109375, 51.484375], [6.2109375, 51.3671875], [6.064453125, 51.2109375], [6.09375, 51.171875], [6.142578124999972, 51.19140625], [6.15234375, 51.162109375], [5.947265625, 51.044921875], [5.869140625, 51.044921875], [5.898437500000028, 50.986328125], [5.99609375, 50.986328125], [6.005859375, 50.947265625], [6.064453125, 50.91796875], [6.074218750000028, 50.869140625], [6.025390625, 50.859375], [5.99609375000001, 50.774739583333336], [5.703125, 50.771484375], [5.634765625000028, 50.849609375], [5.7421875, 50.947265625], [5.76171875, 51.044921875], [5.8203125, 51.1181640625], [5.830078125, 51.171875], [5.576171875, 51.220703125], [5.5078125, 51.298828125], [5.234375, 51.26953125], [5.21484375, 51.328125], [5.126953125, 51.337890625], [5.078125, 51.396484375], [5.087890624999972, 51.455078125], [5.029296875, 51.494140625], [4.931640625000028, 51.40625], [4.829101562499986, 51.4306640625], [4.833984375, 51.484375], [4.78515625, 51.513671875], [4.648437499999972, 51.435546875], [4.541015625, 51.435546875], [4.541015625, 51.484375], [4.51171875, 51.494140625], [4.39453125, 51.4453125], [4.4140625, 51.3671875], [4.2578125, 51.38671875], [4.140625, 51.2890625], [3.88671875, 51.2109375], [3.623046875, 51.30859375], [3.427734375, 51.25], [3.369140625, 51.2890625], [3.349609375000028, 51.38671875], [2.01171875, 51.510416666666664], [3.291015625, 53.10546875], [4.985351562499993, 55.009765625]]]]}}, {"type": "Feature", "properties": {"FID": 127, "FIR_NAME": "CHULMAN", "ICAO_CODE": "UELL", "TYPE": "FIR", "COUNTRY": "Russia"}, "geometry": {"type": "MultiPolygon", "coordinates": [[[[131.23046875, 56.6015625], [131.015625, 56.201171875], [130.9375, 56.123046875], [129.384765625, 54.86328125], [128.203125, 54.677734375], [122.32421875, 55.504557291666664], [119.66796875, 56.689453125], [119.326171875, 58.424479166666664], [123.486328125, 59.00390625], [123.8671875, 60.13671875], [123.955078125, 60.146484375], [126.748046875, 59.853515625], [130.634765625, 58.759765625], [131.9921875, 58.004557291666664], [131.708984375, 57.392578125], [131.591796875, 57.197265625], [131.455078125, 56.9921875], [131.23046875, 56.6015625]]]]}}, {"type": "Feature", "properties": {"FID": 128, "FIR_NAME": "KHABAROVSK", "ICAO_CODE": "UHHH", "TYPE": "FIR", "COUNTRY": "Russia"}, "geometry": {"type": "MultiPolygon", "coordinates": [[[[122.32421875, 55.504557291666664], [128.203125, 54.677734375], [129.384765625, 54.86328125], [130.9375, 56.123046875], [131.015625, 56.201171875], [131.23046875, 56.6015625], [131.455078125, 56.9921875], [131.591796875, 57.197265625], [131.708984375, 57.392578125], [131.9921875, 58.004557291666664], [135.33203125, 59.1796875], [138.134765625, 59.74609375], [138.80859375, 60.146484375], [141.279296875, 61.591796875], [142.001953125, 62.01171875], [144.99674479166666, 62.01171875], [145.986328125, 61.015625], [145.7421875, 58.0078125], [143.4375, 56.4501953125], [146.015625, 56.005859375], [149.98697916666666, 54.8828125], [149.99348958333334, 45.01953125], [146.81640625, 43.0078125], [145.83984375, 43.330078125], [145.8203125, 43.427734375], [145.400390625, 43.662109375], [145.322265625, 43.8671875], [145.72265625, 44.443359375], [145.654296875, 44.51171875], [141.982421875, 45.76171875], [140.009765625, 45.76171875], [135.91796875, 40.504557291666664], [131.513671875, 41.669921875], [130.673828125, 42.3046875], [130.64453125, 42.333984375], [130.654296875, 42.3828125], [130.56315104166666, 42.490234375], [130.60546875, 42.578125], [130.5859375, 42.646484375], [130.517578125, 42.6953125], [130.419921875, 42.6953125], [130.41015625, 42.734375], [130.634765625, 42.841796875], [130.76171875, 42.841796875], [130.791015625, 42.880859375], [131.015625, 42.861328125], [131.044921875, 42.91015625], [131.103515625, 42.91015625], [131.123046875, 42.94921875], [131.09375, 43.02734375], [131.2109375, 43.14453125], [131.181640625, 43.203125], [131.259765625, 43.28125], [131.259765625, 43.349609375], [131.298828125, 43.3984375], [131.298828125, 43.45703125], [131.181640625, 43.544921875], [131.2109375, 43.59375], [131.19140625, 43.828125], [131.240234375, 43.916015625], [131.240234375, 44.033203125], [131.2890625, 44.08203125], [131.09375, 44.6875], [130.947265625, 44.84375], [131.044921875, 44.873046875], [131.103515625, 44.931640625], [131.240234375, 44.921875], [131.34765625, 44.98046875], [131.455078125, 44.970703125], [131.650390625, 45.126953125], [131.62109375, 45.166015625], [131.650390625, 45.21484375], [131.748046875, 45.224609375], [131.845703125, 45.3515625], [131.982421875, 45.244140625], [132.94921875, 45.029296875], [133.125, 45.15625], [133.0859375, 45.244140625], [133.125, 45.4296875], [133.173828125, 45.498046875], [133.408203125, 45.576171875], [133.45703125, 45.634765625], [133.4765625, 45.68359375], [133.447265625, 45.712890625], [133.5009765625, 45.869140625], [133.57421875, 45.87890625], [133.662109375, 45.95703125], [133.7109375, 46.0546875], [133.69140625, 46.15234375], [133.896484375, 46.259765625], [133.857421875, 46.337890625], [133.92578125, 46.396484375], [133.84765625, 46.4453125], [133.837890625, 46.484375], [134.013671875, 46.669921875], [134.033203125, 46.787109375], [134.00390625, 46.826171875], [134.0625, 46.923828125], [134.052734375, 46.97265625], [134.130859375, 47.080078125], [134.21875, 47.109375], [134.150390625, 47.24609375], [134.169921875, 47.314453125], [134.287109375, 47.421875], [134.482421875, 47.431640625], [134.658203125, 47.568359375], [134.677734375, 47.63671875], [134.755859375, 47.705078125], [134.765625, 47.744140625], [134.66796875, 47.822265625], [134.6484375, 47.890625], [134.580078125, 47.9296875], [134.55078125, 47.998046875], [134.5703125, 48.06640625], [134.66796875, 48.125], [134.7021484375, 48.2763671875], [134.560546875, 48.359375], [134.47265625, 48.359375], [134.39453125, 48.3984375], [134.1796875, 48.33984375], [134.0625, 48.33984375], [133.984375, 48.271484375], [133.75, 48.26171875], [133.69140625, 48.193359375], [133.583984375, 48.173828125], [133.505859375, 48.076171875], [133.388671875, 48.115234375], [133.0810546875, 48.10546875], [133.0078125, 48.037109375], [132.861328125, 48.0078125], [132.8125, 47.94921875], [132.666015625, 47.958984375], [132.65625, 47.87109375], [132.529296875, 47.71484375], [132.333984375, 47.75390625], [132.177734375, 47.705078125], [132.001953125, 47.71484375], [131.923828125, 47.67578125], [131.669921875, 47.705078125], [131.611328125, 47.666015625], [131.5625, 47.666015625], [131.533203125, 47.724609375], [131.484375, 47.744140625], [131.240234375, 47.734375], [131.083984375, 47.67578125], [130.95703125, 47.705078125], [130.8984375, 47.890625], [130.6640625, 48.06640625], [130.654296875, 48.125], [130.8203125, 48.291015625], [130.8203125, 48.330078125], [130.732421875, 48.427734375], [130.751953125, 48.486328125], [130.615234375, 48.486328125], [130.60546875, 48.564453125], [130.517578125, 48.61328125], [130.625, 48.818359375], [130.673828125, 48.857421875], [130.654296875, 48.876953125], [130.48828125, 48.857421875], [130.400390625, 48.90625], [130.21484375, 48.8671875], [129.912109375, 49.033203125], [129.90234375, 49.08203125], [129.833984375, 49.12109375], [129.833984375, 49.169921875], [129.7265625, 49.19921875], [129.70703125, 49.27734375], [129.55078125, 49.287109375], [129.4921875, 49.423828125], [129.365234375, 49.423828125], [129.345703125, 49.345703125], [129.23828125, 49.39453125], [129.072265625, 49.35546875], [129.00390625, 49.443359375], [128.876953125, 49.482421875], [128.75, 49.47265625], [128.740234375, 49.501953125], [128.798828125, 49.560546875], [128.662109375, 49.619140625], [128.623046875, 49.580078125], [128.505859375, 49.599609375], [128.359375, 49.580078125], [128.330078125, 49.55078125], [128.10546875, 49.541015625], [127.978515625, 49.609375], [127.91015625, 49.580078125], [127.83203125, 49.58984375], [127.705078125, 49.658203125], [127.646484375, 49.765625], [127.5390625, 49.78515625], [127.5, 49.82421875], [127.51953125, 49.931640625], [127.48046875, 50.048828125], [127.568359375, 50.13671875], [127.578125, 50.205078125], [127.333984375, 50.3125], [127.353515625, 50.41015625], [127.294921875, 50.478515625], [127.36328125, 50.5859375], [127.28515625, 50.673828125], [127.28515625, 50.7421875], [127.099609375, 50.9375], [126.923828125, 51.064453125], [126.89778645833333, 51.287434895833336], [126.89453125, 51.40625], [126.77734375, 51.4453125], [126.81640625, 51.5234375], [126.66015625, 51.591796875], [126.71875, 51.640625], [126.71875, 51.708984375], [126.611328125, 51.77734375], [126.435546875, 52.001953125], [126.552734375, 52.12890625], [126.298828125, 52.216796875], [126.38671875, 52.28515625], [126.30859375, 52.32421875], [126.337890625, 52.353515625], [126.328125, 52.40234375], [126.26953125, 52.4609375], [126.19140625, 52.48046875], [126.19140625, 52.5390625], [126.083984375, 52.59765625], [126.005859375, 52.568359375], [125.9765625, 52.59765625], [125.966796875, 52.646484375], [126.0546875, 52.685546875], [126.03515625, 52.724609375], [126.083984375, 52.763671875], [126.0546875, 52.79296875], [125.95703125, 52.7734375], [125.830078125, 52.91015625], [125.654296875, 52.880859375], [125.634765625, 52.91015625], [125.72265625, 52.978515625], [125.595703125, 53.06640625], [125.498046875, 53.046875], [125.44921875, 53.095703125], [125.15625, 53.203125], [124.892578125, 53.173828125], [124.8828125, 53.10546875], [124.84375, 53.095703125], [124.794921875, 53.14453125], [124.70703125, 53.134765625], [124.6484375, 53.193359375], [124.39453125, 53.22265625], [124.23828125, 53.369140625], [124.091796875, 53.349609375], [123.8671875, 53.486328125], [123.701171875, 53.49609375], [123.603515625, 53.5546875], [123.5107421875, 53.5205078125], [123.251953125, 53.564453125], [123.154296875, 53.505859375], [122.55859375, 53.447265625], [122.373046875, 53.447265625], [122.31770833333333, 53.499348958333336], [122.001953125, 53.935546875], [121.982421875, 54.00390625], [122.32421875, 55.504557291666664]]]]}}, {"type": "Feature", "properties": {"FID": 129, "FIR_NAME": "MONTEVIDEO", "ICAO_CODE": "SUEO", "TYPE": "FIR", "COUNTRY": "Uruguay"}, "geometry": {"type": "MultiPolygon", "coordinates": [[[[-10.013020833333334, -33.994140625], [-10.013020833333334, -38.994140625], [-44.501953125, -38.994140625], [-45.01953125, -39.990234375], [-53.28125, -36.708984375], [-54.84375, -35.996093750000014], [-57.109375, -34.873046875], [-57.8515625, -34.5703125], [-58.28125, -34.1796875], [-58.398437499999986, -33.984375], [-58.4765625, -33.701171874999986], [-58.388671875, -33.10546875], [-58.134765624999986, -33.02734375], [-58.203125, -32.431640625], [-58.115234375, -32.333984375], [-58.10546875, -32.255859375], [-58.193359375, -32.1484375], [-58.154296875, -31.97265625], [-58.212890625, -31.884765625], [-58.173828125, -31.8359375], [-58.037109375, -31.777343750000014], [-57.98828125, -31.62109375], [-57.98828125, -31.552734375], [-58.0859375, -31.455078125], [-57.998046875, -31.40625], [-57.98828125, -31.328125], [-57.919921875, -31.259765625], [-57.919921875, -31.142578125], [-57.861328125, -31.074218750000014], [-57.91015625, -30.927734375], [-57.802734375, -30.87890625], [-57.8125, -30.732421875], [-57.854817708333336, -30.660807291666668], [-57.900390625, -30.5859375], [-57.890625, -30.5078125], [-57.666015625, -30.341796875], [-57.626953125, -30.273437499999986], [-57.646484375, -30.195312500000014], [-57.587890625, -30.17903645833333], [-57.548828125, -30.263671875], [-57.431640624999986, -30.263671875], [-57.40234375, -30.29296875], [-57.353515625000014, -30.263671875], [-57.20703125, -30.283203125000014], [-57.080078124999986, -30.107421875000014], [-56.816406249999986, -30.097656249999986], [-56.650390625000014, -30.21484375], [-56.62109375, -30.283203125000014], [-56.572265625, -30.29296875], [-56.357421875, -30.48828125], [-56.210937500000014, -30.576171875], [-55.99609375, -30.800781249999986], [-56.005859375, -31.074218750000014], [-55.83984375, -31.064453124999986], [-55.72265625, -30.9375], [-55.654296875, -30.9375], [-55.64453125, -30.859375], [-55.585937499999986, -30.83984375], [-55.332031250000014, -31.064453124999986], [-55.341796875, -31.11328125], [-55.224609375, -31.25], [-55.09765625, -31.318359375], [-55.029296875, -31.259765625], [-54.833984375, -31.425781250000014], [-54.609375, -31.4453125], [-54.47265625, -31.58203125], [-54.47265625, -31.66015625], [-54.31640625, -31.787109375], [-54.150390625, -31.904296875], [-54.08203125, -31.865234375000014], [-54.003906249999986, -31.923828125], [-53.925781250000014, -31.93359375], [-53.84765625, -32.021484375], [-53.76953125, -32.041015625000014], [-53.642578125, -32.255859375], [-53.642578125, -32.34375], [-53.583984375, -32.412109375], [-53.41796875, -32.558593749999986], [-53.18359375, -32.63671875], [-53.10546875, -32.71484375], [-53.300781249999986, -32.890625], [-53.33984375, -32.978515625], [-53.476562499999986, -33.056640625], [-53.525390625, -33.125], [-53.505859375, -33.447265625000014], [-53.544921875, -33.65234375], [-53.447265625, -33.681640625], [-53.41796875, -33.73046875], [-53.02734375, -33.984375], [-49.990234375, -33.990885416666664], [-10.013020833333334, -33.994140625]]]]}}, {"type": "Feature", "properties": {"FID": 130, "FIR_NAME": "DAMASCUS", "ICAO_CODE": "OSTT", "TYPE": "FIR", "COUNTRY": "Syria"}, "geometry": {"type": "MultiPolygon", "coordinates": [[[[36.396484375, 36.2109375], [36.689453125, 36.25], [36.66015625000003, 36.318359375], [36.6015625, 36.34765625], [36.611328125, 36.376953125], [36.54296875, 36.474609375], [36.591796875, 36.572265625], [36.611328125, 36.748046875], [36.669921875, 36.8359375], [36.97265625, 36.767578125], [37.03125, 36.728515625], [37.021484375, 36.669921875], [37.060546875, 36.630859375], [37.12890625, 36.669921875], [37.48046875, 36.650390625], [37.646484375, 36.73828125], [37.900390625, 36.787109375], [38.24218750000003, 36.923828125], [38.50585937500003, 36.865234375], [38.7109375, 36.708984375], [39.052734375, 36.71875], [39.23828125, 36.669921875], [39.814453125, 36.7578125], [40.17578125000003, 36.884765625], [40.4296875, 37.021484375], [40.77148437499997, 37.12890625], [40.9375, 37.138671875], [41.201171875, 37.080078125], [41.5625, 37.08984375], [41.66015625, 37.12890625], [41.97265625, 37.16796875], [42.211914062500014, 37.2998046875], [42.34375, 37.236328125], [42.32421875, 37.177734375], [42.356770833333314, 37.119140625], [42.34375, 37.041015625], [41.82617187499997, 36.6015625], [41.396484375, 36.533203125], [41.2890625, 36.376953125], [41.25, 36.064453125], [41.376953125, 35.8203125], [41.376953125, 35.634765625], [41.279296875, 35.517578125], [41.21093749999997, 35.25390625], [41.220703125, 34.78515625], [41.005859375, 34.443359375], [38.7890625, 33.375651041666664], [36.83593750000003, 32.32421875], [36.38671875, 32.392578125], [36.19140625, 32.5390625], [36.083984375, 32.529296875], [36.02539062499997, 32.65625], [35.9765625, 32.666015625], [35.91796875, 32.734375], [35.78125, 32.763671875], [35.60872395833335, 32.6953125], [35.6640625, 32.783203125], [35.615234375, 32.919921875], [35.67382812499997, 33.251953125], [35.598958333333336, 33.268229166666664], [35.78125, 33.349609375], [35.830078125, 33.41796875], [35.947265625, 33.486328125], [35.95703125000003, 33.544921875], [36.0546875, 33.583984375], [35.9375, 33.662109375], [36.064453125, 33.828125], [36.25, 33.8671875], [36.3671875, 33.837890625], [36.3671875, 33.876953125], [36.279296875, 33.92578125], [36.416015625, 34.0625], [36.4990234375, 34.0771484375], [36.611328125, 34.208984375], [36.57226562500003, 34.27734375], [36.591796875, 34.31640625], [36.5234375, 34.375], [36.54296875, 34.43359375], [36.435546875, 34.51171875], [36.337890625, 34.521484375], [36.40625, 34.619140625], [36.328125, 34.697265625], [36.28906249999997, 34.638671875], [35.95703125000003, 34.658203125], [35.706380208333336, 34.62890625], [35.68359375, 35.33203125], [35.52734375, 35.537109375], [35.654296875, 35.92447916666667], [35.99609375, 35.9375], [36.015625, 35.87890625], [36.162109375, 35.830078125], [36.2109375, 35.966796875], [36.279296875, 35.966796875], [36.30859375000003, 36.015625], [36.3671875, 36.005859375], [36.396484375, 36.2109375]]]]}}, {"type": "Feature", "properties": {"FID": 131, "FIR_NAME": "ANKARA", "ICAO_CODE": "LTAA", "TYPE": "FIR", "COUNTRY": "Turkey"}, "geometry": {"type": "MultiPolygon", "coordinates": [[[[42.211914062500014, 37.2998046875], [41.97265625, 37.16796875], [41.66015625, 37.12890625], [41.5625, 37.08984375], [41.201171875, 37.080078125], [40.9375, 37.138671875], [40.77148437499997, 37.12890625], [40.4296875, 37.021484375], [40.17578125000003, 36.884765625], [39.814453125, 36.7578125], [39.23828125, 36.669921875], [39.052734375, 36.71875], [38.7109375, 36.708984375], [38.50585937500003, 36.865234375], [38.24218750000003, 36.923828125], [37.900390625, 36.787109375], [37.646484375, 36.73828125], [37.48046875, 36.650390625], [37.12890625, 36.669921875], [37.060546875, 36.630859375], [37.021484375, 36.669921875], [37.03125, 36.728515625], [36.97265625, 36.767578125], [36.669921875, 36.8359375], [36.611328125, 36.748046875], [36.591796875, 36.572265625], [36.54296875, 36.474609375], [36.611328125, 36.376953125], [36.6015625, 36.34765625], [36.66015625000003, 36.318359375], [36.689453125, 36.25], [36.396484375, 36.2109375], [36.3671875, 36.005859375], [36.30859375000003, 36.015625], [36.279296875, 35.966796875], [36.2109375, 35.966796875], [36.162109375, 35.830078125], [36.015625, 35.87890625], [35.99609375, 35.9375], [35.654296875, 35.92447916666667], [33.58398437500003, 35.91796875], [29.990234375, 36.09375], [29.990234375, 38.994140625], [30.99609375, 39.521484375], [30.99609375, 42.799479166666664], [34.189453125, 42.79296875], [36.259765625, 42.747395833333336], [37.69531249999997, 42.6953125], [40.319010416666664, 41.917317708333336], [41.630859375, 41.494140625], [41.708984375, 41.50390625], [41.81640625, 41.435546875], [41.943359375, 41.5234375], [42.265625, 41.50390625], [42.5, 41.4453125], [42.59765625, 41.591796875], [42.8125, 41.591796875], [42.822265625, 41.552734375], [42.79296874999997, 41.5234375], [42.83203125, 41.484375], [42.88085937499997, 41.513671875], [43.037109375, 41.376953125], [43.193359375, 41.30859375], [43.149414062499986, 41.2646484375], [43.203125, 41.25], [43.23242187499997, 41.181640625], [43.40820312499997, 41.201171875], [43.466796875, 41.15234375], [43.460286458333336, 41.116536458333336], [43.486328125, 41.025390625], [43.59375, 40.99609375], [43.662109375, 40.9375], [43.671875, 40.869140625], [43.740234375, 40.771484375], [43.720703125, 40.634765625], [43.6328125, 40.52734375], [43.5546875, 40.48828125], [43.61328125, 40.419921875], [43.58398437499997, 40.341796875], [43.681640625, 40.25390625], [43.7109375, 40.17578125], [43.642578125, 40.126953125], [43.916015625, 40.01953125], [44.326171875, 40.0390625], [44.46289062499997, 39.98046875], [44.599609375, 39.833984375], [44.78759765625, 39.6875], [44.599609375, 39.78515625], [44.46289062499997, 39.697265625], [44.404296875, 39.423828125], [44.27734375, 39.39453125], [44.21875, 39.423828125], [44.08203125, 39.423828125], [44.033203125, 39.39453125], [44.091796875, 39.287109375], [44.091796875, 39.21875], [44.208984375, 39.140625], [44.189453125, 39.0478515625], [44.16015625, 38.994140625], [44.19921874999997, 38.90625], [44.296875, 38.84765625], [44.2578125, 38.740234375], [44.267578125, 38.671875], [44.30664062500003, 38.642578125], [44.296875, 38.408203125], [44.35546875, 38.37890625], [44.423828125, 38.3984375], [44.47265625, 38.359375], [44.39453125000003, 38.271484375], [44.375, 38.1640625], [44.248046875, 38.0078125], [44.21875, 37.91015625], [44.384765625, 37.87109375], [44.453125, 37.783203125], [44.521484375, 37.79296875], [44.599609375, 37.744140625], [44.609375, 37.71484375], [44.55078124999997, 37.666015625], [44.599609375, 37.607421875], [44.580078125, 37.451171875], [44.8046875, 37.314453125], [44.81445312499997, 37.275390625], [44.765625, 37.236328125], [44.768880208333336, 37.174479166666664], [44.63867187499997, 37.197265625], [44.4921875, 37.099609375], [44.365234375, 37.060546875], [44.31640625, 36.982421875], [44.27734375, 36.982421875], [44.189453125, 37.099609375], [44.2578125, 37.177734375], [44.2578125, 37.24609375], [44.11132812499997, 37.32421875], [44.00390625, 37.32421875], [43.896484375, 37.2265625], [43.818359375, 37.216796875], [43.75976562499997, 37.24609375], [43.486328125, 37.255859375], [43.349609375, 37.333984375], [43.271484375, 37.32421875], [43.14453124999997, 37.3828125], [42.90039062500003, 37.333984375], [42.79296874999997, 37.392578125], [42.71484375, 37.353515625], [42.6025390625, 37.2021484375], [42.568359375, 37.158203125], [42.356770833333314, 37.119140625], [42.32421875, 37.177734375], [42.34375, 37.236328125], [42.211914062500014, 37.2998046875]]]]}}, {"type": "Feature", "properties": {"FID": 132, "FIR_NAME": "MONTREAL", "ICAO_CODE": "CZUL", "TYPE": "FIR", "COUNTRY": "Canada"}, "geometry": {"type": "MultiPolygon", "coordinates": [[[[-71.4013671875, 45.2294921875], [-71.513671875, 45.01953125], [-74.560546875, 45.0], [-74.84375, 45.029296875], [-75.3125, 44.853515625], [-75.71289062499999, 44.580078125], [-75.869140625, 44.404296875], [-76.06445312499999, 44.35546875], [-76.18815104166667, 44.254557291666664], [-76.26953125, 45.830078125], [-76.94335937499999, 45.966796875], [-77.24609375, 46.1328125], [-77.255859375, 46.943359375], [-77.55859374999999, 47.119140625], [-78.10546875, 47.548828125], [-78.564453125, 47.841796875], [-78.87695312499999, 47.763671875], [-79.22851562499999, 47.802734375], [-79.41406250000001, 47.900390625], [-79.560546875, 48.095703125], [-79.55078125, 48.291015625], [-79.43359375, 48.447265625], [-79.189453125, 48.564453125], [-79.00390625, 48.603515625], [-79.00390625, 49.013671875], [-79.58984375000001, 51.73828125], [-80.01302083333333, 53.470052083333336], [-80.00651041666667, 62.763671875], [-77.16796875, 63.41796875], [-74.0234375, 64.052734375], [-71.07421875, 64.560546875], [-68.02734375, 65.009765625], [-65.361328125, 65.05859375], [-62.724609375, 65.05859375], [-60.05859375, 65.0], [-63.0078125, 63.994140625], [-63.0078125, 61.015625], [-61.5625, 59.6875], [-60.37109375, 58.479817708333336], [-64.00390625, 57.548828125], [-64.00390625, 55.37109375], [-65.068359375, 55.09765625], [-65.34179687499999, 54.423828125], [-64.921875, 53.7109375], [-64.013671875, 51.435546875], [-62.099609375000014, 50.83984375], [-60.009765625, 50.83984375], [-59.521484375, 51.318359375], [-59.51171875, 51.62109375], [-59.482421875, 51.650390625], [-58.125, 52.197265625], [-57.021484375, 51.748046875], [-57.001953125000014, 51.30859375], [-57.021484375, 51.279296875], [-58.0078125, 51.005859375], [-60.986328125, 49.55078125], [-61.005859375, 49.306640625], [-61.995442708333336, 48.509114583333336], [-64.619140625, 47.8515625], [-65.908203125, 47.998046875], [-65.947265625, 48.017578125], [-65.99609375, 48.1640625], [-66.15234375, 48.291015625], [-66.38671875, 48.349609375], [-66.591796875, 48.33984375], [-66.767578125, 48.271484375], [-66.904296875, 48.14453125], [-66.943359375, 48.02734375], [-66.9140625, 47.919921875], [-66.93359375000001, 47.880859375], [-67.939453125, 47.744140625], [-68.017578125, 47.529296875], [-68.349609375, 47.451171875], [-68.54817708333333, 47.307942708333336], [-68.61328125, 47.255859375], [-68.90625, 47.1875], [-69.052734375, 47.265625], [-69.052734375, 47.431640625], [-69.23828125, 47.4609375], [-70.0, 46.708984375], [-70.05859375, 46.42578125], [-70.1953125, 46.357421875], [-70.29296875, 46.201171875], [-70.25390625, 46.123046875], [-70.302734375, 46.083984375], [-70.29296875, 45.986328125], [-70.25390625, 45.947265625], [-70.27343750000001, 45.888671875], [-70.400390625, 45.8203125], [-70.41015625, 45.72265625], [-70.576171875, 45.6640625], [-70.693359375, 45.56640625], [-70.72265625, 45.498046875], [-70.64453125, 45.400390625], [-70.80078125000001, 45.4296875], [-70.927734375, 45.29296875], [-71.1181640625, 45.283203125], [-71.201171875, 45.25390625], [-71.30859375, 45.302734375], [-71.4013671875, 45.2294921875]]]]}}, {"type": "Feature", "properties": {"FID": 133, "FIR_NAME": "GUAYAQUIL", "ICAO_CODE": "SEGU", "TYPE": "FIR", "COUNTRY": "Ecuador"}, "geometry": {"type": "MultiPolygon", "coordinates": [[[[-75.4052734375, -0.932617187500007], [-75.556640625, -1.513671875], [-76.09375, -2.138671875], [-76.68945312500001, -2.578125], [-77.861328125, -2.978515625], [-78.046875, -3.154296875], [-78.115234375, -3.26171875], [-78.212890625, -3.330078125], [-78.22265625, -3.369140625], [-78.17382812499999, -3.447265625], [-78.22265625, -3.505859375], [-78.26171874999999, -3.505859375], [-78.28125, -3.408203125], [-78.34960937499999, -3.41796875], [-78.3984375, -3.730468749999986], [-78.544921875, -3.916015625000014], [-78.564453125, -4.082031249999986], [-78.681640625, -4.31640625], [-78.671875, -4.404296875], [-78.6328125, -4.423828125], [-78.671875, -4.55078125], [-78.90625, -4.697265624999986], [-78.92578125, -4.785156249999986], [-78.896484375, -4.84375], [-78.97460937500001, -4.873046874999986], [-79.05273437499999, -5.0], [-79.306640625, -4.951171875], [-79.453125, -4.785156249999986], [-79.53125, -4.58984375], [-79.50195312500001, -4.53125], [-79.62890625, -4.433593749999986], [-79.82421875, -4.47265625], [-79.912109375, -4.384765625], [-79.98046875, -4.384765625], [-80.078125, -4.296875], [-80.146484375, -4.27734375], [-80.38085937500001, -4.47265625], [-80.45898437499999, -4.443359375000014], [-80.48828125, -4.384765625], [-80.3564453125, -4.1943359375], [-80.439453125, -4.21875], [-80.478515625, -4.19921875], [-80.498046875, -4.0234375], [-80.45898437499999, -3.974609375], [-80.3125, -4.003906250000014], [-80.166015625, -3.88671875], [-80.224609375, -3.759765625], [-80.21484375, -3.61328125], [-80.244140625, -3.564453125000014], [-80.234375, -3.505859375], [-80.2734375, -3.466796874999986], [-80.263671875, -3.41796875], [-80.33203125, -3.388671875000014], [-90.00651041666667, -3.401692708333333], [-92.001953125, -3.378906249999986], [-92.001953125, 1.422526041666667], [-82.919921875, 1.429036458333333], [-78.828125, 1.4453125], [-78.671875, 1.279296875], [-78.603515625, 1.26953125], [-78.564453125, 1.2109375], [-78.4765625, 1.201171875], [-78.34960937499999, 1.064453125], [-78.251953125, 1.03515625], [-78.08593749999999, 0.908203125], [-77.91992187500001, 0.888671875], [-77.83203125000001, 0.810546875], [-77.6953125, 0.849609375], [-77.64648437499999, 0.72265625], [-77.451171875, 0.64453125], [-77.431640625, 0.419921875], [-77.36328125, 0.380859375], [-77.21679687500001, 0.341796875], [-77.099609375, 0.37109375], [-77.021484375, 0.302734375], [-76.94335937499999, 0.302734375], [-76.884765625, 0.244140625], [-76.73828125, 0.244140625], [-76.71875, 0.29296875], [-76.5625, 0.224609375], [-76.41601562499999, 0.25390625], [-76.41601562499999, 0.390625], [-76.33789062500001, 0.380859375], [-76.2890625, 0.4296875], [-76.123046875, 0.380859375], [-76.103515625, 0.322265625], [-76.0546875, 0.341796875], [-75.91796875, 0.166015625], [-75.751953125, 0.0390625], [-75.60546875, 0.05859375], [-75.29947916666667, -0.113932291666667], [-75.419921875, -0.15625], [-75.52734375, -0.107421875], [-75.63476562500001, -0.1171875], [-75.625, -0.166015625], [-75.478515625, -0.244140625], [-75.41015625, -0.4296875], [-75.25390625, -0.546875], [-75.29296875, -0.742187499999986], [-75.224609375, -0.95703125], [-75.341796875, -0.9765625], [-75.4052734375, -0.932617187500007]]]]}}, {"type": "Feature", "properties": {"FID": 134, "FIR_NAME": "LIMA", "ICAO_CODE": "SPIM", "TYPE": "FIR", "COUNTRY": "Peru"}, "geometry": {"type": "MultiPolygon", "coordinates": [[[[-80.3564453125, -4.1943359375], [-80.48828125, -4.384765625], [-80.45898437499999, -4.443359375000014], [-80.38085937500001, -4.47265625], [-80.146484375, -4.27734375], [-80.078125, -4.296875], [-79.98046875, -4.384765625], [-79.912109375, -4.384765625], [-79.82421875, -4.47265625], [-79.62890625, -4.433593749999986], [-79.50195312500001, -4.53125], [-79.53125, -4.58984375], [-79.453125, -4.785156249999986], [-79.306640625, -4.951171875], [-79.05273437499999, -5.0], [-78.97460937500001, -4.873046874999986], [-78.896484375, -4.84375], [-78.92578125, -4.785156249999986], [-78.90625, -4.697265624999986], [-78.671875, -4.55078125], [-78.6328125, -4.423828125], [-78.671875, -4.404296875], [-78.681640625, -4.31640625], [-78.564453125, -4.082031249999986], [-78.544921875, -3.916015625000014], [-78.3984375, -3.730468749999986], [-78.34960937499999, -3.41796875], [-78.28125, -3.408203125], [-78.26171874999999, -3.505859375], [-78.22265625, -3.505859375], [-78.17382812499999, -3.447265625], [-78.22265625, -3.369140625], [-78.212890625, -3.330078125], [-78.115234375, -3.26171875], [-78.046875, -3.154296875], [-77.861328125, -2.978515625], [-76.68945312500001, -2.578125], [-76.09375, -2.138671875], [-75.556640625, -1.513671875], [-75.4052734375, -0.932617187500007], [-75.341796875, -0.9765625], [-75.224609375, -0.95703125], [-75.29296875, -0.742187499999986], [-75.25390625, -0.546875], [-75.41015625, -0.4296875], [-75.478515625, -0.244140625], [-75.625, -0.166015625], [-75.63476562500001, -0.1171875], [-75.52734375, -0.107421875], [-75.419921875, -0.15625], [-75.29947916666667, -0.113932291666667], [-75.224609375, -0.078125], [-75.19531250000001, -0.01953125], [-75.0, -0.1171875], [-74.94140625, -0.1953125], [-74.873046875, -0.224609375000014], [-74.794921875, -0.1953125], [-74.75585937500001, -0.224609375000014], [-74.70703125, -0.361328125], [-74.677734375, -0.341796875], [-74.6484375, -0.400390625000014], [-74.609375, -0.380859375], [-74.48242187499999, -0.5078125], [-74.4140625, -0.517578125], [-74.35546875, -0.634765625], [-74.35546875, -0.742187499999986], [-74.248046875, -0.859375], [-74.296875, -0.908203125], [-74.248046875, -1.005859374999986], [-74.1015625, -1.064453125], [-74.0234375, -1.03515625], [-74.013671875, -1.11328125], [-73.935546875, -1.162109375], [-73.87695312500001, -1.15234375], [-73.837890625, -1.259765625], [-73.759765625, -1.279296875000014], [-73.740234375, -1.240234375], [-73.7109375, -1.279296875000014], [-73.662109375, -1.269531249999986], [-73.564453125, -1.367187500000014], [-73.5546875, -1.445312499999986], [-73.447265625, -1.6015625], [-73.486328125, -1.630859375000014], [-73.505859375, -1.748046875], [-73.3203125, -1.865234375], [-73.203125, -1.796875], [-73.134765625, -1.85546875], [-73.14453125, -1.894531250000014], [-73.095703125, -1.9140625], [-73.10546875, -2.041015625], [-73.06640625, -2.12890625], [-73.08593750000001, -2.20703125], [-73.134765625, -2.236328124999986], [-73.125, -2.314453125], [-73.056640625, -2.353515625], [-73.02734375, -2.412109374999986], [-72.99804687500001, -2.3828125], [-72.94921875, -2.392578125], [-72.890625, -2.490234375], [-72.82226562500001, -2.490234375], [-72.75390625, -2.431640625], [-72.685546875, -2.431640625], [-72.64648437500001, -2.490234375], [-72.59765625, -2.40234375], [-72.5390625, -2.431640625], [-72.37304687499999, -2.421875], [-72.32421875, -2.48046875], [-72.255859375, -2.4609375], [-72.216796875, -2.490234375], [-72.19726562499999, -2.44140625], [-72.109375, -2.4609375], [-72.02148437499999, -2.353515625], [-71.904296875, -2.373046875], [-71.8359375, -2.294921875], [-71.826171875, -2.236328124999986], [-71.71875, -2.148437499999986], [-71.689453125, -2.158203125000014], [-71.67968750000001, -2.216796875], [-71.630859375, -2.197265625], [-71.5234375, -2.2265625], [-71.46484375, -2.34375], [-71.42578125, -2.275390625], [-71.357421875, -2.3828125], [-71.279296875, -2.353515625], [-71.15234375000001, -2.36328125], [-71.09375, -2.294921875], [-70.99609375, -2.294921875], [-70.96679687499999, -2.216796875], [-70.927734375, -2.246093750000014], [-70.869140625, -2.216796875], [-70.80078125000001, -2.28515625], [-70.673828125, -2.34375], [-70.6640625, -2.392578125], [-70.61523437499999, -2.412109374999986], [-70.56640625, -2.490234375], [-70.53710937500001, -2.48046875], [-70.5419921875, -2.4365234375], [-70.419921875, -2.509765625000014], [-70.35156249999999, -2.48046875], [-70.29296875, -2.5], [-70.33203125, -2.568359375], [-70.244140625, -2.548828125], [-70.126953125, -2.6953125], [-70.068359375, -2.666015625], [-70.05859375, -2.724609375], [-70.72265625, -3.759765625], [-70.517578125, -3.857421875], [-70.380859375, -3.779296875], [-70.33203125, -3.7890625], [-70.17578124999999, -3.9453125], [-70.13671875, -4.0625], [-69.95442708333333, -4.19921875], [-70.00976562500001, -4.326171875], [-70.05859375, -4.326171875], [-70.126953125, -4.248046875], [-70.205078125, -4.326171875], [-70.3125, -4.23828125], [-70.33203125, -4.130859375], [-70.36132812500001, -4.16015625], [-70.4296875, -4.12109375], [-70.517578125, -4.169921874999986], [-70.546875, -4.130859375], [-70.595703125, -4.179687500000014], [-70.654296875, -4.111328125], [-70.68359375, -4.16015625], [-70.771484375, -4.140625], [-70.830078125, -4.169921874999986], [-70.947265625, -4.365234375], [-71.0009765625, -4.360351562500007], [-71.083984375, -4.355468750000014], [-71.14257812499999, -4.384765625], [-71.171875, -4.355468750000014], [-71.2109375, -4.404296875], [-71.259765625, -4.365234375], [-71.34765625, -4.443359375000014], [-71.435546875, -4.423828125], [-71.650390625, -4.501953125], [-71.787109375, -4.47265625], [-71.884765625, -4.501953125], [-71.982421875, -4.580078125], [-72.0703125, -4.599609375], [-72.08984375, -4.6484375], [-72.24609375, -4.755859375], [-72.37304687499999, -4.775390625], [-72.40234375, -4.86328125], [-72.59765625, -4.990234375], [-72.63671874999999, -5.048828124999986], [-72.744140625, -5.048828124999986], [-72.919921875, -5.136718749999986], [-72.890625, -5.263671875], [-72.96875, -5.44921875], [-72.96875, -5.64453125], [-73.037109375, -5.771484375], [-73.134765625, -5.869140625], [-73.232421875, -6.064453125], [-73.125, -6.367187499999986], [-73.14453125, -6.474609375], [-73.203125, -6.552734375000014], [-73.359375, -6.572265625], [-73.69140624999999, -6.806640624999986], [-73.759765625, -6.884765625], [-73.80859375, -7.070312499999986], [-73.7109375, -7.3046875], [-73.88671875, -7.36328125], [-73.974609375, -7.353515625], [-73.935546875, -7.451171875], [-73.95507812499999, -7.509765624999986], [-74.013671875, -7.5390625], [-73.84765625, -7.71484375], [-73.70117187500001, -7.783203125000014], [-73.73046875, -7.871093750000014], [-73.798828125, -7.880859375], [-73.76953125, -7.958984375000014], [-73.662109375, -8.0078125], [-73.60351562499999, -8.10546875], [-73.60351562499999, -8.193359375], [-73.5546875, -8.251953125], [-73.544921875, -8.33984375], [-73.34960937500001, -8.476562499999986], [-73.34960937500001, -8.59375], [-73.271484375, -8.671875], [-73.16406249999999, -8.720703125], [-73.07617187499999, -8.876953125], [-72.96875, -8.984375], [-72.958984375, -9.12109375], [-73.18359375, -9.3896484375], [-72.744140625, -9.404296875], [-72.314453125, -9.521484375], [-72.265625, -9.628906250000014], [-72.275390625, -9.74609375], [-72.16796875, -9.82421875], [-72.16796875, -10.0], [-71.2890625, -9.980468750000014], [-71.201171875, -9.94140625], [-71.14257812499999, -9.853515625], [-70.99609375, -9.804687500000014], [-70.87890624999999, -9.658203125], [-70.546875, -9.423828125], [-70.6005859375, -9.5654296875], [-70.53710937500001, -9.7265625], [-70.634765625, -9.814453125], [-70.64453125, -10.9765625], [-70.61523437499999, -10.986328125], [-70.53710937500001, -10.927734375], [-70.380859375, -11.0546875], [-70.26367187499999, -11.0546875], [-69.94140625, -10.908203125], [-69.814453125, -10.908203125], [-69.73632812499999, -10.95703125], [-69.55729166666667, -10.950520833333343], [-68.95507812500001, -11.943359375], [-68.69140625000001, -12.470703125], [-68.69140625000001, -12.519531249999986], [-68.7890625, -12.607421874999986], [-68.75, -12.65625], [-68.759765625, -12.705078125000014], [-68.9013671875, -12.778320312499993], [-68.984375, -12.871093749999986], [-68.96484375, -13.505859375], [-69.0234375, -13.623046875], [-69.072265625, -13.6328125], [-69.091796875, -13.671875], [-69.013671875, -13.740234375], [-68.984375, -13.955078125], [-68.896484375, -14.033203125], [-68.85742187499999, -14.189453124999986], [-69.013671875, -14.248046875], [-68.984375, -14.365234374999986], [-69.169921875, -14.51171875], [-69.169921875, -14.5703125], [-69.21875, -14.560546875], [-69.248046875, -14.58984375], [-69.248046875, -14.726562500000014], [-69.375, -14.794921875], [-69.365234375, -14.912109375], [-69.39453125000001, -14.951171875], [-69.296875, -15.087890625], [-69.169921875, -15.185546875], [-69.150390625, -15.244140624999986], [-69.27734375, -15.332031249999986], [-69.423828125, -15.625], [-69.21875, -16.15234375], [-69.140625, -16.220703125000014], [-68.974609375, -16.201171875], [-68.85742187499999, -16.279296875], [-68.828125, -16.337890625], [-69.03320312499999, -16.455078125], [-69.052734375, -16.552734375], [-69.013671875, -16.640625], [-69.111328125, -16.708984375], [-69.16015625, -16.708984375], [-69.345703125, -16.97265625], [-69.404296875, -17.011718750000014], [-69.39453125000001, -17.041015625], [-69.62890625, -17.197265625], [-69.65820312500001, -17.275390625000014], [-69.58984375, -17.294921875], [-69.51171875, -17.373046875], [-69.50520833333333, -17.509765625], [-69.6875, -17.65625], [-69.814453125, -17.646484375], [-69.84375, -17.67578125], [-69.853515625, -17.744140625], [-69.775390625, -17.978515625000014], [-69.86328125, -18.144531249999986], [-69.9609375, -18.242187500000014], [-70.15625, -18.320312499999986], [-70.36132812500001, -18.310546875], [-70.41015625, -18.33984375], [-90.00651041666667, -18.33984375], [-90.01302083333333, -14.990234375], [-90.00651041666667, -3.401692708333333], [-80.33203125, -3.388671875000014], [-80.263671875, -3.41796875], [-80.2734375, -3.466796874999986], [-80.234375, -3.505859375], [-80.244140625, -3.564453125000014], [-80.21484375, -3.61328125], [-80.224609375, -3.759765625], [-80.166015625, -3.88671875], [-80.3125, -4.003906250000014], [-80.45898437499999, -3.974609375], [-80.498046875, -4.0234375], [-80.478515625, -4.19921875], [-80.439453125, -4.21875], [-80.3564453125, -4.1943359375]]]]}}, {"type": "Feature", "properties": {"FID": 135, "FIR_NAME": "SANAA", "ICAO_CODE": "OYSC", "TYPE": "FIR", "COUNTRY": "Yemen"}, "geometry": {"type": "MultiPolygon", "coordinates": [[[[59.986979166666664, 12.01171875], [51.60156250000003, 12.001953125], [50.78125, 12.1875], [50.63476562500003, 12.1875], [44.182942708333336, 11.7578125], [44.04296875000003, 12.16796875], [43.186848958333336, 12.757161458333334], [42.392578125, 14.033203125], [42.02148437500003, 14.892578125], [41.494140625, 15.641276041666666], [41.85546875, 15.78125], [41.9921875, 15.99609375], [41.787109375, 16.279296875], [41.806640625, 16.30859375], [42.16796875, 16.416015625], [42.734375, 16.416015625], [42.8515625, 16.38671875], [42.939453125, 16.416015625], [42.958984375, 16.513671875], [43.10546875, 16.533203125], [43.134765625, 16.66015625], [43.22265625, 16.669921875], [43.212890625, 16.728515625], [43.25195312500003, 16.796875], [43.134765625, 16.89453125], [43.18359375, 16.953125], [43.1787109375, 17.0166015625], [43.23242187499997, 17.060546875], [43.154296875, 17.109375], [43.14453124999997, 17.16796875], [43.203125, 17.216796875], [43.203125, 17.265625], [43.32031249999997, 17.314453125], [43.23242187499997, 17.392578125], [43.2421875, 17.490234375], [43.41796875, 17.568359375], [43.525390625, 17.51953125], [43.662109375, 17.3828125], [43.77929687500003, 17.3828125], [43.828125, 17.34375], [43.96484375, 17.34375], [44.04296875000003, 17.412109375], [44.1015625, 17.373046875], [44.16015625, 17.421875], [44.3359375, 17.44140625], [44.57031250000003, 17.412109375], [44.63867187499997, 17.44140625], [45.21484375, 17.44140625], [45.400390625, 17.333984375], [46.06445312500003, 17.255859375], [46.42578125, 17.24609375], [46.73828125, 17.28515625], [46.9921875, 16.962890625], [47.158203125, 16.953125], [47.4609375, 17.12890625], [47.607421875, 17.48046875], [48.193359375, 18.18359375], [49.1015625, 18.623046875], [50.751953125, 18.7890625], [51.998697916666664, 19.000651041666668], [52.763671875, 17.392578125], [52.74414062500003, 17.3046875], [52.8125, 17.28515625], [53.125, 16.630859375], [53.37890625, 15.91796875], [53.466796875, 15.72265625], [53.515625, 15.68359375], [56.97265625, 17.65625], [59.986979166666664, 19.794921875], [59.986979166666664, 12.01171875]]]]}}, {"type": "Feature", "properties": {"FID": 136, "FIR_NAME": "MALE", "ICAO_CODE": "VRMF", "TYPE": "FIR", "COUNTRY": "Maldives"}, "geometry": {"type": "MultiPolygon", "coordinates": [[[[74.98697916666667, -5.999348958333333], [67.98828125, -5.992838541666667], [67.98828125, -0.01953125], [69.990234375, 3.0859375], [69.990234375, 7.490234375], [71.99218750000001, 7.513020833333333], [73.984375, 7.509765625], [74.00390625, 6.005859375], [77.98502604166667, 6.002604166666667], [78.00130208333333, -1.988932291666671], [74.98697916666667, -5.999348958333333]]]]}}, {"type": "Feature", "properties": {"FID": 137, "FIR_NAME": "MAURITIUS", "ICAO_CODE": "FIMM", "TYPE": "FIR", "COUNTRY": "Mauritius"}, "geometry": {"type": "MultiPolygon", "coordinates": [[[[67.98828125, -5.992838541666667], [74.98697916666667, -5.999348958333333], [74.98697916666667, -44.990234375], [57.001953125, -44.990234375], [56.988932291666664, -29.990234375], [56.9921875, -22.314453125], [55.64453125000003, -19.345703125], [55.48828125, -18.945312500000014], [55.498046875, -9.993489583333334], [59.98046875, -9.990234375], [59.993489583333336, -5.99609375], [67.98828125, -5.992838541666667]]]]}}, {"type": "Feature", "properties": {"FID": 138, "FIR_NAME": "LONDON", "ICAO_CODE": "EGTT", "TYPE": "FIR", "COUNTRY": "United Kingdom"}, "geometry": {"type": "MultiPolygon", "coordinates": [[[[-8.0078125, 51.002604166666664], [-5.5078125, 52.34375], [-5.511067708333333, 53.92578125], [-5.48828125, 55.009765625], [4.985351562499993, 55.009765625], [3.291015625, 53.10546875], [2.01171875, 51.510416666666664], [1.9921875, 51.126302083333336], [1.474609375, 51.005859375], [1.455078125, 50.6640625], [-0.25390625, 50.006510416666664], [-2.01171875, 50.009765625], [-4.970703125, 49.482421875], [-8.004557291666666, 48.84765625], [-8.0078125, 51.002604166666664]]]]}}, {"type": "Feature", "properties": {"FID": 139, "FIR_NAME": "TBILISI", "ICAO_CODE": "UGGG", "TYPE": "FIR", "COUNTRY": "Georgia"}, "geometry": {"type": "MultiPolygon", "coordinates": [[[[46.438802083333336, 41.904296875], [46.318359375, 41.7578125], [46.22070312499997, 41.767578125], [46.19140625, 41.73828125], [46.201171875, 41.640625], [46.318359375, 41.572265625], [46.34765625, 41.484375], [46.689453125, 41.318359375], [46.669921875, 41.171875], [46.611328125, 41.11328125], [46.54296875, 41.103515625], [46.513671875, 41.0546875], [46.34765625, 41.123046875], [46.24023437500003, 41.2109375], [45.95703124999997, 41.181640625], [45.830078125, 41.220703125], [45.703125, 41.298828125], [45.7421875, 41.34765625], [45.46875, 41.4453125], [45.27343750000003, 41.46484375], [45.01953125, 41.298828125], [44.9609375, 41.26953125], [44.82421875, 41.2890625], [44.853515625, 41.220703125], [44.62890625, 41.240234375], [44.57031250000003, 41.19140625], [44.53125, 41.220703125], [44.453125, 41.19140625], [44.365234375, 41.23046875], [44.28710937499997, 41.201171875], [44.189453125, 41.240234375], [44.150390625, 41.19140625], [43.86718750000003, 41.171875], [43.7890625, 41.123046875], [43.525390625, 41.142578125], [43.460286458333336, 41.116536458333336], [43.466796875, 41.15234375], [43.40820312499997, 41.201171875], [43.23242187499997, 41.181640625], [43.203125, 41.25], [43.149414062499986, 41.2646484375], [43.193359375, 41.30859375], [43.037109375, 41.376953125], [42.88085937499997, 41.513671875], [42.83203125, 41.484375], [42.79296874999997, 41.5234375], [42.822265625, 41.552734375], [42.8125, 41.591796875], [42.59765625, 41.591796875], [42.5, 41.4453125], [42.265625, 41.50390625], [41.943359375, 41.5234375], [41.81640625, 41.435546875], [41.708984375, 41.50390625], [41.630859375, 41.494140625], [40.319010416666664, 41.917317708333336], [39.91210937500003, 43.173828125], [40.06835937499997, 43.544921875], [40.17578125000003, 43.59375], [40.50781249999997, 43.515625], [40.68359374999997, 43.5546875], [41.03515624999997, 43.37890625], [41.181640625, 43.3984375], [41.279296875, 43.33984375], [41.396484375, 43.349609375], [41.42578125, 43.30078125], [41.572265625, 43.232421875], [42.0703125, 43.193359375], [42.17773437499997, 43.2421875], [42.421875, 43.251953125], [42.59765625, 43.154296875], [42.70507812499997, 43.193359375], [42.8515625, 43.18359375], [43.0078125, 43.115234375], [43.02734375, 43.046875], [43.193359375, 42.939453125], [43.525390625, 42.880859375], [43.671875, 42.79296875], [43.80859375, 42.763671875], [43.828125, 42.734375], [43.73046875, 42.646484375], [43.76953125, 42.607421875], [43.86718750000003, 42.607421875], [43.93554687499997, 42.568359375], [43.984375, 42.568359375], [44.052734375, 42.626953125], [44.208984375, 42.63671875], [44.296875, 42.724609375], [44.384765625, 42.71484375], [44.51171875, 42.763671875], [44.6875, 42.744140625], [44.78515625, 42.63671875], [44.84375, 42.744140625], [44.90234374999997, 42.7734375], [45.029296875, 42.705078125], [45.146484375, 42.71484375], [45.3515625, 42.5390625], [45.556640625, 42.55859375], [45.751953125, 42.48046875], [45.634765625, 42.24609375], [45.64453125, 42.20703125], [45.908203125, 42.109375], [45.95703124999997, 42.03125], [46.23046875, 42.01171875], [46.318359375, 41.943359375], [46.376953125, 41.953125], [46.438802083333336, 41.904296875]]]]}}, {"type": "Feature", "properties": {"FID": 140, "FIR_NAME": "BAKU", "ICAO_CODE": "UBBA", "TYPE": "FIR", "COUNTRY": "Azerbaijan"}, "geometry": {"type": "MultiPolygon", "coordinates": [[[[46.318359375, 41.572265625], [46.201171875, 41.640625], [46.19140625, 41.73828125], [46.22070312499997, 41.767578125], [46.318359375, 41.7578125], [46.438802083333336, 41.904296875], [46.552734375, 41.89453125], [46.59179687500003, 41.796875], [46.7578125, 41.865234375], [46.76757812500003, 41.806640625], [46.9921875, 41.650390625], [47.041015625, 41.5625], [47.1484375, 41.572265625], [47.255859375, 41.42578125], [47.255859375, 41.34765625], [47.36328124999997, 41.279296875], [47.490234375, 41.26953125], [47.55859375000003, 41.220703125], [47.666015625, 41.240234375], [47.744140625, 41.201171875], [47.861328125, 41.2109375], [47.919921875, 41.240234375], [47.900390625, 41.2890625], [47.96875, 41.3671875], [48.02734375, 41.38671875], [48.056640625, 41.46484375], [48.22265625, 41.50390625], [48.37890625, 41.58203125], [48.466796875, 41.728515625], [48.59375, 41.85546875], [49.98046875, 42.63671875], [51.497395833333314, 41.998697916666664], [51.49088541666665, 37.884114583333336], [48.8671875, 38.45703125], [48.623046875, 38.3984375], [48.447265625, 38.57421875], [48.427734375, 38.6328125], [48.3203125, 38.61328125], [48.232421875, 38.681640625], [48.22265625, 38.740234375], [48.0078125, 38.857421875], [48.0078125, 38.90625], [48.08593750000003, 38.96484375], [48.26171875000003, 38.984375], [48.3203125, 39.033203125], [48.291015625, 39.111328125], [48.17382812500003, 39.1796875], [48.115234375, 39.27734375], [48.15429687499997, 39.326171875], [48.34960937500003, 39.404296875], [47.98828125, 39.716796875], [47.8125, 39.6875], [47.51953125, 39.51171875], [47.373046875, 39.47265625], [47.27539062499997, 39.375], [47.08984375, 39.306640625], [47.01171874999997, 39.189453125], [46.81640625, 39.150390625], [46.71875, 39.033203125], [46.67968750000003, 39.033203125], [46.5234375, 38.896484375], [46.484375, 38.96484375], [46.513671875, 39.033203125], [46.50390625000003, 39.111328125], [46.40625, 39.19921875], [46.4453125, 39.228515625], [46.54296875, 39.19921875], [46.611328125, 39.23828125], [46.494140625, 39.345703125], [46.40625, 39.375], [46.376953125, 39.443359375], [46.494140625, 39.47265625], [46.54296875, 39.560546875], [46.357421875, 39.62890625], [46.2109375, 39.599609375], [46.142578125, 39.66796875], [46.07421875, 39.6875], [46.005859375, 39.775390625], [45.830078125, 39.84375], [45.751953125, 39.9609375], [45.5859375, 39.990234375], [45.625, 40.029296875], [45.88867187500003, 40.01953125], [45.91796875, 40.09765625], [45.97656250000003, 40.126953125], [45.99609375, 40.234375], [45.654296875, 40.380859375], [45.51757812499997, 40.478515625], [45.380859375, 40.673828125], [45.42968749999997, 40.7421875], [45.5859375, 40.791015625], [45.615234375, 40.87890625], [45.56640625, 40.87890625], [45.439453125, 40.966796875], [45.42968749999997, 41.03515625], [45.322265625, 41.005859375], [45.224609375, 41.025390625], [45.15625, 41.083984375], [45.09765625000003, 41.064453125], [45.068359375, 41.09375], [45.087890625, 41.123046875], [45.18554687500003, 41.123046875], [45.21484375, 41.15234375], [45.146484375, 41.2109375], [45.05859375, 41.201171875], [45.01953125, 41.298828125], [45.27343750000003, 41.46484375], [45.46875, 41.4453125], [45.7421875, 41.34765625], [45.703125, 41.298828125], [45.830078125, 41.220703125], [45.95703124999997, 41.181640625], [46.24023437500003, 41.2109375], [46.34765625, 41.123046875], [46.513671875, 41.0546875], [46.54296875, 41.103515625], [46.611328125, 41.11328125], [46.669921875, 41.171875], [46.689453125, 41.318359375], [46.34765625, 41.484375], [46.318359375, 41.572265625]]]]}}, {"type": "Feature", "properties": {"FID": 141, "FIR_NAME": null, "ICAO_CODE": null, "TYPE": "FIR", "COUNTRY": null}, "geometry": {"type": "MultiPolygon", "coordinates": [[[[33.536783854166664, -10.25390625], [33.69140625, -10.576171875], [33.505859375, -10.771484375000014], [33.404947916666686, -10.787760416666666], [33.536783854166664, -10.25390625]]]]}}, {"type": "Feature", "properties": {"FID": 142, "FIR_NAME": "MINSK", "ICAO_CODE": "UMMV", "TYPE": "FIR", "COUNTRY": "Belarus"}, "geometry": {"type": "MultiPolygon", "coordinates": [[[[31.74609375, 52.177734375], [31.357421875, 52.12890625], [31.259765625, 52.05078125], [31.11328125, 52.099609375], [30.95703125, 52.08984375], [30.92773437499997, 52.060546875], [30.95703125, 52.021484375], [30.80078125, 51.953125], [30.78125, 51.904296875], [30.654296875, 51.826171875], [30.625, 51.71875], [30.556640625, 51.6796875], [30.517578125, 51.6015625], [30.5859375, 51.46484375], [30.634765625, 51.34765625], [30.57617187499997, 51.318359375], [30.556640625, 51.26953125], [30.3515625, 51.328125], [30.33203125000003, 51.416015625], [30.166015625, 51.50390625], [29.98046875000003, 51.494140625], [29.853515625, 51.4453125], [29.74609375, 51.4453125], [29.70703125, 51.50390625], [29.638671875, 51.50390625], [29.580078125, 51.455078125], [29.53125, 51.46484375], [29.482421875, 51.396484375], [29.306640625, 51.38671875], [29.18945312500003, 51.6015625], [29.150390625, 51.640625], [29.052734375, 51.640625], [28.99414062499997, 51.58203125], [28.81835937499997, 51.552734375], [28.759765625, 51.494140625], [28.740234375, 51.416015625], [28.64257812499997, 51.474609375], [28.61328125, 51.572265625], [28.48632812500003, 51.591796875], [28.359375, 51.54296875], [28.2421875, 51.669921875], [28.10546875, 51.572265625], [27.95898437500003, 51.572265625], [27.85156249999997, 51.630859375], [27.744140625, 51.474609375], [27.67578124999997, 51.50390625], [27.724609375, 51.58203125], [27.69531250000003, 51.611328125], [27.470703125, 51.640625], [27.421875, 51.6015625], [27.28515625, 51.6015625], [27.294921875, 51.650390625], [27.20703125, 51.669921875], [27.197265625, 51.7578125], [27.14843749999997, 51.77734375], [26.88476562499997, 51.7578125], [26.66015625, 51.826171875], [26.44531249999997, 51.81640625], [26.42578125, 51.865234375], [26.18164062499997, 51.865234375], [26.09375, 51.923828125], [25.3515625, 51.93359375], [25.263671875, 51.962890625], [24.90234375, 51.904296875], [24.39453125, 51.89453125], [24.296875, 51.81640625], [24.26757812500003, 51.73828125], [24.013671875, 51.6015625], [23.9453125, 51.591796875], [23.89648437499997, 51.640625], [23.779296875, 51.66015625], [23.662109375, 51.650390625], [23.603515625, 51.62109375], [23.61328124999999, 51.533203125], [23.5546875, 51.552734375], [23.53515625, 51.66015625], [23.54492187499997, 51.748046875], [23.61328125, 51.787109375], [23.59375, 51.85546875], [23.662109375, 52.001953125], [23.63281249999997, 52.080078125], [23.515625, 52.12890625], [23.47656250000003, 52.177734375], [23.203125, 52.2265625], [23.173828125, 52.294921875], [23.3984375, 52.529296875], [23.59375, 52.607421875], [23.74023437500003, 52.6171875], [23.935546875, 52.734375], [23.92578125, 53.017578125], [23.8671875, 53.0859375], [23.90625, 53.1640625], [23.80859374999997, 53.26171875], [23.662109375, 53.505859375], [23.499348958333332, 53.955078125], [23.681640625, 53.916015625], [23.92578125, 53.96484375], [24.09179687500003, 53.9453125], [24.189453125, 53.974609375], [24.26757812500003, 53.90625], [24.39453125, 53.896484375], [24.58984375, 53.994140625], [24.814453125, 53.984375], [24.833984375, 54.04296875], [24.79492187500003, 54.1015625], [24.84375, 54.150390625], [25.107421875, 54.150390625], [25.1953125, 54.208984375], [25.21484374999997, 54.267578125], [25.361328125, 54.2578125], [25.48828125, 54.306640625], [25.5419921875, 54.2236328125], [25.5078125, 54.189453125], [25.537109375, 54.150390625], [25.67382812500003, 54.140625], [25.78125, 54.169921875], [25.791015625, 54.2578125], [25.76171875000003, 54.296875], [25.712890625, 54.3359375], [25.56640624999997, 54.31640625], [25.546875, 54.365234375], [25.634765625, 54.443359375], [25.65429687499997, 54.53125], [25.76171875000003, 54.580078125], [25.72265625, 54.66796875], [25.732421875, 54.794921875], [25.791015625, 54.82421875], [25.78125, 54.86328125], [25.8203125, 54.90234375], [25.908203125, 54.9609375], [26.0546875, 54.9609375], [26.18164062499997, 55.0], [26.279296875, 55.15625], [26.44531249999997, 55.13671875], [26.474609375, 55.166015625], [26.62109374999997, 55.13671875], [26.669921875, 55.234375], [26.806640625, 55.283203125], [26.7578125, 55.322265625], [26.513671875, 55.322265625], [26.455078125, 55.3515625], [26.62109374999997, 55.60546875], [26.608072916666668, 55.680338541666664], [26.650390625, 55.712890625], [26.845703125, 55.712890625], [26.982421875, 55.83984375], [27.16796875000003, 55.849609375], [27.25585937500003, 55.80078125], [27.34375, 55.830078125], [27.58789062499997, 55.80078125], [27.666015625, 55.947265625], [27.7734375, 55.986328125], [27.9296875, 56.123046875], [28.1640625, 56.1865234375], [28.225054342788315, 56.12112798300559], [28.30238704487224, 56.08750506905606], [28.359545998586448, 56.0774181948712], [28.431835263577945, 56.09254850614849], [28.487313071594677, 56.09591079754344], [28.524169921874996, 56.09619140625], [28.73046874999997, 56.044921875], [28.740234375, 55.970052083333336], [28.83789062500003, 55.95703125], [29.01367187500003, 56.03515625], [29.283854166666675, 55.99609375], [29.374117427013626, 55.95805685035037], [29.401015758173255, 55.8908110224513], [29.385885446895962, 55.84373894292196], [29.379160864106055, 55.79330457199766], [29.40234375, 55.775390625], [29.51171875, 55.693359375], [29.5703125, 55.7421875], [29.81584821428572, 55.816127232142854], [29.945706964155697, 55.83869550582953], [30.04882812499997, 55.83984375], [30.25390625, 55.859375], [30.406901041666657, 55.807291666666664], [30.557643998037193, 55.75884108519937], [30.64002013721355, 55.68571124735914], [30.69549794523028, 55.62771172079619], [30.75181632609575, 55.61342198236764], [30.814859289751123, 55.61005969097268], [30.859375, 55.6103515625], [30.92773437499997, 55.498046875], [30.8984375, 55.44921875], [30.9375, 55.41015625], [30.810546875, 55.302734375], [30.99609375, 55.146484375], [30.986328125, 55.107421875], [31.025390625, 55.048828125], [30.92773437499997, 55.0390625], [30.94726562500003, 54.98046875], [30.83984374999997, 54.951171875], [30.83984374999997, 54.892578125], [30.77148437500003, 54.814453125], [30.99609375, 54.716796875], [31.015625, 54.658203125], [31.19140624999997, 54.638671875], [31.083984375, 54.501953125], [31.240234375, 54.443359375], [31.337890625, 54.23828125], [31.5234375, 54.150390625], [31.82617187500003, 54.072265625], [31.85546875, 53.984375], [31.82617187500003, 53.896484375], [31.767578125, 53.837890625], [31.77734375, 53.80859375], [31.923828125, 53.7890625], [32.119140625, 53.828125], [32.36328125, 53.73046875], [32.4609375, 53.73046875], [32.5, 53.681640625], [32.412109375, 53.642578125], [32.44140625000003, 53.57421875], [32.734375, 53.466796875], [32.71484375, 53.33984375], [32.48046875, 53.3203125], [32.48046875, 53.26171875], [32.421875, 53.203125], [32.138671875, 53.095703125], [31.80664062499997, 53.125], [31.7578125, 53.203125], [31.66015625, 53.22265625], [31.40625, 53.212890625], [31.376953125, 53.10546875], [31.26953125, 53.02734375], [31.328125, 52.998046875], [31.38671875000003, 52.91015625], [31.513671875, 52.87109375], [31.572265625, 52.8125], [31.58203125, 52.734375], [31.50390625, 52.685546875], [31.6162109375, 52.5634765625], [31.572265625, 52.529296875], [31.62109375, 52.392578125], [31.591796875, 52.32421875], [31.733054577464788, 52.19011333626761], [31.69921875, 52.20703125], [31.74609375, 52.177734375]]]]}}, {"type": "Feature", "properties": {"FID": 143, "FIR_NAME": "SINGAPORE", "ICAO_CODE": "WSJC", "TYPE": "FIR", "COUNTRY": "Singapore"}, "geometry": {"type": "MultiPolygon", "coordinates": [[[[103.828125, 1.484375], [104.16015625, 1.34765625], [104.3359375, 1.357421875], [104.73958333333333, 2.604166666666667], [103.662109375, 3.671875], [103.73046875, 4.833984375], [103.09244791666667, 5.992838541666667], [102.66276041666667, 6.748046875], [102.99153645833333, 7.01171875], [107.98828125, 7.001953125], [113.994140625, 10.501302083333334], [116.48763020833333, 8.421223958333334], [113.30078125, 6.002604166666667], [108.525390625, 2.28515625], [108.49609375, 2.255859375], [108.49283854166667, 2.01171875], [108.49609375, 1.015625], [108.93359375, 0.951171875], [108.837890625, 0.810546875], [108.916015625, 0.634765625], [108.916015625, 0.322265625], [108.974609375, 0.3125], [108.994140625, 0.2734375], [108.984375, 0.009765625], [107.998046875, 0.009765625], [105.99609375, -0.8203125], [105.146484375, 0.009765625], [104.765625, 0.009765625], [104.404296875, -0.185546875], [104.140625, -0.263671875], [103.90625, -0.29296875], [103.408203125, -0.25390625], [103.0859375, -0.136718750000014], [102.8515625, 0.0], [102.5, 0.33203125], [102.353515625, 0.546875], [102.236328125, 0.80078125], [102.1484375, 1.181640625], [102.16145833333333, 1.650390625], [103.45703125, 1.23046875], [103.505859375, 1.25], [103.5595703125, 1.34765625], [103.69140625, 1.455078125], [103.828125, 1.484375]]]]}}, {"type": "Feature", "properties": {"FID": 145, "FIR_NAME": "MAIQUETIA", "ICAO_CODE": "SVZM", "TYPE": "FIR", "COUNTRY": "Venezuela"}, "geometry": {"type": "MultiPolygon", "coordinates": [[[[-60.686848958333336, 5.211588541666667], [-60.5859375, 4.951171875], [-60.703125, 4.794921875], [-60.8984375, 4.70703125], [-60.9375, 4.58984375], [-60.99609375, 4.521484375], [-61.181640625, 4.501953125], [-61.308593750000014, 4.53125], [-61.308593750000014, 4.443359375], [-61.455078125, 4.43359375], [-61.5234375, 4.384765625], [-61.513671875, 4.306640625], [-61.552734375, 4.2578125], [-61.748046875000014, 4.2578125], [-61.865234375, 4.16015625], [-61.9921875, 4.1796875], [-62.119140625, 4.1015625], [-62.1875, 4.1015625], [-62.441406249999986, 4.189453125], [-62.548828125, 4.12109375], [-62.539062500000014, 4.0625], [-62.568359375, 4.033203125], [-62.744140625, 4.04296875], [-62.783203125, 3.88671875], [-62.734375, 3.69140625], [-62.792968749999986, 3.603515625], [-62.822265625, 3.61328125], [-62.87109375, 3.564453125], [-62.978515625000014, 3.59375], [-63.310546875, 3.955078125], [-63.427734375, 3.974609375], [-63.466796875, 3.8671875], [-63.53515625, 3.8671875], [-63.623046875, 3.955078125], [-63.7890625, 3.935546875], [-63.837890625, 3.96484375], [-64.013671875, 3.88671875], [-64.0625, 3.916015625], [-64.140625, 4.12109375], [-64.2578125, 4.16015625], [-64.58984375, 4.130859375], [-64.658203125, 4.248046875], [-64.78515625, 4.296875], [-64.81445312499999, 4.208984375], [-64.716796875, 4.140625], [-64.658203125, 4.00390625], [-64.453125, 3.7890625], [-64.326171875, 3.740234375], [-64.189453125, 3.583984375], [-64.189453125, 3.525390625], [-64.23828125, 3.45703125], [-64.20898437500001, 3.271484375], [-64.228515625, 3.134765625], [-64.150390625, 3.046875], [-63.994140625, 2.744140625], [-64.052734375, 2.490234375], [-63.837890625, 2.431640625], [-63.37890625, 2.431640625], [-63.359375, 2.275390625], [-63.3984375, 2.158203125], [-63.5546875, 2.138671875], [-63.779296875, 1.982421875], [-63.955078125, 1.982421875], [-64.013671875, 1.953125], [-64.0625, 1.884765625], [-64.08203125, 1.640625], [-64.296875, 1.455078125], [-64.35546875, 1.3671875], [-64.39453125, 1.40625], [-64.35546875, 1.474609375], [-64.38476562500001, 1.5234375], [-64.541015625, 1.435546875], [-64.580078125, 1.357421875], [-64.697265625, 1.26953125], [-64.765625, 1.25], [-64.82421875000001, 1.2890625], [-65.029296875, 1.142578125], [-65.126953125, 1.142578125], [-65.17578125000001, 0.95703125], [-65.244140625, 0.91796875], [-65.322265625, 0.927734375], [-65.478515625, 0.673828125], [-65.546875, 0.654296875], [-65.576171875, 0.68359375], [-65.5859375, 0.751953125], [-65.51757812499999, 0.83984375], [-65.51757812499999, 0.91796875], [-65.595703125, 0.99609375], [-65.751953125, 0.986328125], [-65.87890625000001, 0.91796875], [-65.986328125, 0.80078125], [-66.0693359375, 0.791015625], [-66.123046875, 0.7421875], [-66.19140625, 0.771484375], [-66.34765625, 0.771484375], [-66.89127604166667, 1.233723958333333], [-66.89453125, 1.376953125], [-66.943359375, 1.435546875], [-66.982421875, 1.66015625], [-67.0703125, 1.89453125], [-67.138671875, 1.9921875], [-67.119140625, 2.109375], [-67.216796875, 2.236328125], [-67.2265625, 2.28515625], [-67.177734375, 2.333984375], [-67.19726562500001, 2.392578125], [-67.294921875, 2.451171875], [-67.51953125, 2.685546875], [-67.568359375, 2.685546875], [-67.62695312499999, 2.8125], [-67.75390625, 2.841796875], [-67.8466796875, 2.8271484375], [-67.841796875, 2.880859375], [-67.44140625, 3.26171875], [-67.392578125, 3.271484375], [-67.294921875, 3.3984375], [-67.3046875, 3.447265625], [-67.40234375, 3.515625], [-67.490234375, 3.720703125], [-67.62695312499999, 3.76953125], [-67.6953125, 3.935546875], [-67.705078125, 4.04296875], [-67.8125, 4.228515625], [-67.783203125, 4.345703125], [-67.80273437499999, 4.443359375], [-67.880859375, 4.53125], [-67.80273437499999, 5.048828125], [-67.83203125, 5.107421875], [-67.822265625, 5.234375], [-67.861328125, 5.3125], [-67.80273437499999, 5.400390625], [-67.646484375, 5.498046875], [-67.62695312499999, 5.56640625], [-67.65625, 5.732421875], [-67.62695312499999, 5.80078125], [-67.421875, 5.99609375], [-67.5, 6.123046875], [-67.470703125, 6.19140625], [-67.587890625, 6.279296875], [-67.83203125, 6.318359375], [-67.96875, 6.220703125], [-68.15429687499999, 6.23046875], [-68.3203125, 6.171875], [-68.45703125, 6.201171875], [-68.6328125, 6.142578125], [-69.072265625, 6.220703125], [-69.21875, 6.09375], [-69.27734375, 6.09375], [-69.3359375, 6.162109375], [-69.4140625, 6.1328125], [-69.462890625, 6.15234375], [-70.13671875, 6.982421875], [-70.3125, 6.943359375], [-70.517578125, 7.021484375], [-70.56640625, 7.08984375], [-70.703125, 7.109375], [-70.8984375, 7.080078125], [-71.015625, 6.9921875], [-71.1328125, 7.001953125], [-71.171875, 6.97265625], [-71.26953125, 6.9921875], [-71.298828125, 7.041015625], [-71.59179687500001, 7.041015625], [-71.650390625, 7.0703125], [-71.7822265625, 7.021484375], [-71.884765625, 6.9921875], [-72.001953125, 7.021484375], [-72.138671875, 7.16796875], [-72.16796875, 7.24609375], [-72.158203125, 7.34375], [-72.19726562499999, 7.392578125], [-72.40234375, 7.412109375], [-72.48046875, 7.5], [-72.48046875, 7.744140625], [-72.451171875, 7.822265625], [-72.48046875, 7.958984375], [-72.392578125, 8.056640625], [-72.333984375, 8.06640625], [-72.333984375, 8.134765625], [-72.392578125, 8.251953125], [-72.392578125, 8.369140625], [-72.67578125, 8.645833333333334], [-72.783203125, 9.12109375], [-72.8515625, 9.150390625], [-72.8955078125, 9.1259765625], [-72.939453125, 9.111328125], [-72.978515625, 9.150390625], [-72.96875, 9.21875], [-73.017578125, 9.306640625], [-73.212890625, 9.1796875], [-73.37890625, 9.1796875], [-73.388671875, 9.208984375], [-73.30078125, 9.287109375], [-73.17382812500001, 9.541015625], [-73.10546875, 9.580078125], [-72.96875, 9.84375], [-72.99804687500001, 9.921875], [-72.939453125, 10.126953125], [-72.91015625000001, 10.458984375], [-72.734375, 10.712890625], [-72.666015625, 10.888671875], [-72.587890625, 10.9375], [-72.48046875, 11.142578125], [-72.255859375, 11.171875], [-71.982421875, 11.669921875], [-71.435546875, 11.806640625], [-71.015625, 12.001953125], [-71.40625, 12.506510416666666], [-70.5078125, 12.509765625], [-67.97851562499999, 11.416015625], [-67.07682291666667, 15.680338541666666], [-64.990234375, 15.006510416666666], [-62.51953125, 11.025390625], [-61.796875, 10.7421875], [-62.05078125, 10.087890625], [-61.93359375, 9.990234375], [-61.474609374999986, 9.990234375], [-59.98046875, 8.929036458333334], [-60.244140624999986, 8.90625], [-59.814453125000014, 8.310546875], [-59.82421875, 8.251953125], [-59.970703125, 8.193359375], [-60.029296875, 8.046875], [-60.107421875, 8.046875], [-60.224609375, 7.978515625], [-60.361328125, 7.841796875], [-60.52734375, 7.822265625], [-60.576171875, 7.75390625], [-60.595703124999986, 7.646484375], [-60.6640625, 7.568359375], [-60.72265625, 7.548828125], [-60.703125, 7.470703125], [-60.595703124999986, 7.34375], [-60.64453125, 7.255859375], [-60.634765625, 7.216796875], [-60.546875, 7.138671875], [-60.478515625, 7.197265625], [-60.37109375, 7.1875], [-60.29296875, 7.12890625], [-60.29296875, 7.0703125], [-60.380859375, 6.943359375], [-60.419921874999986, 6.953125], [-60.546875, 6.865234375], [-60.64453125, 6.845703125], [-60.712890625, 6.767578125], [-60.908203125, 6.81640625], [-60.947265624999986, 6.728515625], [-61.11328125, 6.728515625], [-61.181640625, 6.669921875], [-61.210937499999986, 6.572265625], [-61.132812500000014, 6.4453125], [-61.162109375, 6.337890625], [-61.103515625, 6.26953125], [-61.11328125, 6.201171875], [-61.25, 6.123046875], [-61.337890625, 5.986328125], [-61.396484375000014, 5.947265625], [-60.80078125, 5.2734375], [-60.686848958333336, 5.211588541666667]]]]}}, {"type": "Feature", "properties": {"FID": 146, "FIR_NAME": "HABANA", "ICAO_CODE": "MUFH", "TYPE": "FIR", "COUNTRY": "Cuba"}, "geometry": {"type": "MultiPolygon", "coordinates": [[[[-85.34830729166667, 20.729166666666668], [-86.00585937500001, 22.01171875], [-86.00260416666667, 24.000651041666668], [-85.009765625, 24.007161458333332], [-83.173828125, 24.013671875], [-78.02734375, 24.013671875], [-76.00911458333333, 22.59765625], [-75.166015625, 22.001953125], [-73.34635416666667, 20.009765625], [-75.0, 18.505859375], [-77.4609375, 19.482421875], [-78.34960937499999, 20.009765625], [-82.01171875, 20.006510416666668], [-85.34830729166667, 20.729166666666668]]]]}}, {"type": "Feature", "properties": {"FID": 148, "FIR_NAME": "MURMANSK", "ICAO_CODE": "ULMM", "TYPE": "FIR", "COUNTRY": "Russia"}, "geometry": {"type": "MultiPolygon", "coordinates": [[[[28.525390625, 68.88671875], [28.4765625, 68.9208984375], [28.899739583333325, 69.05924479166667], [29.052734375, 69.0234375], [29.1796875, 69.0625], [29.31640625, 69.228515625], [29.296875, 69.306640625], [29.55078125, 69.326171875], [29.833984375, 69.423828125], [30.0390625, 69.443359375], [30.185546875, 69.55078125], [30.126953125, 69.6533203125], [30.166015625, 69.66796875], [30.498046875, 69.541015625], [30.830078125, 69.55078125], [30.92773437499997, 69.599609375], [30.92773437499997, 69.6875], [30.849609375, 69.775390625], [30.86914062500001, 69.81770833333333], [31.171875, 70.02278645833333], [32.080078125, 70.185546875], [32.08333333333334, 71.50390625], [43.271484375, 68.671875], [44.140625, 67.87109375], [42.490234375, 66.787109375], [40.234375, 66.318359375], [38.50585937500003, 66.005859375], [36.624348958333336, 66.00260416666667], [35.1171875, 66.337890625], [29.609375, 66.40299479166667], [29.0234375, 66.97265625], [29.931640625, 67.509765625], [30.009765625, 67.666015625], [29.69726562499997, 67.79296875], [29.3359375, 68.076171875], [28.671875, 68.203125], [28.447265625, 68.5546875], [28.7646484375, 68.8720703125], [28.525390625, 68.88671875]]]]}}, {"type": "Feature", "properties": {"FID": 149, "FIR_NAME": "HELSINKI", "ICAO_CODE": "EFIN", "TYPE": "FIR", "COUNTRY": "Finland"}, "geometry": {"type": "MultiPolygon", "coordinates": [[[[28.4765625, 68.9208984375], [28.525390625, 68.88671875], [28.7646484375, 68.8720703125], [28.447265625, 68.5546875], [28.671875, 68.203125], [29.3359375, 68.076171875], [29.69726562499997, 67.79296875], [30.009765625, 67.666015625], [29.931640625, 67.509765625], [29.0234375, 66.97265625], [29.609375, 66.40299479166667], [29.69726562499997, 66.26953125], [29.921875, 66.103515625], [30.126953125, 65.72265625], [30.107421875, 65.673828125], [29.98046875000003, 65.693359375], [29.74609375, 65.64453125], [29.833984375, 65.5712890625], [29.736328125, 65.517578125], [29.736328125, 65.3515625], [29.58984375, 65.25390625], [29.853515625, 65.21484375], [29.82421875, 65.166015625], [29.84375, 65.126953125], [29.619140625, 65.068359375], [29.619140625, 64.951171875], [29.775390625, 64.814453125], [30.1171875, 64.78515625], [30.1171875, 64.736328125], [30.1953125, 64.658203125], [29.98046875000003, 64.580078125], [30.009765625, 64.51171875], [30.078125, 64.482421875], [30.04882812499997, 64.4140625], [30.126953125, 64.365234375], [30.322265625, 64.3359375], [30.546875, 64.248046875], [30.546875, 64.169921875], [30.60546875, 64.1015625], [30.546875, 64.0234375], [30.361328125, 63.92578125], [30.25390625, 63.828125], [30.0, 63.740234375], [30.498046875, 63.4765625], [30.791015625, 63.408203125], [31.21093750000003, 63.232421875], [31.27929687499997, 63.115234375], [31.47460937500003, 63.017578125], [31.5625, 62.919921875], [31.552734375, 62.890625], [31.4453125, 62.802734375], [31.36718749999997, 62.65625], [31.240234375, 62.509765625], [30.3515625, 62.01171875], [29.66796875, 61.533203125], [29.51171875, 61.484375], [27.822265625, 60.56640625], [27.4609375, 60.224609375], [26.572265625, 60.146484375], [25.888671875, 59.892578125], [25.4296875, 59.921875], [24.86328124999997, 59.892578125], [22.71484375, 59.423828125], [20.989583333333325, 59.000651041666664], [19.990234375, 59.560546875], [19.08203125000003, 60.205078125], [19.15039062499997, 60.37109375], [19.482421875, 61.650390625], [20.11718749999997, 63.0859375], [20.17578125, 63.18359375], [20.673828125, 63.486328125], [21.513671875, 63.6328125], [22.87109375, 64.677734375], [24.111328125, 65.5078125], [24.16015624999997, 65.83984375], [24.04296875, 65.947265625], [24.04296875, 66.005859375], [23.92578125, 66.142578125], [23.73046875, 66.19140625], [23.662109375, 66.298828125], [23.671875, 66.38671875], [23.63281249999997, 66.4453125], [23.876953125, 66.5625], [23.88671875, 66.748046875], [23.994140625, 66.81640625], [23.57421875, 67.158203125], [23.603515625, 67.265625], [23.73046875, 67.28515625], [23.76953125, 67.32421875], [23.74023437500003, 67.36328125], [23.759765625, 67.412109375], [23.583984375, 67.4609375], [23.47656250000003, 67.44140625], [23.427734375, 67.48046875], [23.47656250000003, 67.568359375], [23.54492187499997, 67.587890625], [23.47656250000003, 67.734375], [23.466796875, 67.841796875], [23.525390625, 67.900390625], [23.642578125, 67.919921875], [23.642578125, 67.958984375], [23.38867187500003, 68.046875], [23.28125, 68.154296875], [23.154296875, 68.125], [23.125, 68.2421875], [22.8125, 68.3984375], [22.31445312499997, 68.486328125], [22.041015625, 68.486328125], [21.904296875, 68.57421875], [21.73828125, 68.583984375], [21.66015625, 68.642578125], [21.484375, 68.671875], [21.376953125, 68.759765625], [21.2890625, 68.759765625], [21.07421875, 68.876953125], [20.91796875, 68.88671875], [20.87890625, 68.916015625], [20.92773437500003, 68.955078125], [20.8984375, 68.994140625], [20.611979166666668, 69.06575520833333], [20.791015625, 69.1015625], [21.0546875, 69.04296875], [21.10351562500003, 69.111328125], [21.03515625, 69.16015625], [21.025390625, 69.208984375], [21.0546875, 69.23828125], [21.2890625, 69.326171875], [21.58203125, 69.306640625], [21.69921874999997, 69.27734375], [22.177734375, 68.974609375], [22.216796875, 68.916015625], [22.353515625, 68.828125], [22.40234374999997, 68.720703125], [22.587890625, 68.740234375], [22.77343750000003, 68.701171875], [23.056640625, 68.701171875], [23.14453125, 68.642578125], [23.271484375, 68.642578125], [23.45703124999997, 68.701171875], [23.701171875, 68.720703125], [23.828125, 68.837890625], [24.013671875, 68.837890625], [24.35546875000003, 68.7109375], [24.74609375, 68.671875], [24.86328124999997, 68.57421875], [24.9267578125, 68.5888671875], [25.087890625, 68.6328125], [25.15625, 68.7890625], [25.21484374999997, 68.828125], [25.41015625000003, 68.896484375], [25.615234375, 68.88671875], [25.80078125, 69.0234375], [25.72265625, 69.12109375], [25.703125, 69.248046875], [25.74218749999997, 69.287109375], [25.74218749999997, 69.345703125], [25.8203125, 69.384765625], [25.8203125, 69.443359375], [25.869140625, 69.4921875], [25.859375, 69.5458984375], [25.95703125, 69.599609375], [25.966796875, 69.6484375], [25.9375, 69.677734375], [25.966796875, 69.70703125], [26.15234375, 69.74609375], [26.494140625, 69.951171875], [26.8359375, 69.9609375], [26.875, 69.931640625], [27.0703125, 69.912109375], [27.28515625, 69.951171875], [27.314453125, 70.0], [27.529296875, 70.0390625], [27.578125, 70.078125], [27.91015625, 70.09765625], [28.037109375, 69.970703125], [28.13476562500003, 69.921875], [28.330078125, 69.892578125], [28.369140625, 69.833984375], [29.091796875, 69.716796875], [29.18945312500003, 69.619140625], [29.287109375, 69.47265625], [28.828125, 69.248046875], [28.7890625, 69.19921875], [28.779296875, 69.130859375], [28.899739583333325, 69.05924479166667], [28.4765625, 68.9208984375]]]]}}, {"type": "Feature", "properties": {"FID": 150, "FIR_NAME": "NIAMEY", "ICAO_CODE": "DRRR", "TYPE": "FIR", "COUNTRY": null}, "geometry": {"type": "MultiPolygon", "coordinates": [[[[11.490885416666666, 23.229166666666668], [11.497395833333323, 22.01171875], [11.490885416666666, 13.382161458333334], [10.976562499999972, 13.369140625], [10.703125, 13.3984375], [10.458984375, 13.3203125], [10.17578125, 13.28125], [9.931640625, 13.14453125], [9.62890625, 12.8125], [9.287109375, 12.822265625], [8.96484375, 12.8515625], [8.681640625, 12.939453125], [8.544921875, 13.076171875], [8.41796875, 13.076171875], [8.26171875, 13.22265625], [8.095703125000028, 13.3203125], [7.832031250000028, 13.359375], [7.3828125, 13.10546875], [7.2265625, 13.134765625], [7.080078125, 12.998046875], [6.923828125, 13.0078125], [6.777343750000028, 13.14453125], [6.650390625, 13.37890625], [6.38671875, 13.6328125], [6.26953125, 13.69140625], [6.142578124999972, 13.65234375], [5.546875, 13.896484375], [5.371093750000028, 13.857421875], [5.302734375, 13.76953125], [5.234375, 13.75], [4.921875, 13.740234375], [4.873046875, 13.7890625], [4.482421875, 13.701171875], [4.23828125, 13.486328125], [4.140625, 13.4765625], [4.130859375, 13.154296875], [4.08203125, 12.96875], [3.955078125, 12.763671875], [3.65234375, 12.529296875], [3.662109375, 12.24609375], [3.6328125, 12.099609375], [3.662109375, 11.982421875], [3.613281250000028, 11.93359375], [3.613281250000028, 11.884765625], [3.671875, 11.748046875], [3.564453125, 11.66015625], [3.466796875, 11.435546875], [3.662109375, 11.171875], [3.73046875, 11.123046875], [3.736979166666667, 11.009114583333334], [-2.83203125, 11.005859375], [-2.822265625, 10.927734375], [-2.880859375, 10.849609375], [-2.939453125, 10.625], [-2.861328125, 10.458984375], [-2.783203125, 10.419921875], [-2.83203125, 10.390625], [-2.8515625, 10.322265625], [-2.763671875, 10.263671875], [-2.802734375, 10.205078125], [-2.776692708333333, 9.8828125], [-5.029296875, 10.0], [-5.625, 10.05859375], [-5.263671875, 11.484375], [-4.8046875, 12.001953125], [-4.287109375, 12.87109375], [-4.08203125, 14.501953125], [-3.61328125, 16.318359375], [-3.590494791666667, 24.208984375], [-2.822265625, 23.740234375], [1.09375, 21.171875], [1.152343750000028, 21.123046875], [1.181640625, 21.025390625], [1.162109375, 20.7421875], [1.308593749999972, 20.7421875], [1.3671875, 20.6640625], [1.58203125, 20.60546875], [1.660156249999972, 20.537109375], [1.660156249999972, 20.419921875], [1.796875, 20.29296875], [1.855468750000028, 20.302734375], [1.923828124999972, 20.234375], [1.953125, 20.263671875], [2.119140625000028, 20.244140625], [2.216796875, 20.3125], [2.294921875000028, 20.2734375], [2.3046875, 20.21484375], [2.392578125, 20.13671875], [2.363281249999972, 20.087890625], [2.382812500000028, 20.0390625], [2.4609375, 20.107421875], [2.558593750000028, 20.048828125], [2.685546875, 20.078125], [2.724609375, 20.0], [2.96875, 19.9609375], [3.134765625, 19.86328125], [3.242187499999972, 19.84375], [3.22265625, 19.58984375], [3.251953125, 19.453125], [3.193359375, 19.423828125], [3.193359375, 19.287109375], [3.115234375, 19.140625], [3.349609375000028, 18.974609375], [5.810546875000028, 19.443359375], [7.480468750000028, 20.869140625], [9.82421875, 22.28515625], [11.490885416666666, 23.229166666666668]]]]}}, {"type": "Feature", "properties": {"FID": 151, "FIR_NAME": "TRIPOLI", "ICAO_CODE": "HLLL", "TYPE": "FIR", "COUNTRY": "Libya"}, "geometry": {"type": "MultiPolygon", "coordinates": [[[[11.497395833333323, 22.01171875], [11.490885416666666, 23.229166666666668], [11.97265625, 23.505859375], [11.982421875, 23.544921875], [11.611328125000028, 24.2578125], [11.412760416666648, 24.222005208333332], [10.0, 28.056640625], [9.986979166666666, 29.66796875], [9.986979166666666, 30.439453125], [10.01953125, 30.517578125], [10.21484375, 30.72265625], [10.292968750000028, 30.87890625], [10.263671875, 31.025390625], [10.283203125, 31.09375], [10.13671875, 31.416015625], [10.13671875, 31.50390625], [10.3125, 31.71875], [10.537109374999972, 31.7578125], [10.634765625, 31.875], [10.625, 31.943359375], [10.654296875, 31.9921875], [10.78125, 32.001953125], [10.849609375, 32.109375], [10.947265625, 32.177734375], [11.494140625, 32.392578125], [11.497395833333323, 34.345703125], [23.528645833333332, 34.348958333333336], [24.176432291666657, 33.994140625], [25.131835937499986, 31.6748046875], [25.03906249999997, 31.533203125], [24.853515625, 31.40625], [24.88281250000003, 31.30859375], [24.873046875, 31.142578125], [24.98046875, 30.91796875], [25.009765625, 30.76171875], [24.921875, 30.48828125], [24.77539062499997, 30.33203125], [24.697265625, 30.17578125], [24.755859375, 30.087890625], [24.814453125, 29.912109375], [24.8046875, 29.8046875], [24.892578125, 29.62890625], [24.853515625, 29.541015625], [24.990234375, 29.2578125], [24.993489583333332, 22.01171875], [24.990234375, 20.01953125], [24.013671875, 20.009765625], [23.987630208333332, 19.521484375], [18.984375, 22.01171875], [11.497395833333323, 22.01171875]]]]}}, {"type": "Feature", "properties": {"FID": 152, "FIR_NAME": "PARAMARIBO", "ICAO_CODE": "SMPM", "TYPE": "FIR", "COUNTRY": "Suriname"}, "geometry": {"type": "MultiPolygon", "coordinates": [[[[-57.4169921875, 3.37890625], [-57.451171875, 3.33984375], [-57.666015625, 3.37890625], [-57.65625, 3.515625], [-57.763671875, 3.6328125], [-57.841796875, 3.671875], [-57.880859375000014, 3.818359375], [-58.056640625000014, 4.013671875], [-58.076171875, 4.169921875], [-57.958984374999986, 4.296875], [-57.96875, 4.39453125], [-57.8515625, 4.62890625], [-57.8515625, 4.697265625], [-57.9296875, 4.794921875], [-57.861328125, 4.921875], [-57.7734375, 4.931640625], [-57.695312499999986, 5.01953125], [-57.412109375, 5.0], [-57.32421875, 5.0439453125], [-57.32421875, 5.09765625], [-57.275390625, 5.185546875], [-57.236328125, 5.146484375], [-57.197265625, 5.17578125], [-57.20703125, 5.224609375], [-57.28027343750001, 5.263671875], [-57.333984375, 5.341796875], [-57.275390625, 5.390625], [-57.265625, 5.46875], [-57.158203125, 5.654296875], [-57.1875, 5.771484375], [-57.1484375, 5.849609375], [-57.001953125000014, 5.986328125], [-57.01171875, 8.922526041666666], [-54.00390625, 9.332682291666666], [-54.013671875000014, 5.546875], [-54.140625, 5.380859375], [-54.306640625, 5.244140625], [-54.462890625, 5.01953125], [-54.453125, 4.951171875], [-54.4921875, 4.892578125], [-54.482421875, 4.74609375], [-54.443359374999986, 4.716796875], [-54.423828125, 4.609375], [-54.462890625, 4.51171875], [-54.404296875, 4.31640625], [-54.4140625, 4.19921875], [-54.345703125, 4.150390625], [-54.365234375000014, 4.04296875], [-54.19921875, 3.818359375], [-54.111328125, 3.76953125], [-54.0625, 3.65234375], [-53.994140625, 3.59375], [-54.0234375, 3.544921875], [-54.0234375, 3.41796875], [-54.208984375, 3.1640625], [-54.169921875, 2.96875], [-54.19921875, 2.79296875], [-54.267578124999986, 2.724609375], [-54.423828125, 2.44140625], [-54.482421875, 2.431640625], [-54.53125, 2.34375], [-54.576822916666664, 2.327473958333333], [-54.6875, 2.32421875], [-54.716796875000014, 2.3828125], [-54.697265625, 2.451171875], [-54.736328125, 2.48046875], [-54.86328125, 2.44140625], [-54.980468750000014, 2.568359375], [-54.9609375, 2.6171875], [-55.09765625, 2.5390625], [-55.166015625, 2.578125], [-55.234375, 2.509765625], [-55.3125, 2.529296875], [-55.37109375, 2.44140625], [-55.615234375, 2.44140625], [-55.703125, 2.40234375], [-55.9765625, 2.5390625], [-55.99609375, 2.412109375], [-56.044921875, 2.353515625], [-56.09375, 2.36328125], [-56.142578125, 2.265625], [-56.07421875, 2.255859375], [-56.044921875, 2.1875], [-55.908203125, 2.05078125], [-55.908203125, 1.904296875], [-55.9765625, 1.845703125], [-56.064453125, 1.845703125], [-56.34765625, 1.943359375], [-56.481119791666664, 1.956380208333333], [-56.5625, 2.03125], [-56.708984375, 2.05078125], [-56.816406249999986, 2.197265625], [-56.806640625, 2.24609375], [-56.884765625, 2.3046875], [-56.875, 2.353515625], [-56.93359375, 2.392578125], [-56.923828125, 2.431640625], [-57.099609375, 2.744140625], [-57.20703125, 2.83203125], [-57.2021484375, 2.919921875], [-57.216796875, 3.056640625], [-57.294921875, 3.18359375], [-57.28515625, 3.330078125], [-57.314453125, 3.37890625], [-57.4169921875, 3.37890625]]]]}}, {"type": "Feature", "properties": {"FID": 153, "FIR_NAME": "GEORGETOWN", "ICAO_CODE": "SYGC", "TYPE": "FIR", "COUNTRY": "Guyana"}, "geometry": {"type": "MultiPolygon", "coordinates": [[[[-57.32421875, 5.0439453125], [-57.412109375, 5.0], [-57.695312499999986, 5.01953125], [-57.7734375, 4.931640625], [-57.861328125, 4.921875], [-57.9296875, 4.794921875], [-57.8515625, 4.697265625], [-57.8515625, 4.62890625], [-57.96875, 4.39453125], [-57.958984374999986, 4.296875], [-58.076171875, 4.169921875], [-58.056640625000014, 4.013671875], [-57.880859375000014, 3.818359375], [-57.841796875, 3.671875], [-57.763671875, 3.6328125], [-57.65625, 3.515625], [-57.666015625, 3.37890625], [-57.451171875, 3.33984375], [-57.4169921875, 3.37890625], [-57.314453125, 3.37890625], [-57.28515625, 3.330078125], [-57.294921875, 3.18359375], [-57.216796875, 3.056640625], [-57.2021484375, 2.919921875], [-57.20703125, 2.83203125], [-57.099609375, 2.744140625], [-56.923828125, 2.431640625], [-56.93359375, 2.392578125], [-56.875, 2.353515625], [-56.884765625, 2.3046875], [-56.806640625, 2.24609375], [-56.816406249999986, 2.197265625], [-56.708984375, 2.05078125], [-56.5625, 2.03125], [-56.481119791666664, 1.956380208333333], [-56.552734374999986, 1.9140625], [-56.640625, 1.943359375], [-56.826171875000014, 1.884765625], [-56.914062500000014, 1.93359375], [-57.03125, 1.93359375], [-57.099609375, 2.03125], [-57.236328125, 1.953125], [-57.294921875, 1.9921875], [-57.333984375, 1.982421875], [-57.431640624999986, 1.9140625], [-57.4365234375, 1.865234375], [-57.55859375, 1.708984375], [-57.75390625, 1.728515625], [-57.919921875, 1.650390625], [-57.978515625, 1.66015625], [-58.017578125, 1.5234375], [-58.134765624999986, 1.5234375], [-58.193359375, 1.58203125], [-58.2421875, 1.5625], [-58.320312500000014, 1.6015625], [-58.388671875, 1.533203125], [-58.388671875, 1.484375], [-58.505859375, 1.455078125], [-58.4765625, 1.328125], [-58.515625, 1.279296875], [-58.701171875, 1.2890625], [-58.80859375, 1.19140625], [-58.8671875, 1.201171875], [-58.90625, 1.279296875], [-58.974609375, 1.328125], [-59.23828125, 1.38671875], [-59.326171875, 1.5234375], [-59.365234374999986, 1.5234375], [-59.541015624999986, 1.728515625], [-59.638671875000014, 1.728515625], [-59.66796875, 1.7578125], [-59.638671875000014, 1.845703125], [-59.755859375, 1.875], [-59.736328125, 2.28515625], [-59.902343750000014, 2.373046875], [-59.902343750000014, 2.470703125], [-59.990234375000014, 2.685546875], [-59.990234375000014, 2.880859375], [-59.951171875, 3.095703125], [-59.814453125000014, 3.369140625], [-59.82421875, 3.515625], [-59.86328125, 3.59375], [-59.677734375, 3.7109375], [-59.677734375, 3.759765625], [-59.58984375, 3.80859375], [-59.599609375, 3.8671875], [-59.521484375, 3.9453125], [-59.58984375, 3.984375], [-59.6533203125, 4.1015625], [-59.638671875000014, 4.140625], [-59.736328125, 4.208984375], [-59.736328125, 4.296875], [-59.697265625, 4.384765625], [-59.804687499999986, 4.47265625], [-59.931640625, 4.51171875], [-60.05859375, 4.501953125], [-60.0927734375, 4.5263671875], [-60.146484375, 4.521484375], [-60.15625, 4.580078125], [-60.087890625, 4.619140625], [-60.029296875, 4.70703125], [-59.980468749999986, 5.087890625], [-60.087890625, 5.17578125], [-60.126953125, 5.25390625], [-60.17578125, 5.244140625], [-60.205078125, 5.283203125], [-60.3125, 5.205078125], [-60.400390625, 5.224609375], [-60.439453125, 5.185546875], [-60.686848958333336, 5.211588541666667], [-60.80078125, 5.2734375], [-61.396484375000014, 5.947265625], [-61.337890625, 5.986328125], [-61.25, 6.123046875], [-61.11328125, 6.201171875], [-61.103515625, 6.26953125], [-61.162109375, 6.337890625], [-61.132812500000014, 6.4453125], [-61.210937499999986, 6.572265625], [-61.181640625, 6.669921875], [-61.11328125, 6.728515625], [-60.947265624999986, 6.728515625], [-60.908203125, 6.81640625], [-60.712890625, 6.767578125], [-60.64453125, 6.845703125], [-60.546875, 6.865234375], [-60.419921874999986, 6.953125], [-60.380859375, 6.943359375], [-60.29296875, 7.0703125], [-60.29296875, 7.12890625], [-60.37109375, 7.1875], [-60.478515625, 7.197265625], [-60.546875, 7.138671875], [-60.634765625, 7.216796875], [-60.64453125, 7.255859375], [-60.595703124999986, 7.34375], [-60.703125, 7.470703125], [-60.72265625, 7.548828125], [-60.6640625, 7.568359375], [-60.595703124999986, 7.646484375], [-60.576171875, 7.75390625], [-60.52734375, 7.822265625], [-60.361328125, 7.841796875], [-60.224609375, 7.978515625], [-60.107421875, 8.046875], [-60.029296875, 8.046875], [-59.970703125, 8.193359375], [-59.82421875, 8.251953125], [-59.814453125000014, 8.310546875], [-60.244140624999986, 8.90625], [-59.98046875, 8.929036458333334], [-57.01171875, 8.922526041666666], [-57.001953125000014, 5.986328125], [-57.1484375, 5.849609375], [-57.1875, 5.771484375], [-57.158203125, 5.654296875], [-57.265625, 5.46875], [-57.275390625, 5.390625], [-57.333984375, 5.341796875], [-57.28027343750001, 5.263671875], [-57.20703125, 5.224609375], [-57.197265625, 5.17578125], [-57.236328125, 5.146484375], [-57.275390625, 5.185546875], [-57.32421875, 5.09765625], [-57.32421875, 5.0439453125]]]]}}, {"type": "Feature", "properties": {"FID": 154, "FIR_NAME": "MAZATLAN OCEANIC", "ICAO_CODE": "MMZT", "TYPE": "FIR", "COUNTRY": "Mexico"}, "geometry": {"type": "MultiPolygon", "coordinates": [[[[-104.4921875, 10.0], [-120.00651041666667, 5.009765625], [-120.00651041666667, 29.990234375], [-117.490234375, 27.9296875], [-112.880859375, 23.779296875], [-110.654296875, 21.435546875], [-108.583984375, 19.140625], [-104.990234375, 14.990234375], [-100.01953125, 11.513671875], [-104.4921875, 10.0]]]]}}, {"type": "Feature", "properties": {"FID": 155, "FIR_NAME": "BARCELONA", "ICAO_CODE": "LECB", "TYPE": "FIR", "COUNTRY": "Spain"}, "geometry": {"type": "MultiPolygon", "coordinates": [[[[-0.074869791666667, 42.705078125], [0.0, 42.6953125], [0.17578125, 42.744140625], [0.253906249999972, 42.724609375], [0.283203125, 42.685546875], [0.3515625, 42.724609375], [0.41015625, 42.6953125], [0.64453125, 42.6953125], [0.673828125, 42.71484375], [0.6640625, 42.841796875], [0.732421875, 42.861328125], [0.908203125, 42.802734375], [1.07421875, 42.79296875], [1.152343750000028, 42.724609375], [1.337890625, 42.724609375], [1.40625, 42.666015625], [1.435546875, 42.5537109375], [1.4453125, 42.4609375], [1.494140625, 42.44140625], [1.71875, 42.509765625], [1.93359375, 42.451171875], [2.001953125, 42.36328125], [2.0703125, 42.36328125], [2.1484375, 42.431640625], [2.275390624999972, 42.44140625], [2.421875, 42.40234375], [2.5, 42.34375], [2.685546875, 42.40234375], [3.037109375, 42.48046875], [3.076171875, 42.44140625], [3.193359375, 42.44140625], [4.658203125, 42.001953125], [4.661458333333343, 39.007161458333336], [3.7109375, 38.3203125], [-1.50390625, 36.259765625], [-2.10205078125, 35.85205078125], [-1.103515625, 39.755859375], [-0.074869791666667, 42.705078125]]]]}}, {"type": "Feature", "properties": {"FID": 156, "FIR_NAME": "BORDEAUX", "ICAO_CODE": "LFBB", "TYPE": "FIR", "COUNTRY": "France"}, "geometry": {"type": "MultiPolygon", "coordinates": [[[[1.435546875, 42.5537109375], [1.40625, 42.666015625], [1.337890625, 42.724609375], [1.152343750000028, 42.724609375], [1.07421875, 42.79296875], [0.908203125, 42.802734375], [0.732421875, 42.861328125], [0.6640625, 42.841796875], [0.673828125, 42.71484375], [0.64453125, 42.6953125], [0.41015625, 42.6953125], [0.3515625, 42.724609375], [0.283203125, 42.685546875], [0.253906249999972, 42.724609375], [0.17578125, 42.744140625], [0.0, 42.6953125], [-0.074869791666667, 42.705078125], [-0.166015625, 42.79296875], [-0.3125, 42.8515625], [-0.380859375, 42.8125], [-0.44921875, 42.802734375], [-0.498046875, 42.83203125], [-0.56640625, 42.79296875], [-0.634765625, 42.861328125], [-0.72265625, 42.890625], [-0.76171875, 42.978515625], [-0.9765625, 42.96875], [-1.025390625, 43.0078125], [-1.26953125, 43.056640625], [-1.30859375, 43.125], [-1.357421875, 43.046875], [-1.4453125, 43.056640625], [-1.474609375, 43.095703125], [-1.416015625, 43.14453125], [-1.38671875, 43.251953125], [-1.533203125, 43.30078125], [-1.62109375, 43.26171875], [-1.650390625, 43.3203125], [-1.73828125, 43.310546875], [-1.787109375, 43.359375], [-1.790364583333333, 43.59375], [-1.640625, 46.494140625], [-0.2734375, 46.50390625], [-0.250651041666667, 47.171223958333336], [1.9921875, 47.177734375], [2.8125, 46.767578125], [2.913411458333352, 46.344401041666664], [2.998046875000028, 45.732421875], [3.02734375, 44.58984375], [2.6953125, 43.701171875], [2.705078125, 43.232421875], [2.548828125, 43.251953125], [2.265625, 43.0078125], [2.724609375, 42.59765625], [2.685546875, 42.40234375], [2.5, 42.34375], [2.421875, 42.40234375], [2.275390624999972, 42.44140625], [2.1484375, 42.431640625], [2.0703125, 42.36328125], [2.001953125, 42.36328125], [1.93359375, 42.451171875], [1.71875, 42.509765625], [1.494140625, 42.44140625], [1.4453125, 42.4609375], [1.435546875, 42.5537109375]]]]}}, {"type": "Feature", "properties": {"FID": 157, "FIR_NAME": "BUCURESTI", "ICAO_CODE": "LRBB", "TYPE": "FIR", "COUNTRY": "Romania"}, "geometry": {"type": "MultiPolygon", "coordinates": [[[[22.880859375, 47.965494791666664], [22.919921875, 47.96875], [22.939453125, 48.017578125], [23.03710937500003, 47.998046875], [23.10546874999997, 48.046875], [23.125, 48.10546875], [23.18359375, 48.115234375], [23.36914062499997, 48.0078125], [23.779296875, 47.98828125], [23.84765625, 47.939453125], [24.013671875, 47.96875], [24.111328125, 47.919921875], [24.24804687499997, 47.91015625], [24.42382812499997, 47.96875], [24.5703125, 47.958984375], [24.6875, 47.8515625], [24.8046875, 47.822265625], [24.892578125, 47.724609375], [24.95117187499997, 47.724609375], [25.1171875, 47.763671875], [25.224609375, 47.890625], [25.341796875, 47.9296875], [25.78125, 47.939453125], [25.83007812499997, 47.96875], [26.15234375, 47.98828125], [26.26953124999997, 48.0859375], [26.318359375, 48.193359375], [26.53320312499997, 48.212890625], [26.630859375, 48.26171875], [26.787109375, 48.26171875], [26.982421875, 48.154296875], [27.158203125, 47.978515625], [27.158203125, 47.919921875], [27.197265625, 47.900390625], [27.2265625, 47.802734375], [27.28515625, 47.744140625], [27.28515625, 47.67578125], [27.421875, 47.578125], [27.470703125, 47.490234375], [27.568359375, 47.4609375], [27.568359375, 47.3828125], [27.744140625, 47.255859375], [27.802734375, 47.138671875], [28.076171875, 46.982421875], [28.11523437499997, 46.8359375], [28.232421875, 46.650390625], [28.203125, 46.50390625], [28.2421875, 46.46484375], [28.217773437500014, 46.396484375], [28.193359375, 46.30859375], [28.10546875, 46.23046875], [28.13476562500003, 46.171875], [28.076171875, 46.015625], [28.1640625, 45.6640625], [28.14453125, 45.625], [28.16015625, 45.521484375], [28.349609375, 45.3125], [28.681640625, 45.224609375], [28.76953125, 45.234375], [28.7890625, 45.33203125], [28.935546875, 45.283203125], [28.974609375, 45.33203125], [29.208984375, 45.4296875], [29.31640625, 45.44921875], [29.5703125, 45.400390625], [29.6484375, 45.341796875], [29.677734375, 45.21484375], [29.951171875, 45.15625], [30.091145833333332, 44.908854166666664], [30.40039062499997, 44.248046875], [30.524088541666668, 43.69140625], [29.033203125, 43.740234375], [28.974609375, 43.671875], [28.57421875000003, 43.759765625], [28.2421875, 43.76953125], [28.0078125, 43.84765625], [27.9296875, 44.00390625], [27.724609375, 43.96484375], [27.65625, 44.04296875], [27.40234375, 44.0234375], [27.265625, 44.130859375], [27.119140625, 44.150390625], [26.88476562499997, 44.140625], [26.77734375, 44.091796875], [26.30859375, 44.04296875], [26.142578125, 43.994140625], [25.771484375, 43.7109375], [25.56640624999997, 43.65234375], [25.341796875, 43.6328125], [25.244140625, 43.69140625], [25.078125, 43.69140625], [24.97070312500003, 43.740234375], [24.697265625, 43.720703125], [24.560546875, 43.76953125], [24.35546875000003, 43.701171875], [24.150390625, 43.69140625], [23.73046875, 43.818359375], [23.61328125, 43.798828125], [23.408203125, 43.8671875], [23.0859375, 43.80859375], [22.890625, 43.837890625], [22.83203125, 43.88671875], [22.87109375, 43.984375], [22.998046875, 44.0234375], [23.03710937500003, 44.08203125], [22.91015625, 44.111328125], [22.672526041666657, 44.231770833333336], [22.66601562499997, 44.296875], [22.568359375, 44.306640625], [22.51953125, 44.35546875], [22.451171875, 44.482421875], [22.5390625, 44.4921875], [22.587890625, 44.560546875], [22.744140625, 44.541015625], [22.705078125, 44.609375], [22.59765625000003, 44.62890625], [22.44140625, 44.7265625], [22.32421875, 44.677734375], [22.177734375, 44.4921875], [22.109375, 44.4921875], [21.97265625, 44.6484375], [21.63085937500003, 44.66796875], [21.572265625, 44.775390625], [21.396484375, 44.78515625], [21.357421875, 44.833984375], [21.36718750000003, 44.873046875], [21.552734375, 44.90234375], [21.52343749999997, 44.951171875], [21.416015625, 44.970703125], [21.38671875, 45.009765625], [21.50390625, 45.13671875], [21.46484375, 45.1953125], [21.25976562499997, 45.234375], [21.162109375, 45.3125], [21.03515625, 45.322265625], [20.791015625, 45.48828125], [20.810546875, 45.556640625], [20.76171875, 45.625], [20.791015625, 45.6640625], [20.791015625, 45.76171875], [20.712890625, 45.751953125], [20.57617187500003, 45.908203125], [20.38085937499997, 45.9765625], [20.250651041666668, 46.129557291666664], [20.3515625, 46.171875], [20.46875, 46.15234375], [20.48828125000003, 46.181640625], [20.64453124999997, 46.142578125], [20.703125, 46.162109375], [20.80078125, 46.279296875], [21.07421875, 46.25], [21.11328125, 46.298828125], [21.15234375, 46.2890625], [21.2109375, 46.416015625], [21.2890625, 46.42578125], [21.25, 46.494140625], [21.30859375, 46.6015625], [21.416015625, 46.640625], [21.52343749999997, 46.728515625], [21.484375, 46.767578125], [21.52343749999997, 46.8359375], [21.6015625, 46.865234375], [21.6015625, 46.923828125], [21.6796875, 47.001953125], [21.66015625, 47.041015625], [21.845703125, 47.197265625], [21.865234375, 47.3046875], [22.01171875, 47.40234375], [22.001953125, 47.509765625], [22.03125, 47.5390625], [22.16796875, 47.59765625], [22.28515625, 47.744140625], [22.40234374999997, 47.744140625], [22.451171875, 47.802734375], [22.5390625, 47.7734375], [22.65625, 47.783203125], [22.763671875, 47.841796875], [22.79296875, 47.900390625], [22.880859375, 47.965494791666664]]]]}}, {"type": "Feature", "properties": {"FID": 158, "FIR_NAME": "NAIROBI", "ICAO_CODE": "HKNA", "TYPE": "FIR", "COUNTRY": "Kenya"}, "geometry": {"type": "MultiPolygon", "coordinates": [[[[43.990885416666664, -4.6875], [43.990885416666664, -8.4765625], [40.00651041666668, -4.700520833333329], [43.990885416666664, -4.6875]]]]}}, {"type": "Feature", "properties": {"FID": 159, "FIR_NAME": "KHARTOUM", "ICAO_CODE": "HSSS", "TYPE": "FIR", "COUNTRY": "Sudan"}, "geometry": {"type": "MultiPolygon", "coordinates": [[[[27.428385416666675, 5.071614583333333], [27.294921875, 5.234375], [27.24609375, 5.341796875], [27.2265625, 5.439453125], [27.275390625, 5.5859375], [27.2265625, 5.60546875], [27.197265625, 5.712890625], [27.099609375, 5.80078125], [27.05078125, 5.791015625], [26.99218750000003, 5.869140625], [26.93359375, 5.859375], [26.90429687500003, 5.8984375], [26.845703125, 5.8984375], [26.806640625, 5.986328125], [26.5625, 6.03515625], [26.50390625, 6.11328125], [26.435546875, 6.09375], [26.5234375, 6.2109375], [26.298828125, 6.396484375], [26.298828125, 6.494140625], [26.396484375, 6.650390625], [26.26953124999997, 6.708984375], [26.162109375, 6.826171875], [26.09375, 6.85546875], [26.03515625, 7.01171875], [25.927734375, 7.041015625], [25.80078125, 7.158203125], [25.60546875, 7.216796875], [25.37109375, 7.34375], [25.32226562500003, 7.431640625], [25.1953125, 7.51953125], [25.17578125, 7.578125], [25.29296875, 7.666015625], [25.25390625, 7.8515625], [25.17578125, 7.91015625], [25.078125, 7.900390625], [24.9609375, 8.001302083333334], [24.94140625, 8.0859375], [24.79492187500003, 8.203125], [24.62890625, 8.232421875], [24.53125, 8.212890625], [24.453125, 8.28125], [24.33593749999997, 8.26171875], [24.17968750000003, 8.310546875], [24.140625, 8.369140625], [24.150390625, 8.4765625], [24.2578125, 8.583984375], [24.228515625, 8.623046875], [24.23828125, 8.701171875], [24.07226562499997, 8.69140625], [23.828125, 8.73046875], [23.72070312499997, 8.7109375], [23.61328125, 8.75], [23.5546875, 8.7109375], [23.505859375, 8.73046875], [23.49609375, 8.798828125], [23.57421875, 8.90625], [23.57421875, 8.994140625], [23.49609375, 8.96484375], [23.447265625, 9.00390625], [23.447265625, 9.04296875], [23.47656250000003, 9.16015625], [23.5546875, 9.189453125], [23.642578125, 9.287109375], [23.65234375000003, 9.443359375], [23.623046875, 9.462890625], [23.623046875, 9.560546875], [23.69140625, 9.677734375], [23.662109375, 9.873046875], [23.3203125, 10.439453125], [22.998046875, 10.712890625], [22.87109375, 10.908203125], [22.96875, 11.201171875], [22.96875, 11.2890625], [22.91015625, 11.42578125], [22.79296875, 11.416015625], [22.77343750000003, 11.46484375], [22.65625, 11.50390625], [22.548828125, 11.640625], [22.551269531249993, 12.0654296875], [22.5, 12.1875], [22.431640625, 12.40234375], [22.3828125, 12.4609375], [22.451171875, 12.626953125], [22.22656249999997, 12.744140625], [22.13867187499997, 12.65625], [21.953125, 12.646484375], [21.884765625, 12.6953125], [21.826171875, 12.8125], [21.904296875, 12.998046875], [22.001953125, 13.134765625], [22.13867187499997, 13.18359375], [22.275390625, 13.330078125], [22.28515625, 13.3984375], [22.236328125, 13.447265625], [22.22656249999997, 13.5546875], [22.13867187499997, 13.65234375], [22.08984375, 13.798828125], [22.22656249999997, 13.974609375], [22.55859375, 14.150390625], [22.5390625, 14.23828125], [22.431640625, 14.27734375], [22.4609375, 14.345703125], [22.44140625, 14.482421875], [22.373046875, 14.55078125], [22.470703125, 14.638671875], [22.6953125, 14.70703125], [22.66601562499997, 14.86328125], [22.734375, 14.912109375], [22.744140625, 14.98046875], [22.84179687499997, 15.087890625], [22.939453125, 15.13671875], [22.978515625, 15.21484375], [22.98828125, 15.41015625], [22.91015625, 15.5078125], [22.919921875, 15.556640625], [23.115234375, 15.72265625], [23.359375, 15.68359375], [23.65234375000003, 15.771484375], [23.955078125, 15.703125], [23.994140625, 15.72265625], [23.987630208333332, 19.521484375], [24.013671875, 20.009765625], [24.990234375, 20.01953125], [24.993489583333332, 22.01171875], [37.98502604166668, 22.005208333333332], [38.49283854166666, 19.990234375], [36.448567708333336, 14.241536458333334], [35.9765625, 12.96875], [32.998046875, 8.017578125], [35.986328125, 4.007161458333333], [34.111328125, 3.997395833333333], [30.745442708333325, 4.000651041666667], [30.1953125, 4.013671875], [30.13671874999997, 4.111328125], [30.06835937500003, 4.130859375], [30.0, 4.228515625], [29.94140625, 4.2578125], [29.951171875, 4.306640625], [29.912109375, 4.345703125], [29.78515624999997, 4.384765625], [29.794921875, 4.5703125], [29.62890625000003, 4.658203125], [29.4921875, 4.6875], [29.453125, 4.658203125], [29.423828125, 4.53125], [29.34570312499997, 4.462890625], [29.326171875, 4.404296875], [29.25781249999997, 4.39453125], [29.21875, 4.345703125], [29.00390625, 4.501953125], [28.80859375, 4.4921875], [28.759765625, 4.560546875], [28.681640625, 4.51171875], [28.6328125, 4.423828125], [28.505859375, 4.384765625], [28.4375, 4.296875], [28.369140625, 4.287109375], [28.3203125, 4.365234375], [28.193359375, 4.35546875], [28.11523437499997, 4.453125], [28.06640625, 4.43359375], [28.02734374999997, 4.47265625], [28.017578125, 4.5703125], [27.861328125, 4.560546875], [27.79296875, 4.609375], [27.76367187499997, 4.66796875], [27.7734375, 4.775390625], [27.69531250000003, 4.8046875], [27.65625, 4.90234375], [27.5390625, 4.921875], [27.428385416666675, 5.071614583333333]]]]}}, {"type": "Feature", "properties": {"FID": 160, "FIR_NAME": "PHNOM PENH", "ICAO_CODE": "VDPP", "TYPE": "FIR", "COUNTRY": "Cambodia"}, "geometry": {"type": "MultiPolygon", "coordinates": [[[[105.3466796875, 10.8544921875], [105.087890625, 10.95703125], [105.029296875, 10.8984375], [105.087890625, 10.751953125], [105.068359375, 10.703125], [104.951171875, 10.64453125], [104.86328125, 10.52734375], [104.58984375, 10.537109375], [104.501953125, 10.4296875], [104.43359375, 10.4296875], [104.27734375, 10.517578125], [103.896484375, 10.654296875], [102.54231770833333, 8.854166666666666], [102.24609375, 10.009765625], [102.919921875, 11.640625], [102.91015625, 11.7578125], [102.841796875, 11.8359375], [102.7734375, 12.060546875], [102.71484375, 12.1484375], [102.734375, 12.373046875], [102.783203125, 12.451171875], [102.744140625, 12.4609375], [102.626953125, 12.607421875], [102.5, 12.685546875], [102.529296875, 12.79296875], [102.490234375, 12.919921875], [102.5, 13.0078125], [102.392578125, 13.154296875], [102.34375, 13.28125], [102.333984375, 13.5546875], [102.5390625, 13.57421875], [102.59765625, 13.6181640625], [102.548828125, 13.671875], [102.724609375, 13.779296875], [102.79296875, 13.955078125], [102.890625, 14.0234375], [102.9296875, 14.189453125], [103.173828125, 14.3359375], [103.4765625, 14.384765625], [103.564453125, 14.43359375], [103.623046875, 14.4140625], [103.65234375, 14.453125], [103.701171875, 14.39453125], [103.84765625, 14.384765625], [103.92578125, 14.345703125], [103.9453125, 14.375], [104.033203125, 14.35546875], [104.2578125, 14.4140625], [104.453125, 14.365234375], [104.5703125, 14.375], [104.62890625, 14.43359375], [104.6875, 14.4140625], [104.70703125, 14.443359375], [104.755859375, 14.423828125], [104.8046875, 14.453125], [104.98046875, 14.39453125], [105.029296875, 14.248046875], [105.107421875, 14.228515625], [105.205078125, 14.352213541666666], [105.205078125, 14.287109375], [105.37109375, 14.111328125], [105.46875, 14.12109375], [105.556640625, 14.169921875], [105.771484375, 14.091796875], [105.791015625, 14.033203125], [105.908203125, 13.935546875], [106.083984375, 13.92578125], [106.103515625, 14.00390625], [106.171875, 14.072265625], [106.103515625, 14.189453125], [106.025390625, 14.248046875], [106.025390625, 14.306640625], [105.986328125, 14.3359375], [106.005859375, 14.375], [106.19140625, 14.375], [106.259765625, 14.4921875], [106.318359375, 14.453125], [106.40625, 14.462890625], [106.42578125, 14.521484375], [106.513671875, 14.599609375], [106.630859375, 14.47265625], [106.728515625, 14.443359375], [106.8359375, 14.31640625], [106.89453125, 14.345703125], [106.962890625, 14.3359375], [107.05078125, 14.4287109375], [107.119140625, 14.4140625], [107.20703125, 14.51171875], [107.236328125, 14.501953125], [107.294921875, 14.609375], [107.431640625, 14.55078125], [107.4609375, 14.638671875], [107.53580729166667, 14.710286458333334], [107.5, 14.482421875], [107.4609375, 14.43359375], [107.421875, 14.443359375], [107.36328125, 14.345703125], [107.3828125, 14.248046875], [107.333984375, 14.12109375], [107.36328125, 14.0234375], [107.451171875, 13.994140625], [107.4609375, 13.7890625], [107.626953125, 13.544921875], [107.626953125, 13.369140625], [107.48046875, 13.037109375], [107.5, 12.890625], [107.55859375, 12.822265625], [107.587890625, 12.6171875], [107.548828125, 12.373046875], [107.4609375, 12.314453125], [107.44140625, 12.265625], [107.353515625, 12.333984375], [107.20703125, 12.3046875], [106.962890625, 12.080078125], [106.787109375, 12.080078125], [106.708984375, 11.97265625], [106.6552734375, 11.982421875], [106.416015625, 11.97265625], [106.455078125, 11.89453125], [106.416015625, 11.77734375], [106.4453125, 11.6796875], [106.298828125, 11.689453125], [106.240234375, 11.73828125], [106.044921875, 11.787109375], [105.95703125, 11.650390625], [105.87890625, 11.6796875], [105.83984375, 11.66015625], [105.810546875, 11.6015625], [105.87890625, 11.54296875], [105.8984375, 11.4453125], [105.869140625, 11.30859375], [105.927734375, 11.220703125], [106.005859375, 11.19140625], [106.1083984375, 11.083984375], [106.142578125, 11.103515625], [106.19140625, 11.0546875], [106.201171875, 10.986328125], [106.142578125, 10.966796875], [106.1767578125, 10.8056640625], [106.07421875, 10.810546875], [105.966796875, 10.888671875], [105.91796875, 10.83984375], [105.87890625, 10.849609375], [105.771484375, 11.025390625], [105.498046875, 10.947265625], [105.419921875, 10.966796875], [105.3466796875, 10.8544921875]]]]}}, {"type": "Feature", "properties": {"FID": 161, "FIR_NAME": "ROBERTS", "ICAO_CODE": "GLRB", "TYPE": "FIR", "COUNTRY": null}, "geometry": {"type": "MultiPolygon", "coordinates": [[[[-11.416015625, 12.40234375], [-11.435546875, 12.28515625], [-11.494140625, 12.2265625], [-11.494140625, 12.16796875], [-11.38671875, 12.119140625], [-11.328125, 12.03125], [-11.259765625, 12.001953125], [-11.19140625, 12.021484375], [-11.1181640625, 12.1044921875], [-11.064453125, 12.1484375], [-11.044921875, 12.216796875], [-10.947265625, 12.236328125], [-10.791015625, 12.099609375], [-10.80078125, 12.041015625], [-10.7421875, 11.93359375], [-10.654296875, 11.904296875], [-10.625, 11.97265625], [-10.517578125, 12.060546875], [-10.498046875, 12.12890625], [-10.4296875, 12.138671875], [-10.3369140625, 12.2119140625], [-10.107421875, 12.1875], [-9.873046875, 12.060546875], [-9.716796875, 12.03125], [-9.658203125, 12.158203125], [-9.443359375, 12.265625], [-9.3359375, 12.265625], [-9.3310546875, 12.400716145833334], [-9.169921875, 11.982421875], [-9.00390625, 11.71875], [-8.80859375, 11.5234375], [-8.59375, 11.376953125], [-8.359375, 11.279296875], [-8.0078125, 11.2109375], [-8.0078125, 10.13671875], [-8.427734375, 7.509765625], [-7.4609375, 6.26953125], [-7.347005208333333, 0.01953125], [-16.917317708333332, 9.010416666666666], [-15.0, 10.9765625], [-14.86328125, 11.19140625], [-14.833984375, 11.318359375], [-14.697265625, 11.513671875], [-14.521484375, 11.513671875], [-14.3359375, 11.611328125], [-14.287109375, 11.6796875], [-13.974609375, 11.650390625], [-13.8427734375, 11.7236328125], [-13.76953125, 11.689453125], [-13.7109375, 11.728515625], [-13.7109375, 12.01171875], [-13.798828125, 12.05078125], [-13.90625, 12.158203125], [-13.974609375, 12.16796875], [-13.935546875, 12.236328125], [-13.8232421875, 12.275390625], [-13.720703125, 12.265625], [-13.671875, 12.333984375], [-13.681640625, 12.412109375], [-13.65234375, 12.48046875], [-13.720703125, 12.626953125], [-13.701171875, 12.685546875], [-13.06640625, 12.646484375], [-13.056640625, 12.490234375], [-12.96875, 12.48046875], [-12.9296875, 12.548828125], [-12.8564453125, 12.5048828125], [-12.763671875, 12.44140625], [-12.646484375, 12.451171875], [-12.587890625, 12.373046875], [-12.509765625, 12.40234375], [-12.412109375, 12.3828125], [-12.353515625, 12.314453125], [-12.1875, 12.353515625], [-12.080078125, 12.421875], [-11.962890625, 12.40234375], [-11.9140625, 12.431640625], [-11.77734375, 12.3828125], [-11.5625, 12.44140625], [-11.4453125, 12.44140625], [-11.416015625, 12.40234375]]]]}}, {"type": "Feature", "properties": {"FID": 162, "FIR_NAME": "DAKAR", "ICAO_CODE": "GOOO", "TYPE": "FIR", "COUNTRY": null}, "geometry": {"type": "MultiPolygon", "coordinates": [[[[-11.1181640625, 12.1044921875], [-11.19140625, 12.021484375], [-11.259765625, 12.001953125], [-11.328125, 12.03125], [-11.38671875, 12.119140625], [-11.494140625, 12.16796875], [-11.494140625, 12.2265625], [-11.435546875, 12.28515625], [-11.416015625, 12.40234375], [-11.4453125, 12.44140625], [-11.5625, 12.44140625], [-11.77734375, 12.3828125], [-11.9140625, 12.431640625], [-11.962890625, 12.40234375], [-12.080078125, 12.421875], [-12.1875, 12.353515625], [-12.353515625, 12.314453125], [-12.412109375, 12.3828125], [-12.509765625, 12.40234375], [-12.587890625, 12.373046875], [-12.646484375, 12.451171875], [-12.763671875, 12.44140625], [-12.8564453125, 12.5048828125], [-12.9296875, 12.548828125], [-12.96875, 12.48046875], [-13.056640625, 12.490234375], [-13.06640625, 12.646484375], [-13.701171875, 12.685546875], [-13.720703125, 12.626953125], [-13.65234375, 12.48046875], [-13.681640625, 12.412109375], [-13.671875, 12.333984375], [-13.720703125, 12.265625], [-13.8232421875, 12.275390625], [-13.935546875, 12.236328125], [-13.974609375, 12.16796875], [-13.90625, 12.158203125], [-13.798828125, 12.05078125], [-13.7109375, 12.01171875], [-13.7109375, 11.728515625], [-13.76953125, 11.689453125], [-13.8427734375, 11.7236328125], [-13.974609375, 11.650390625], [-14.287109375, 11.6796875], [-14.3359375, 11.611328125], [-14.521484375, 11.513671875], [-14.697265625, 11.513671875], [-14.833984375, 11.318359375], [-14.86328125, 11.19140625], [-15.0, 10.9765625], [-16.917317708333332, 9.010416666666666], [-21.370442708333332, 12.978515625], [-20.009765625, 15.0], [-20.0, 19.98046875], [-18.994140625, 19.013671875], [-17.0703125, 20.791015625], [-17.080078125, 20.91796875], [-16.943359375, 21.337890625], [-13.994140625, 21.341145833333332], [-13.0078125, 21.34765625], [-13.0859375, 22.5390625], [-13.154296875, 22.734375], [-13.115234375, 22.900390625], [-12.98828125, 23.046875], [-12.607421875, 23.291015625], [-12.36328125, 23.330078125], [-12.16796875, 23.427734375], [-12.01171875, 23.466796875], [-11.9873046875, 25.93505859375], [-8.681640625, 26.005859375], [-8.668619791666666, 27.28515625], [-5.810546875, 25.625], [-3.590494791666667, 24.208984375], [-3.61328125, 16.318359375], [-4.08203125, 14.501953125], [-4.287109375, 12.87109375], [-4.8046875, 12.001953125], [-5.263671875, 11.484375], [-5.625, 10.05859375], [-5.029296875, 10.0], [-2.776692708333333, 9.8828125], [-2.744140625, 9.82421875], [-2.802734375, 9.7265625], [-2.75390625, 9.658203125], [-2.7734375, 9.5703125], [-2.67578125, 9.462890625], [-2.67578125, 9.375], [-2.724609375, 9.31640625], [-2.666015625, 9.267578125], [-2.763671875, 9.140625], [-2.7734375, 9.052734375], [-2.65625, 9.013671875], [-2.607421875, 8.857421875], [-2.6171875, 8.798828125], [-2.578125, 8.75], [-2.5, 8.26171875], [-2.5, 8.203125], [-2.587890625, 8.18359375], [-2.6171875, 8.14453125], [-2.59765625, 8.046875], [-2.65625, 8.037109375], [-2.7685546875, 7.9296875], [-2.9296875, 7.607421875], [-2.978515625, 7.34375], [-2.958984375, 7.2265625], [-3.02734375, 7.08984375], [-3.10546875, 7.05078125], [-3.22265625, 6.845703125], [-3.232421875, 6.77734375], [-3.193359375, 6.71875], [-3.251953125, 6.640625], [-3.18359375, 6.298828125], [-3.095703125, 6.142578125], [-3.0859375, 6.015625], [-3.017578125, 5.87890625], [-3.017578125, 5.732421875], [-2.958984375, 5.712890625], [-2.958984375, 5.634765625], [-2.841796875, 5.64453125], [-2.7734375, 5.60546875], [-2.724609375, 5.41015625], [-2.724609375, 5.361328125], [-2.783203125, 5.341796875], [-2.734375, 5.15625], [-2.75390625, 5.1171875], [-3.10546875, 5.146484375], [-3.0078125, 4.6875], [-3.011067708333333, -1.8359375], [-7.347005208333333, 0.01953125], [-7.4609375, 6.26953125], [-8.427734375, 7.509765625], [-8.0078125, 10.13671875], [-8.0078125, 11.2109375], [-8.359375, 11.279296875], [-8.59375, 11.376953125], [-8.80859375, 11.5234375], [-9.00390625, 11.71875], [-9.169921875, 11.982421875], [-9.3310546875, 12.400716145833334], [-9.3359375, 12.265625], [-9.443359375, 12.265625], [-9.658203125, 12.158203125], [-9.716796875, 12.03125], [-9.873046875, 12.060546875], [-10.107421875, 12.1875], [-10.3369140625, 12.2119140625], [-10.4296875, 12.138671875], [-10.498046875, 12.12890625], [-10.517578125, 12.060546875], [-10.625, 11.97265625], [-10.654296875, 11.904296875], [-10.7421875, 11.93359375], [-10.80078125, 12.041015625], [-10.791015625, 12.099609375], [-10.947265625, 12.236328125], [-11.044921875, 12.216796875], [-11.064453125, 12.1484375], [-11.1181640625, 12.1044921875]]]]}}, {"type": "Feature", "properties": {"FID": 163, "FIR_NAME": "DASHOGUZ", "ICAO_CODE": "UTAT", "TYPE": "FIR", "COUNTRY": "Turkmenistan"}, "geometry": {"type": "MultiPolygon", "coordinates": [[[[57.591145833333336, 40.325520833333336], [56.00097656250001, 41.337890625], [57.001953125, 42.01171875], [58.828125, 42.509765625], [59.53125, 42.314453125], [59.970703125, 42.021484375], [60.25390625, 41.337890625], [61.328125, 41.171875], [62.15332031249999, 40.478515625], [60.25390625, 40.436197916666664], [57.591145833333336, 40.325520833333336]]]]}}, {"type": "Feature", "properties": {"FID": 164, "FIR_NAME": "NOVOSIBIRSK", "ICAO_CODE": "UNNT", "TYPE": "FIR", "COUNTRY": "Russia"}, "geometry": {"type": "MultiPolygon", "coordinates": [[[[89.64192708333333, 49.918619791666664], [89.6484375, 49.8046875], [89.7265625, 49.755859375], [89.70703125, 49.716796875], [89.462890625, 49.658203125], [89.384765625, 49.58984375], [89.228515625, 49.6484375], [89.189453125, 49.619140625], [89.228515625, 49.5703125], [89.19921875, 49.521484375], [89.033203125, 49.47265625], [88.984375, 49.47265625], [88.92578125, 49.55078125], [88.88671875, 49.55078125], [88.8818359375, 49.4580078125], [88.720703125, 49.453125], [88.662109375, 49.501953125], [88.232421875, 49.47265625], [88.134765625, 49.384765625], [88.1640625, 49.306640625], [88.14453125, 49.267578125], [87.978515625, 49.1796875], [87.84505208333333, 49.166666666666664], [87.685546875, 49.169921875], [87.51953125, 49.130859375], [87.4609375, 49.08203125], [87.333984375, 49.104817708333336], [87.294921875, 49.21875], [87.20703125, 49.2578125], [87.05078125, 49.2578125], [86.953125, 49.3359375], [86.953125, 49.39453125], [86.85546875, 49.443359375], [86.8359375, 49.5166015625], [86.748046875, 49.5703125], [86.650390625, 49.560546875], [86.611328125, 49.599609375], [86.6796875, 49.677734375], [86.787109375, 49.70703125], [86.7578125, 49.794921875], [86.640625, 49.814453125], [86.591796875, 49.755859375], [86.50390625, 49.7265625], [86.455078125, 49.658203125], [86.318359375, 49.619140625], [86.201171875, 49.482421875], [86.123046875, 49.541015625], [85.966796875, 49.4921875], [85.95703125, 49.5703125], [85.68359375, 49.5703125], [85.64453125, 49.62890625], [85.458984375, 49.599609375], [85.390625, 49.62890625], [85.263671875, 49.58984375], [85.205078125, 49.658203125], [85.1953125, 49.736328125], [85.087890625, 49.82421875], [85.087890625, 49.873046875], [84.970703125, 49.921875], [84.970703125, 49.990234375], [85.048828125, 50.029296875], [85.0, 50.087890625], [84.853515625, 50.09765625], [84.794921875, 50.15625], [84.716796875, 50.15625], [84.658203125, 50.205078125], [84.541015625, 50.205078125], [84.462890625, 50.263671875], [84.35546875, 50.224609375], [84.267578125, 50.2734375], [84.2578125, 50.361328125], [84.189453125, 50.44921875], [84.21875, 50.517578125], [84.140625, 50.625], [83.96484375, 50.72265625], [83.955078125, 50.810546875], [83.828125, 50.888671875], [83.73046875, 50.888671875], [83.447265625, 51.005859375], [83.134765625, 51.005859375], [83.017578125, 50.8984375], [82.724609375, 50.908203125], [82.6953125, 50.80078125], [82.529296875, 50.732421875], [82.275390625, 50.76171875], [82.16796875, 50.712890625], [82.001953125, 50.78125], [81.77734375, 50.80078125], [81.71875, 50.751953125], [81.455078125, 50.751953125], [81.435546875, 50.791015625], [81.474609375, 50.859375], [81.40625, 50.9765625], [81.181640625, 50.947265625], [81.064453125, 50.966796875], [81.171875, 51.201171875], [80.966796875, 51.2109375], [80.91796875, 51.298828125], [80.849609375, 51.26953125], [80.68359375, 51.318359375], [80.625, 51.220703125], [80.439453125, 51.2109375], [80.419921875, 51.123046875], [80.478515625, 51.07421875], [80.478515625, 50.99609375], [80.41015625, 50.9375], [80.205078125, 50.8984375], [80.15625, 50.830078125], [80.048828125, 50.859375], [80.0390625, 50.8203125], [80.078125, 50.76171875], [79.970703125, 50.83984375], [79.82421875, 51.03515625], [79.541015625, 51.4453125], [78.92578125, 52.177734375], [77.91015625, 53.271484375], [77.5390625, 53.505859375], [76.767578125, 53.857421875], [76.513671875, 54.00390625], [76.396484375, 54.16015625], [76.71875, 54.16015625], [76.85546875, 54.306640625], [76.85546875, 54.35546875], [76.77734375, 54.39453125], [76.9140625, 54.443359375], [76.9140625, 54.482421875], [76.708984375, 54.453125], [76.640625, 54.365234375], [76.58203125, 54.375], [76.50390625, 54.3359375], [76.240234375, 54.365234375], [76.15234375, 54.248046875], [75.673828125, 54.111328125], [75.439453125, 54.1015625], [75.380859375, 54.072265625], [75.4296875, 53.994140625], [75.04882812499997, 53.818359375], [74.794921875, 53.84765625], [74.736328125, 53.76953125], [74.677734375, 53.76953125], [74.638671875, 53.701171875], [74.47265625, 53.701171875], [74.43359374999997, 53.623046875], [74.47265625, 53.57421875], [74.4140625, 53.486328125], [74.31640625, 53.505859375], [74.228515625, 53.61328125], [74.091796875, 53.583984375], [74.0625, 53.642578125], [73.916015625, 53.662109375], [73.828125, 53.61328125], [73.681640625, 53.623046875], [73.65234375, 53.57421875], [73.59375, 53.57421875], [73.53515625, 53.49609375], [73.447265625, 53.447265625], [73.388671875, 53.45703125], [73.369140625, 53.4765625], [73.39843750000003, 53.525390625], [73.28125, 53.57421875], [73.2421875, 53.671875], [73.3203125, 53.701171875], [73.349609375, 53.7890625], [73.46354166666667, 53.883463541666664], [73.457421875, 53.886328125], [73.31054687500003, 53.955078125], [73.076171875, 53.994140625], [73.046875, 54.052734375], [72.98828125, 54.072265625], [72.96875, 54.130859375], [72.60742187500003, 54.150390625], [72.51953125000003, 54.072265625], [72.65625, 54.072265625], [72.724609375, 53.974609375], [72.578125, 53.994140625], [72.5, 53.92578125], [72.43164062500003, 53.916015625], [72.392578125, 53.955078125], [72.43164062500003, 54.033203125], [72.373046875, 54.091796875], [72.5, 54.140625], [72.333984375, 54.189453125], [72.34375, 54.267578125], [72.294921875, 54.27734375], [72.177734375, 54.384765625], [72.08984375, 54.39453125], [72.041015625, 54.384765625], [72.119140625, 54.326171875], [72.08007812500003, 54.23828125], [72.1875, 54.208984375], [72.1875, 54.140625], [72.119140625, 54.140625], [72.01171875, 54.248046875], [71.8359375, 54.267578125], [71.7578125, 54.2578125], [71.72851562500003, 54.228515625], [71.73828125, 54.16015625], [71.669921875, 54.12109375], [71.50390625, 54.12109375], [71.46484375000003, 54.19921875], [71.328125, 54.21875], [71.25, 54.130859375], [71.18164062499997, 54.111328125], [71.07421875, 54.19921875], [71.0546875, 54.27734375], [70.986328125, 54.296875], [70.986328125, 54.3359375], [71.171875, 54.326171875], [71.2109375, 54.35546875], [71.15234375, 54.58984375], [71.26953124999997, 54.638671875], [71.279296875, 54.6875], [71.20117187500003, 54.74609375], [71.09375, 54.74609375], [71.00585937499997, 54.814453125], [71.015625, 54.853515625], [70.966796875, 54.892578125], [70.99609375, 55.087890625], [70.80078125, 55.263671875], [70.8203125, 55.322265625], [70.67382812500003, 55.322265625], [70.60546875, 55.283203125], [70.46875, 55.302734375], [70.390625, 55.21484375], [70.21484374999997, 55.146484375], [70.048828125, 55.21484375], [69.94140625, 55.21484375], [69.853515625, 55.29296875], [69.677734375, 55.361328125], [69.345703125, 55.400390625], [69.19921875, 55.341796875], [69.15690104166664, 55.419921875], [69.20572916666667, 55.670572916666664], [71.162109375, 57.705078125], [72.8125, 58.18359375], [73.8671875, 59.013671875], [76.474609375, 60.3515625], [77.03125, 60.712890625], [77.05078125, 60.869140625], [77.431640625, 60.95703125], [80.205078125, 60.673828125], [82.99479166666667, 60.930989583333336], [85.4296875, 59.921875], [87.001953125, 59.208984375], [87.9296875, 58.75], [88.154296875, 57.373046875], [89.072265625, 56.07421875], [88.662109375, 54.609375], [89.04296875, 52.83203125], [88.28125, 51.54296875], [89.443359375, 50.99609375], [89.64192708333333, 49.918619791666664]]]]}}, {"type": "Feature", "properties": {"FID": 165, "FIR_NAME": "ULAN BATOR", "ICAO_CODE": "ZMUB", "TYPE": "FIR", "COUNTRY": "Mongolia"}, "geometry": {"type": "MultiPolygon", "coordinates": [[[[88.8818359375, 49.4580078125], [88.88671875, 49.55078125], [88.92578125, 49.55078125], [88.984375, 49.47265625], [89.033203125, 49.47265625], [89.19921875, 49.521484375], [89.228515625, 49.5703125], [89.189453125, 49.619140625], [89.228515625, 49.6484375], [89.384765625, 49.58984375], [89.462890625, 49.658203125], [89.70703125, 49.716796875], [89.7265625, 49.755859375], [89.6484375, 49.8046875], [89.64192708333333, 49.918619791666664], [89.990234375, 49.98046875], [90.05859375, 50.09765625], [90.25390625, 50.126953125], [90.5078125, 50.234375], [90.693359375, 50.224609375], [90.76171875, 50.3125], [90.849609375, 50.322265625], [91.015625, 50.439453125], [91.171875, 50.439453125], [91.30859375, 50.48828125], [91.4453125, 50.478515625], [91.46484375, 50.537109375], [91.6015625, 50.576171875], [91.748046875, 50.693359375], [91.85546875, 50.72265625], [92.197265625, 50.703125], [92.294921875, 50.76171875], [92.333984375, 50.869140625], [92.40234375, 50.87890625], [92.48046875, 50.78125], [92.55859375, 50.771484375], [92.63671875, 50.693359375], [92.75390625, 50.712890625], [92.79296875, 50.80078125], [92.96875, 50.80078125], [92.96875, 50.673828125], [93.076171875, 50.60546875], [93.4375, 50.634765625], [93.53515625, 50.595703125], [94.267578125, 50.576171875], [94.345703125, 50.4296875], [94.375, 50.234375], [94.4921875, 50.17578125], [94.62890625, 50.029296875], [94.78515625, 50.068359375], [94.9609375, 50.068359375], [95.068359375, 49.9609375], [95.390625, 49.970703125], [95.5078125, 49.90234375], [95.595703125, 49.951171875], [95.7421875, 49.9609375], [95.810546875, 50.029296875], [95.8984375, 50.01953125], [95.947265625, 49.951171875], [96.044921875, 50.009765625], [96.103515625, 50.009765625], [96.26953125, 49.9609375], [96.34765625, 49.90234375], [96.494140625, 49.94140625], [96.54296875, 49.931640625], [96.591796875, 49.873046875], [96.71875, 49.931640625], [96.9921875, 49.90234375], [97.16796875, 49.765625], [97.333984375, 49.736328125], [97.578125, 49.84375], [97.587890625, 49.931640625], [97.763671875, 49.98046875], [97.861328125, 49.94140625], [98.095703125, 50.048828125], [98.28125, 50.29296875], [98.28125, 50.4296875], [98.3203125, 50.52734375], [98.076171875, 50.625], [97.958984375, 50.78125], [98.0078125, 50.859375], [97.880859375, 50.927734375], [97.822265625, 51.005859375], [97.94921875, 51.220703125], [97.9296875, 51.318359375], [98.056640625, 51.474609375], [98.232421875, 51.474609375], [98.2421875, 51.58203125], [98.3203125, 51.71875], [98.65234375, 51.796875], [98.759765625, 51.884765625], [98.8671875, 52.05078125], [98.876953125, 52.12890625], [98.99088541666667, 52.12890625], [99.013671875, 52.0703125], [99.23828125, 52.01171875], [99.31640625, 51.953125], [99.70703125, 51.904296875], [99.970703125, 51.748046875], [100.537109375, 51.748046875], [101.1328125, 51.54296875], [101.259765625, 51.533203125], [101.376953125, 51.455078125], [101.591796875, 51.494140625], [102.197265625, 51.34765625], [102.216796875, 51.30859375], [102.1484375, 51.25], [102.158203125, 51.1328125], [102.24609375, 50.99609375], [102.255859375, 50.8984375], [102.216796875, 50.83984375], [102.34375, 50.7421875], [102.28515625, 50.64453125], [102.314453125, 50.5859375], [102.373046875, 50.546875], [102.5, 50.537109375], [102.6171875, 50.419921875], [102.783203125, 50.390625], [102.900390625, 50.322265625], [103.232421875, 50.3125], [103.30078125, 50.205078125], [103.447265625, 50.21484375], [103.61328125, 50.146484375], [103.720703125, 50.146484375], [103.7890625, 50.205078125], [104.12109375, 50.15625], [104.248046875, 50.1953125], [104.296875, 50.25390625], [104.43359375, 50.322265625], [104.62890625, 50.322265625], [104.716796875, 50.37109375], [104.84375, 50.37109375], [104.931640625, 50.41015625], [105.126953125, 50.400390625], [105.302734375, 50.48828125], [105.625, 50.4296875], [105.9765625, 50.419921875], [106.09375, 50.341796875], [106.240234375, 50.302734375], [106.650390625, 50.3515625], [106.9921875, 50.21484375], [107.08984375, 50.078125], [107.236328125, 50.009765625], [107.314453125, 50.029296875], [107.373046875, 49.990234375], [107.744140625, 49.990234375], [107.79296875, 49.9609375], [107.96875, 49.951171875], [107.94921875, 49.84375], [107.978515625, 49.74609375], [107.939453125, 49.6875], [108.017578125, 49.677734375], [108.02734375, 49.62890625], [108.115234375, 49.5703125], [108.251953125, 49.55078125], [108.37890625, 49.43359375], [108.57421875, 49.3359375], [109.228515625, 49.365234375], [109.462890625, 49.296875], [109.521484375, 49.23828125], [109.736328125, 49.248046875], [109.833984375, 49.19921875], [110.263671875, 49.1796875], [110.400390625, 49.2578125], [110.458984375, 49.208984375], [110.64453125, 49.150390625], [110.8203125, 49.16015625], [111.376953125, 49.384765625], [111.5234375, 49.35546875], [111.669921875, 49.4140625], [111.97265625, 49.4140625], [112.48046875, 49.55078125], [112.744140625, 49.501953125], [112.998046875, 49.599609375], [113.076171875, 49.599609375], [113.095703125, 49.6875], [113.203125, 49.82421875], [113.59375, 50.029296875], [113.7890625, 50.09765625], [113.8671875, 50.087890625], [114.013671875, 50.185546875], [114.306640625, 50.29296875], [114.423828125, 50.25390625], [114.6875, 50.2734375], [114.833984375, 50.244140625], [115.01953125, 50.15625], [115.21484375, 49.990234375], [115.380859375, 49.912109375], [115.76171875, 49.892578125], [116.083984375, 50.01953125], [116.220703125, 50.0390625], [116.6015625, 49.94140625], [116.70247395833333, 49.833984375], [116.064453125, 48.896484375], [116.07421875, 48.818359375], [115.810546875, 48.53515625], [115.830078125, 48.26171875], [115.537109375, 48.134765625], [115.576171875, 47.94921875], [115.615234375, 47.900390625], [115.91796875, 47.6953125], [115.966796875, 47.6953125], [116.103515625, 47.822265625], [116.240234375, 47.880859375], [116.474609375, 47.841796875], [116.875, 47.890625], [117.099609375, 47.822265625], [117.314453125, 47.67578125], [117.392578125, 47.666015625], [117.79296875, 48.017578125], [117.998046875, 48.0078125], [118.203125, 48.046875], [118.251953125, 48.017578125], [118.49609375, 48.0078125], [118.623046875, 47.9296875], [118.76953125, 47.7734375], [119.111328125, 47.67578125], [119.150390625, 47.5390625], [119.326171875, 47.490234375], [119.31640625, 47.431640625], [119.51171875, 47.314453125], [119.541015625, 47.265625], [119.638671875, 47.236328125], [119.775390625, 47.109375], [119.78515625, 47.01171875], [119.912109375, 46.9140625], [119.912109375, 46.85546875], [119.921875, 46.71875], [119.873046875, 46.669921875], [119.8046875, 46.669921875], [119.697265625, 46.6015625], [119.6484375, 46.630859375], [119.3359375, 46.62109375], [119.08203125, 46.669921875], [118.984375, 46.7578125], [118.916015625, 46.728515625], [118.84765625, 46.77734375], [118.759765625, 46.689453125], [118.642578125, 46.71875], [118.4375, 46.69921875], [118.37890625, 46.73828125], [118.28125, 46.73828125], [118.193359375, 46.689453125], [117.939453125, 46.630859375], [117.841796875, 46.54296875], [117.744140625, 46.5234375], [117.63671875, 46.552734375], [117.587890625, 46.611328125], [117.44140625, 46.591796875], [117.36328125, 46.376953125], [117.060546875, 46.3671875], [116.826171875, 46.396484375], [116.748046875, 46.337890625], [116.591796875, 46.30859375], [116.54296875, 46.23046875], [116.357421875, 46.103515625], [116.259765625, 45.966796875], [116.23046875, 45.87890625], [116.279296875, 45.8203125], [116.181640625, 45.712890625], [116.025390625, 45.693359375], [115.68359375, 45.458984375], [115.3125, 45.406901041666664], [114.912109375, 45.390625], [114.7265625, 45.44921875], [114.5703125, 45.41015625], [114.453125, 45.21484375], [114.189453125, 45.05859375], [114.111328125, 44.970703125], [114.0234375, 44.931640625], [113.92578125, 44.931640625], [113.642578125, 44.755859375], [112.83203125, 44.853515625], [112.607421875, 44.931640625], [112.412109375, 45.087890625], [112.109375, 45.078125], [112.01171875, 45.107421875], [111.875, 45.05859375], [111.7578125, 44.98046875], [111.572265625, 44.70703125], [111.5625, 44.599609375], [111.42578125, 44.43359375], [111.416015625, 44.345703125], [111.5234375, 44.27734375], [111.533203125, 44.208984375], [111.6796875, 44.052734375], [111.796875, 44.00390625], [111.884765625, 43.92578125], [111.953125, 43.76953125], [111.943359375, 43.701171875], [111.767578125, 43.671875], [111.572265625, 43.5205078125], [110.99609375, 43.330078125], [110.703125, 43.0517578125], [110.48828125, 42.8466796875], [110.390625, 42.763671875], [110.1171875, 42.65625], [109.921875, 42.646484375], [109.697265625, 42.568359375], [109.51171875, 42.4609375], [109.2626953125, 42.45361328125], [109.013671875, 42.470703125], [108.8671875, 42.412109375], [108.30078125, 42.451171875], [108.212890625, 42.470703125], [107.9248046875, 42.4267578125], [107.55859375, 42.421875], [107.451171875, 42.470703125], [107.28515625, 42.421875], [107.20703125, 42.353515625], [106.73828125, 42.294921875], [105.615234375, 41.9140625], [105.22135416666667, 41.744791666666664], [105.0, 41.591796875], [104.921875, 41.66015625], [104.521484375, 41.669921875], [104.51171875, 41.884765625], [104.12109375, 41.81640625], [103.828125, 41.806640625], [103.4375, 41.884765625], [102.71484375, 42.16796875], [102.412109375, 42.158203125], [102.080078125, 42.236328125], [101.796875, 42.51953125], [101.552734375, 42.5390625], [100.849609375, 42.685546875], [100.3125, 42.6953125], [100.244140625, 42.646484375], [99.912109375, 42.65625], [99.4140625, 42.578125], [98.232421875, 42.646484375], [97.20703125, 42.802734375], [96.982421875, 42.763671875], [96.38671875, 42.744140625], [96.34440104166667, 42.903645833333336], [95.869140625, 43.291015625], [95.859375, 43.427734375], [95.732421875, 43.59375], [95.556640625, 43.974609375], [95.517578125, 44.00390625], [95.33203125, 44.0234375], [95.341796875, 44.1796875], [95.419921875, 44.287109375], [95.400390625, 44.306640625], [95.0, 44.267578125], [94.7265625, 44.35546875], [94.58984375, 44.462890625], [94.453125, 44.521484375], [94.365234375, 44.521484375], [94.19921875, 44.677734375], [93.53515625, 44.970703125], [92.783203125, 45.05859375], [92.509765625, 45.009765625], [92.3046875, 45.0390625], [92.236328125, 45.01953125], [92.080078125, 45.087890625], [91.54296875, 45.087890625], [91.455078125, 45.166015625], [91.38671875, 45.126953125], [91.2890625, 45.13671875], [91.123046875, 45.224609375], [91.015625, 45.234375], [90.8984375, 45.1953125], [90.888671875, 45.263671875], [90.810546875, 45.3125], [90.771484375, 45.439453125], [90.6640625, 45.517578125], [90.72265625, 45.751953125], [91.025390625, 46.025390625], [91.015625, 46.1328125], [90.966796875, 46.181640625], [90.91796875, 46.328125], [91.0546875, 46.533203125], [91.0546875, 46.58203125], [91.015625, 46.611328125], [91.03515625, 46.748046875], [90.9375, 46.826171875], [90.95703125, 46.884765625], [90.91796875, 46.943359375], [90.83984375, 47.001953125], [90.72265625, 47.03125], [90.546875, 47.236328125], [90.48828125, 47.32421875], [90.5078125, 47.3828125], [90.458984375, 47.431640625], [90.458984375, 47.509765625], [90.341796875, 47.63671875], [90.361328125, 47.666015625], [90.126953125, 47.744140625], [90.068359375, 47.8125], [90.068359375, 47.890625], [89.98046875, 47.900390625], [89.94140625, 47.841796875], [89.78515625, 47.83203125], [89.736328125, 47.900390625], [89.609375, 47.96875], [89.560546875, 48.046875], [89.384765625, 48.056640625], [89.248046875, 47.98828125], [89.072265625, 47.998046875], [88.92578125, 48.125], [88.818359375, 48.115234375], [88.7109375, 48.18359375], [88.6328125, 48.193359375], [88.57421875, 48.291015625], [88.59375, 48.33984375], [88.505859375, 48.41796875], [88.427734375, 48.408203125], [88.3203125, 48.486328125], [87.98828125, 48.564453125], [87.958984375, 48.603515625], [88.0859375, 48.7109375], [87.998046875, 48.76953125], [87.841796875, 48.798828125], [87.75390625, 48.88671875], [87.783203125, 48.935546875], [87.861328125, 48.955078125], [87.890625, 48.994140625], [87.83203125, 49.052734375], [87.861328125, 49.1015625], [87.84505208333333, 49.166666666666664], [87.978515625, 49.1796875], [88.14453125, 49.267578125], [88.1640625, 49.306640625], [88.134765625, 49.384765625], [88.232421875, 49.47265625], [88.662109375, 49.501953125], [88.720703125, 49.453125], [88.8818359375, 49.4580078125]]]]}}, {"type": "Feature", "properties": {"FID": 166, "FIR_NAME": "ROSTOV-NA-DONU", "ICAO_CODE": "URRV", "TYPE": "FIR", "COUNTRY": "Russia"}, "geometry": {"type": "MultiPolygon", "coordinates": [[[[47.493489583333336, 50.44921875], [47.392578125, 50.322265625], [47.314453125, 50.302734375], [47.333984375, 50.244140625], [47.27539062499997, 50.185546875], [47.353515625, 50.09765625], [47.29492187500003, 50.0390625], [47.1875, 49.951171875], [46.92382812499997, 49.873046875], [46.796875, 49.35546875], [47.01171874999997, 49.248046875], [47.060546875, 49.150390625], [46.94335937500003, 49.013671875], [46.76757812500003, 48.935546875], [46.494140625, 48.427734375], [47.109375, 48.28125], [47.12890625, 48.251953125], [47.08984375, 48.22265625], [47.12890625, 48.18359375], [47.11914062500003, 48.115234375], [47.20703125000003, 48.0859375], [47.060546875, 47.998046875], [47.16796875, 47.890625], [47.12890625, 47.83203125], [47.373046875, 47.6953125], [47.40234375, 47.724609375], [47.40234375, 47.83203125], [47.431640625, 47.8515625], [47.65625, 47.7734375], [48.046875, 47.79296875], [48.18359375, 47.724609375], [48.427734375, 47.451171875], [48.5546875, 47.40234375], [48.7109375, 47.109375], [49.013671875, 46.787109375], [48.935546875, 46.708984375], [48.828125, 46.69921875], [48.759765625, 46.69921875], [48.68164062499997, 46.77734375], [48.57421875, 46.77734375], [48.50585937499997, 46.73828125], [48.486328125, 46.689453125], [48.544921875, 46.650390625], [48.564453125, 46.572265625], [48.7109375, 46.572265625], [48.818359375, 46.494140625], [48.916015625, 46.494140625], [49.423828125, 46.240234375], [49.423828125, 46.142578125], [49.49218750000003, 45.9375], [49.49218750000003, 42.8515625], [49.98046875, 42.63671875], [48.59375, 41.85546875], [48.466796875, 41.728515625], [48.37890625, 41.58203125], [48.22265625, 41.50390625], [48.056640625, 41.46484375], [48.02734375, 41.38671875], [47.96875, 41.3671875], [47.900390625, 41.2890625], [47.919921875, 41.240234375], [47.861328125, 41.2109375], [47.744140625, 41.201171875], [47.666015625, 41.240234375], [47.55859375000003, 41.220703125], [47.490234375, 41.26953125], [47.36328124999997, 41.279296875], [47.255859375, 41.34765625], [47.255859375, 41.42578125], [47.1484375, 41.572265625], [47.041015625, 41.5625], [46.9921875, 41.650390625], [46.76757812500003, 41.806640625], [46.7578125, 41.865234375], [46.59179687500003, 41.796875], [46.552734375, 41.89453125], [46.438802083333336, 41.904296875], [46.376953125, 41.953125], [46.318359375, 41.943359375], [46.23046875, 42.01171875], [45.95703124999997, 42.03125], [45.908203125, 42.109375], [45.64453125, 42.20703125], [45.634765625, 42.24609375], [45.751953125, 42.48046875], [45.556640625, 42.55859375], [45.3515625, 42.5390625], [45.146484375, 42.71484375], [45.029296875, 42.705078125], [44.90234374999997, 42.7734375], [44.84375, 42.744140625], [44.78515625, 42.63671875], [44.6875, 42.744140625], [44.51171875, 42.763671875], [44.384765625, 42.71484375], [44.296875, 42.724609375], [44.208984375, 42.63671875], [44.052734375, 42.626953125], [43.984375, 42.568359375], [43.93554687499997, 42.568359375], [43.86718750000003, 42.607421875], [43.76953125, 42.607421875], [43.73046875, 42.646484375], [43.828125, 42.734375], [43.80859375, 42.763671875], [43.671875, 42.79296875], [43.525390625, 42.880859375], [43.193359375, 42.939453125], [43.02734375, 43.046875], [43.0078125, 43.115234375], [42.8515625, 43.18359375], [42.70507812499997, 43.193359375], [42.59765625, 43.154296875], [42.421875, 43.251953125], [42.17773437499997, 43.2421875], [42.0703125, 43.193359375], [41.572265625, 43.232421875], [41.42578125, 43.30078125], [41.396484375, 43.349609375], [41.279296875, 43.33984375], [41.181640625, 43.3984375], [41.03515624999997, 43.37890625], [40.68359374999997, 43.5546875], [40.50781249999997, 43.515625], [40.17578125000003, 43.59375], [40.06835937499997, 43.544921875], [39.91210937500003, 43.173828125], [40.319010416666664, 41.917317708333336], [37.69531249999997, 42.6953125], [36.259765625, 42.747395833333336], [36.66015625000003, 44.51171875], [36.6015625, 44.970703125], [36.533203125, 45.21484375], [36.591796875, 45.25390625], [36.58203125, 45.302734375], [36.6796875, 45.390625], [36.689453125, 45.478515625], [37.353515625, 46.578776041666664], [37.509765625, 46.796875], [38.3203125, 46.9921875], [38.212890625, 47.138671875], [38.212890625, 47.20703125], [38.30078125, 47.255859375], [38.31054687499997, 47.294921875], [38.212890625, 47.3046875], [38.203125, 47.333984375], [38.28125, 47.40234375], [38.271484375, 47.509765625], [38.349609375, 47.6171875], [38.57421874999997, 47.63671875], [38.671875, 47.6953125], [38.75, 47.6953125], [38.80859375, 47.841796875], [38.85742187500003, 47.87109375], [39.755859375, 47.83203125], [39.794921875, 47.87109375], [39.814453125, 47.96875], [39.775390625, 48.02734375], [39.853515625, 48.056640625], [39.84375, 48.115234375], [40.009765625, 48.271484375], [39.98046874999997, 48.310546875], [39.90234375, 48.291015625], [39.84375, 48.3203125], [39.91210937500003, 48.369140625], [39.853515625, 48.5107421875], [39.814453125, 48.583984375], [39.658203125, 48.603515625], [39.697265625, 48.73046875], [39.80468749999997, 48.828125], [39.990234375, 48.798828125], [40.06835937499997, 48.88671875], [40.029296875, 48.90625], [39.9609375, 48.8671875], [39.765625, 48.90625], [39.6875, 49.013671875], [39.70703125, 49.04296875], [39.931640625, 49.0625], [39.970703125, 49.140625], [40.15625, 49.2578125], [40.17578125000003, 49.345703125], [40.143229166666664, 49.381510416666664], [43.030598958333336, 50.764973958333336], [43.77929687500003, 51.11328125], [44.9609375, 51.2109375], [45.771484375, 50.625], [47.493489583333336, 50.44921875]]]]}}, {"type": "Feature", "properties": {"FID": 167, "FIR_NAME": null, "ICAO_CODE": null, "TYPE": "FIR", "COUNTRY": null}, "geometry": {"type": "MultiPolygon", "coordinates": [[[[31.997070312500014, 89.9951171875], [31.9921875, 81.015625], [34.99023437500003, 80.99609375], [34.99023437500003, 74.0234375], [32.080078125, 74.00390625], [32.08333333333334, 71.50390625], [32.080078125, 70.185546875], [31.171875, 70.02278645833333], [31.69921875, 70.37109375], [29.986979166666675, 71.01888020833333], [29.986979166666675, 82.01171875], [29.990234375, 89.990234375], [31.997070312500014, 89.9951171875]]]]}}, {"type": "Feature", "properties": {"FID": 168, "FIR_NAME": "MAGADAN OCEANIC", "ICAO_CODE": "UHMM", "TYPE": "FIR", "COUNTRY": "Russia"}, "geometry": {"type": "MultiPolygon", "coordinates": [[[[114.74609375, 78.00455729166667], [179.98697916666666, 86.23046875], [179.98697916666666, 72.265625], [167.98828125, 72.50651041666667], [157.91015625, 72.01171875], [155.185546875, 72.34375], [152.119140625, 72.646484375], [147.55859375, 72.998046875], [143.583984375, 73.203125], [140.380859375, 73.603515625], [137.87109375, 73.8671875], [134.423828125, 74.169921875], [131.982421875, 74.3359375], [114.71028645833333, 76.337890625], [114.74609375, 78.00455729166667]]]]}}, {"type": "Feature", "properties": {"FID": 169, "FIR_NAME": "BOSTON", "ICAO_CODE": "KZBW", "TYPE": "FIR", "COUNTRY": "United States"}, "geometry": {"type": "MultiPolygon", "coordinates": [[[[-72.79947916666667, 40.201822916666664], [-73.0078125, 40.009765625], [-73.134765625, 39.765625], [-73.25520833333333, 39.733072916666664], [-73.73046875, 39.94140625], [-73.67024739583333, 40.29296875], [-73.25195312499999, 40.41015625], [-72.79947916666667, 40.201822916666664]]]]}}, {"type": "Feature", "properties": {"FID": 170, "FIR_NAME": "MILAN", "ICAO_CODE": "LIMM", "TYPE": "FIR", "COUNTRY": "Italy"}, "geometry": {"type": "MultiPolygon", "coordinates": [[[[10.7568359375, 46.8115234375], [11.005859375, 46.77734375], [11.09375, 46.9140625], [11.181640625, 46.982421875], [11.42578125, 46.982421875], [11.474609375, 47.021484375], [11.630859375, 47.021484375], [11.7578125, 46.982421875], [12.16796875, 47.099609375], [12.226562500000028, 47.080078125], [12.119140624999972, 47.01171875], [12.1484375, 46.923828125], [12.231445312500014, 46.89453125], [12.294921874999972, 46.85546875], [12.275390625, 46.806640625], [12.34375, 46.787109375], [12.421875, 46.69921875], [12.7734375, 46.66015625], [12.83203125, 46.62109375], [13.095703125, 46.611328125], [13.2421875, 46.5625], [13.3984375, 46.58203125], [13.7109375, 46.5234375], [13.681640625, 46.455078125], [13.59375, 46.4453125], [13.37890625, 46.298828125], [13.408203125, 46.23046875], [13.442382812499986, 46.2353515625], [13.65234375, 46.181640625], [13.486328125, 46.025390625], [13.525390624999972, 45.9765625], [13.632812500000028, 45.986328125], [13.57421875, 45.869140625], [13.583984375, 45.830078125], [13.779296875, 45.76171875], [13.896484375000028, 45.634765625], [13.857421875, 45.595703125], [13.76953125, 45.595703125], [13.486328125, 45.634765625], [13.3984375, 45.559895833333336], [12.98828125, 45.283203125], [12.998046874999972, 45.15625], [13.2421875, 44.6875], [13.359375, 44.501953125], [14.47265625, 43.509114583333336], [13.323567708333334, 43.512369791666664], [11.1328125, 43.720703125], [10.302734375, 43.59375], [9.742838541666648, 43.170572916666664], [7.548828124999972, 43.779296875], [7.490234375, 43.88671875], [7.705078125, 44.08203125], [7.646484375, 44.19921875], [7.40234375, 44.130859375], [7.265625, 44.16015625], [7.158203125, 44.228515625], [7.001953125, 44.248046875], [6.933593749999972, 44.31640625], [6.875, 44.384765625], [6.9140625, 44.453125], [6.845703124999972, 44.541015625], [6.933593749999972, 44.609375], [6.97265625, 44.697265625], [7.060546875, 44.70703125], [7.021484374999972, 44.755859375], [7.01171875, 44.84375], [6.757812499999972, 44.912109375], [6.73828125, 45.01953125], [6.669921874999972, 45.0390625], [6.62109375, 45.1171875], [6.757812499999972, 45.17578125], [6.875, 45.146484375], [6.97265625, 45.224609375], [7.0703125, 45.234375], [7.119140625, 45.2734375], [7.099609375, 45.33203125], [7.16796875, 45.419921875], [7.001953125, 45.517578125], [6.97265625, 45.64453125], [6.8359375, 45.703125], [6.787109375, 45.791015625], [6.826171875, 45.849609375], [6.982421875, 45.87890625], [7.024739583333314, 45.940755208333336], [7.08984375, 45.888671875], [7.197265624999972, 45.888671875], [7.285156249999972, 45.927734375], [7.412109375, 45.927734375], [7.543945312499986, 45.99609375], [7.646484375, 45.986328125], [7.71484375, 45.9375], [7.8515625, 45.927734375], [7.91015625, 46.005859375], [7.988281249999972, 46.005859375], [8.02734375, 46.09375], [8.1201171875, 46.142578125], [8.154296875, 46.19140625], [8.095703125000028, 46.279296875], [8.369140625, 46.34033203125], [8.61328125, 46.1328125], [8.818359375, 46.103515625], [8.837890625, 46.064453125], [8.7890625, 46.005859375], [8.886718750000028, 45.95703125], [8.935546875, 45.849609375], [9.0234375, 45.830078125], [9.072265625, 45.91796875], [8.994140625, 45.9765625], [9.0234375, 46.005859375], [9.00390625, 46.044921875], [9.267578125, 46.2890625], [9.287109375, 46.3671875], [9.248046875, 46.455078125], [9.27734375, 46.50390625], [9.443359375, 46.50390625], [9.453125, 46.396484375], [9.521484375, 46.318359375], [9.70703125, 46.30859375], [9.736328125, 46.3671875], [9.775390625, 46.34765625], [9.941406250000028, 46.38671875], [10.05859375, 46.23046875], [10.13671875, 46.240234375], [10.166015625, 46.279296875], [10.097656249999972, 46.34765625], [10.15625, 46.416015625], [10.0390625, 46.455078125], [10.0390625, 46.533203125], [10.107421875, 46.62109375], [10.205078125000028, 46.640625], [10.302734375, 46.5625], [10.458984375, 46.552734375], [10.478515625, 46.62109375], [10.400390625, 46.650390625], [10.380859375000028, 46.689453125], [10.472005208333352, 46.868489583333336], [10.673828125, 46.884765625], [10.7568359375, 46.8115234375]]]]}}, {"type": "Feature", "properties": {"FID": 171, "FIR_NAME": "GABORONE", "ICAO_CODE": "FBGR", "TYPE": "FIR", "COUNTRY": "Botswana"}, "geometry": {"type": "MultiPolygon", "coordinates": [[[[24.008789062500014, -25.6396484375], [23.984375, -25.60546875], [23.90625, -25.625], [23.72070312499997, -25.449218750000014], [23.49609375, -25.33203125], [23.45703124999997, -25.273437500000014], [23.38867187500003, -25.29296875], [23.18359375, -25.25390625], [23.06640625, -25.3076171875], [22.978515625, -25.322265625], [22.83203125, -25.478515625], [22.8125, -25.6640625], [22.744140625, -25.732421875], [22.734375, -25.78125], [22.763671875, -25.8203125], [22.7197265625, -25.8642578125], [22.705078125, -25.99609375], [22.65625, -26.015625], [22.65625, -26.054687499999986], [22.529296875, -26.2109375], [22.4609375, -26.201171875], [22.34375, -26.318359374999986], [22.255859375, -26.328125], [22.05078124999997, -26.62109375], [21.953125, -26.66015625], [21.767578125, -26.669921874999986], [21.767578125, -26.787109375], [21.689453125, -26.845703124999986], [21.494140625, -26.845703124999986], [21.43554687499997, -26.81640625], [21.240234375, -26.826171875], [21.19140625000003, -26.855468750000014], [20.999348958333314, -26.84895833333333], [20.947265625, -26.796875], [20.87890625, -26.787109375], [20.68359375, -26.865234375], [20.615234375, -26.767578125000014], [20.625, -26.572265625], [20.595703125, -26.474609375], [20.791015625, -26.25], [20.849609375, -26.11328125], [20.810546875, -26.054687499999986], [20.80078125, -25.869140625], [20.673828125, -25.673828125], [20.673828125, -25.556640625], [20.625, -25.517578125], [20.64453124999997, -25.46875], [20.60546875, -25.400390625], [20.546875, -25.37109375], [20.498046875, -25.234375], [20.439453125, -25.1953125], [20.458984375, -25.15625], [20.390625, -25.048828125], [20.234375, -24.912109374999986], [20.11718749999997, -24.873046875], [20.0, -24.755859375], [19.990234375, -22.001953125], [20.986328125, -21.97265625], [20.989583333333325, -18.310546875], [21.4453125, -18.30078125], [23.046875, -17.998046875], [23.28125, -17.98828125], [23.38867187500003, -18.18359375], [23.427734375, -18.18359375], [23.515625, -18.26171875], [23.56445312500003, -18.45703125], [23.623046875, -18.4765625], [23.76953125, -18.369140625], [23.91601562500003, -18.193359375], [24.09179687500003, -18.10546875], [24.19921875, -18.0078125], [24.296875, -18.017578125], [24.345703125, -17.94921875], [24.39453125, -17.939453125], [24.4921875, -18.046875], [24.5703125, -18.046875], [24.658203125, -17.939453125], [24.82421875, -17.83203125], [24.95117187499997, -17.792968749999986], [25.09765625, -17.822265625], [25.2197265625, -17.785644531250004], [25.234375, -17.919921875], [25.263671875, -17.998046875], [25.41015625000003, -18.144531249999986], [25.52734375, -18.3984375], [25.78125, -18.6328125], [25.83007812499997, -18.818359375], [25.966796875, -18.92578125], [25.95703125, -19.1015625], [26.044921875, -19.21875], [26.15234375, -19.51171875], [26.240234375, -19.5703125], [26.328125, -19.580078125], [26.34765625, -19.658203125], [26.53320312499997, -19.755859375], [26.611328125, -19.853515625], [26.689453125, -19.873046875], [26.73828125, -19.931640625], [26.806640625, -19.931640625], [26.93359375, -20.0], [27.041015625, -20.0], [27.119140625, -20.068359375], [27.20703125, -20.078125], [27.28515625, -20.224609375], [27.28515625, -20.478515625], [27.48046875, -20.458984375], [27.67578124999997, -20.478515625], [27.71484375, -20.5078125], [27.69531250000003, -20.654296875], [27.724609375, -20.693359374999986], [27.724609375, -20.791015625000014], [27.685546875, -20.869140624999986], [27.67578124999997, -21.064453125], [27.900390625, -21.298828125], [27.998046875, -21.54296875], [28.1640625, -21.591796875], [28.30078125, -21.582031250000014], [28.45703125, -21.650390625], [28.61328125, -21.630859375], [28.88671875, -21.757812500000014], [29.0234375, -21.77734375], [29.072265625, -21.81640625], [29.0234375, -21.904296875], [29.052734375, -22.011718749999986], [29.140625, -22.0703125], [29.248046875, -22.060546875], [29.348958333333314, -22.174479166666668], [29.033203125, -22.216796875], [28.955078125, -22.3046875], [28.96484375, -22.373046875000014], [28.90625, -22.451171874999986], [28.857421875, -22.44140625], [28.80859375, -22.490234375], [28.720703125, -22.5], [28.6328125, -22.55859375], [28.359375, -22.568359375], [28.30078125, -22.59765625], [28.1640625, -22.685546875], [28.154296875, -22.763671875], [28.037109375, -22.841796875], [28.017578125, -22.919921875], [27.9296875, -22.958984375], [27.93945312499997, -23.037109375], [27.7734375, -23.154296875], [27.734375, -23.22265625], [27.69531250000003, -23.193359375], [27.60742187500003, -23.212890625], [27.55859375, -23.339843750000014], [27.51953125000003, -23.37890625], [27.421875, -23.388671875], [27.32421874999997, -23.3984375], [27.28515625, -23.45703125], [27.109375, -23.5595703125], [27.05078125, -23.61328125], [27.05078125, -23.662109375], [27.001953125, -23.642578125], [26.962890625, -23.701171875], [26.845703125, -24.248046875], [26.81640625000003, -24.27734375], [26.70898437499997, -24.306640625000014], [26.572265625, -24.4140625], [26.40625, -24.619140625], [26.25, -24.62890625], [25.859375, -24.746093750000014], [25.869140625, -24.90234375], [25.771484375, -25.1953125], [25.72265625, -25.25390625], [25.634765625, -25.527343749999986], [25.52734375, -25.6640625], [25.361328125, -25.751953125], [25.12695312499997, -25.751953125], [25.01953125, -25.72265625], [24.88281250000003, -25.810546875], [24.658203125, -25.8203125], [24.453125, -25.732421875], [24.345703125, -25.751953125], [24.17968750000003, -25.615234374999986], [24.008789062500014, -25.6396484375]]]]}}, {"type": "Feature", "properties": {"FID": 172, "FIR_NAME": "JOHANNESBURG", "ICAO_CODE": "FAJA", "TYPE": "FIR", "COUNTRY": null}, "geometry": {"type": "MultiPolygon", "coordinates": [[[[23.06640625, -25.3076171875], [23.18359375, -25.25390625], [23.38867187500003, -25.29296875], [23.45703124999997, -25.273437500000014], [23.49609375, -25.33203125], [23.72070312499997, -25.449218750000014], [23.90625, -25.625], [23.984375, -25.60546875], [24.008789062500014, -25.6396484375], [24.17968750000003, -25.615234374999986], [24.345703125, -25.751953125], [24.453125, -25.732421875], [24.658203125, -25.8203125], [24.88281250000003, -25.810546875], [25.01953125, -25.72265625], [25.12695312499997, -25.751953125], [25.361328125, -25.751953125], [25.52734375, -25.6640625], [25.634765625, -25.527343749999986], [25.72265625, -25.25390625], [25.771484375, -25.1953125], [25.869140625, -24.90234375], [25.859375, -24.746093750000014], [26.25, -24.62890625], [26.40625, -24.619140625], [26.572265625, -24.4140625], [26.70898437499997, -24.306640625000014], [26.81640625000003, -24.27734375], [26.845703125, -24.248046875], [26.962890625, -23.701171875], [27.001953125, -23.642578125], [27.05078125, -23.662109375], [27.05078125, -23.61328125], [27.109375, -23.5595703125], [27.28515625, -23.45703125], [27.32421874999997, -23.3984375], [27.421875, -23.388671875], [27.51953125000003, -23.37890625], [27.55859375, -23.339843750000014], [27.60742187500003, -23.212890625], [27.69531250000003, -23.193359375], [27.734375, -23.22265625], [27.7734375, -23.154296875], [27.93945312499997, -23.037109375], [27.9296875, -22.958984375], [28.017578125, -22.919921875], [28.037109375, -22.841796875], [28.154296875, -22.763671875], [28.1640625, -22.685546875], [28.30078125, -22.59765625], [28.359375, -22.568359375], [28.6328125, -22.55859375], [28.720703125, -22.5], [28.80859375, -22.490234375], [28.857421875, -22.44140625], [28.90625, -22.451171874999986], [28.96484375, -22.373046875000014], [28.955078125, -22.3046875], [29.033203125, -22.216796875], [29.348958333333314, -22.174479166666668], [29.52148437499997, -22.16796875], [29.638671875, -22.119140625], [29.765625, -22.12890625], [29.87304687499997, -22.1875], [29.921875, -22.177734375], [30.126953125, -22.294921875], [30.234375, -22.285156250000014], [30.283203125, -22.333984375], [30.91796875, -22.285156250000014], [31.03515625000003, -22.32421875], [31.15234375, -22.314453125], [31.29882812500001, -22.405598958333332], [31.552734375, -23.164062500000014], [31.54296874999997, -23.466796875], [31.669921875, -23.59375], [31.7578125, -23.837890625], [31.875, -23.945312499999986], [31.875, -24.150390625], [32.01171875, -24.462890625], [31.98242187499997, -24.648437499999986], [32.01171875, -24.951171875], [31.98242187499997, -25.4296875], [32.00195312500003, -25.64453125], [31.91406250000003, -25.830078125], [31.953125, -25.9375], [32.080078125, -26.005859375], [32.08984375000003, -26.181640625], [32.05078125, -26.26953125], [32.060546875, -26.38671875], [32.119140625, -26.484375], [32.12890625, -26.826171875], [32.33398437499997, -26.855468750000014], [32.88085937500003, -26.8359375], [34.99023437500003, -27.83203125], [31.985677083333314, -32.99153645833333], [29.51171875, -31.601562500000014], [28.28125, -30.46875], [26.20117187500003, -30.888671874999986], [23.75, -31.328125], [21.240234375, -30.48828125], [14.993489583333334, -30.48828125], [14.990234375, -27.493489583333332], [20.986328125, -27.490234375], [20.999348958333314, -26.84895833333333], [21.19140625000003, -26.855468750000014], [21.240234375, -26.826171875], [21.43554687499997, -26.81640625], [21.494140625, -26.845703124999986], [21.689453125, -26.845703124999986], [21.767578125, -26.787109375], [21.767578125, -26.669921874999986], [21.953125, -26.66015625], [22.05078124999997, -26.62109375], [22.255859375, -26.328125], [22.34375, -26.318359374999986], [22.4609375, -26.201171875], [22.529296875, -26.2109375], [22.65625, -26.054687499999986], [22.65625, -26.015625], [22.705078125, -25.99609375], [22.7197265625, -25.8642578125], [22.763671875, -25.8203125], [22.734375, -25.78125], [22.744140625, -25.732421875], [22.8125, -25.6640625], [22.83203125, -25.478515625], [22.978515625, -25.322265625], [23.06640625, -25.3076171875]]]]}}, {"type": "Feature", "properties": {"FID": 173, "FIR_NAME": "GANDER OCEANIC", "ICAO_CODE": "CZQX", "TYPE": "FIR", "COUNTRY": "Canada"}, "geometry": {"type": "MultiPolygon", "coordinates": [[[[-51.005859375, 45.013020833333336], [-51.005859375, 49.00390625], [-51.03515625, 49.052734375], [-53.994140625, 52.998046875], [-58.984375, 56.982421875], [-60.37109375, 58.479817708333336], [-61.5625, 59.6875], [-63.0078125, 61.015625], [-63.0078125, 63.994140625], [-60.05859375, 65.0], [-57.7734375, 65.01302083333333], [-55.693359375, 63.525390625], [-53.6328125, 61.9140625], [-51.73828125, 60.234375], [-50.0, 58.505859375], [-43.0078125, 58.505859375], [-42.109375, 59.78515625], [-40.83984375, 61.42578125], [-39.58984375, 62.880859375], [-38.977864583333336, 63.509114583333336], [-36.7578125, 62.978515625], [-34.208984375, 62.3046875], [-32.36328125, 61.767578125], [-30.006510416666668, 61.002604166666664], [-30.009765625, 45.013020833333336], [-40.009765625, 45.006510416666664], [-51.005859375, 45.013020833333336]]]]}}, {"type": "Feature", "properties": {"FID": 174, "FIR_NAME": "GANDER DOMESTIC", "ICAO_CODE": "CZQX", "TYPE": "FIR", "COUNTRY": "Canada"}, "geometry": {"type": "MultiPolygon", "coordinates": [[[[-60.37109375, 58.479817708333336], [-58.984375, 56.982421875], [-53.994140625, 52.998046875], [-51.03515625, 49.052734375], [-51.005859375, 49.00390625], [-51.005859375, 45.013020833333336], [-53.0078125, 45.009765625], [-56.061197916666664, 44.466145833333336], [-56.4453125, 45.537109375], [-56.50390625, 45.634765625], [-59.091796875, 47.060546875], [-61.25, 48.1640625], [-61.995442708333336, 48.509114583333336], [-61.005859375, 49.306640625], [-60.986328125, 49.55078125], [-58.0078125, 51.005859375], [-57.021484375, 51.279296875], [-57.001953125000014, 51.30859375], [-57.021484375, 51.748046875], [-58.125, 52.197265625], [-59.482421875, 51.650390625], [-59.51171875, 51.62109375], [-59.521484375, 51.318359375], [-60.009765625, 50.83984375], [-62.099609375000014, 50.83984375], [-64.013671875, 51.435546875], [-64.921875, 53.7109375], [-65.34179687499999, 54.423828125], [-65.068359375, 55.09765625], [-64.00390625, 55.37109375], [-64.00390625, 57.548828125], [-60.37109375, 58.479817708333336]]]]}}, {"type": "Feature", "properties": {"FID": 175, "FIR_NAME": "ISTANBUL", "ICAO_CODE": "LTBB", "TYPE": "FIR", "COUNTRY": "Turkey"}, "geometry": {"type": "MultiPolygon", "coordinates": [[[[26.5771484375, 41.93359375], [26.62109374999997, 41.982421875], [26.89453125, 41.9921875], [27.0703125, 42.099609375], [27.1875, 42.080078125], [27.28515625, 42.109375], [27.55859375, 41.9140625], [27.69531250000003, 41.982421875], [27.8125, 41.962890625], [27.83203125, 42.01171875], [28.06640625, 41.9921875], [29.0234375, 42.12890625], [30.745442708333325, 42.815755208333336], [30.99609375, 42.799479166666664], [30.99609375, 39.521484375], [29.990234375, 38.994140625], [29.990234375, 36.09375], [29.638671875, 36.123046875], [29.580078125, 36.171875], [29.462890625, 36.19140625], [29.384765625, 36.15234375], [28.349609375, 36.54296875], [28.056640625, 36.494140625], [27.841796875, 36.69921875], [27.51953125000003, 36.5234375], [27.275390625, 36.66015625], [27.294921875, 36.767578125], [27.41210937499997, 36.9140625], [27.2265625, 36.943359375], [27.177734375, 36.9921875], [27.14843749999997, 37.060546875], [27.177734375, 37.255859375], [26.97265624999997, 37.646484375], [27.12890625, 37.763671875], [27.001953125, 37.861328125], [26.30859375, 38.10546875], [26.19140625, 38.18359375], [26.220703125, 38.33984375], [26.298828125, 38.4765625], [26.30859375, 38.662109375], [26.689453125, 38.984375], [26.689453125, 39.08203125], [26.416015625, 39.4140625], [26.328125, 39.43359375], [25.9765625, 39.375], [25.76171875000003, 39.4921875], [25.58593750000003, 40.107421875], [25.576171875, 40.185546875], [25.625, 40.3125], [25.83007812499997, 40.37109375], [25.888671875, 40.458984375], [25.908203125, 40.517578125], [25.869140625, 40.625], [26.00585937499997, 40.72265625], [26.103515625, 40.7421875], [26.220703125, 40.888671875], [26.34765625, 40.966796875], [26.3671875, 41.025390625], [26.318359375, 41.07421875], [26.318359375, 41.181640625], [26.337890625, 41.26953125], [26.396484375, 41.259765625], [26.5234375, 41.34765625], [26.6015625, 41.337890625], [26.630859375, 41.3671875], [26.591796875, 41.611328125], [26.337890625, 41.722005208333336], [26.328125, 41.77734375], [26.3671875, 41.826171875], [26.53320312499997, 41.8359375], [26.5771484375, 41.93359375]]]]}}, {"type": "Feature", "properties": {"FID": 176, "FIR_NAME": "RIGA", "ICAO_CODE": "EVRR", "TYPE": "FIR", "COUNTRY": "Latvia"}, "geometry": {"type": "MultiPolygon", "coordinates": [[[[27.4296875, 57.529296875], [27.529296875, 57.5390625], [27.55343663664638, 57.524044067549866], [27.53914689821783, 57.4635228224407], [27.55511778234386, 57.43662449128108], [27.60471158041942, 57.4130884515164], [27.691290583839468, 57.38534954750804], [27.825782239637604, 57.32146601100393], [27.861926872133353, 57.307176272575376], [27.855202289343445, 57.227321851945234], [27.83250682242751, 57.188655500903266], [27.81065192836031, 57.15503258695374], [27.775347868713304, 57.126453110096634], [27.749290110402413, 57.105438788878175], [27.736681517671336, 57.06341014644126], [27.727435216335216, 57.03314952388668], [27.736681517671336, 57.00541061987831], [27.74508724615872, 56.99112088144976], [27.738362663368815, 56.96926598738256], [27.724609375, 56.953125], [27.664392252679843, 56.8885709939037], [27.66187053413363, 56.8557886528029], [27.70221803087307, 56.84654235146678], [27.761058130284752, 56.86167266274407], [27.81653593830148, 56.86839724553398], [27.854361716494708, 56.863353808441545], [27.88966577614172, 56.848223497164255], [27.927491554334942, 56.842339487223086], [27.956071031192046, 56.837296050130654], [27.97876649810798, 56.83141204018949], [27.982128789502934, 56.81460058321472], [27.96363618683069, 56.797789126239955], [27.932534991427374, 56.773412513626546], [27.920766971545035, 56.75828220234926], [27.919926398696298, 56.74231131822322], [27.945143584158448, 56.721296997004764], [27.977925925259242, 56.70112324863505], [28.01154883920878, 56.681790073114065], [28.01407055775499, 56.64228314922336], [28.022476286242377, 56.607819662425094], [28.03508487897345, 56.59184877829906], [28.067867220074245, 56.58008075841673], [28.099808988326302, 56.575037321324295], [28.13595362082205, 56.571675029929345], [28.14688106785565, 56.56495044713944], [28.144359349309433, 56.54645784446719], [28.135113047973313, 56.5313275331899], [28.13476562500003, 56.5087890625], [28.232421875, 56.298828125], [28.1640625, 56.1865234375], [27.9296875, 56.123046875], [27.7734375, 55.986328125], [27.666015625, 55.947265625], [27.58789062499997, 55.80078125], [27.34375, 55.830078125], [27.25585937500003, 55.80078125], [27.16796875000003, 55.849609375], [26.982421875, 55.83984375], [26.845703125, 55.712890625], [26.650390625, 55.712890625], [26.608072916666668, 55.680338541666664], [26.28906250000003, 55.751953125], [26.19140625, 55.869140625], [25.712890625, 56.09375], [25.67382812500003, 56.162109375], [25.09765625, 56.201171875], [24.90234375, 56.455078125], [24.658203125, 56.376953125], [24.541015625, 56.2890625], [24.4140625, 56.279296875], [24.326171875, 56.318359375], [24.169921875, 56.26953125], [23.96484375, 56.337890625], [23.72070312499997, 56.3671875], [23.583984375, 56.3671875], [23.525390625, 56.337890625], [23.26171875, 56.38671875], [23.173828125, 56.3671875], [23.134765625, 56.318359375], [23.056640625, 56.318359375], [22.94921875000003, 56.42578125], [22.65625, 56.3671875], [22.51953125, 56.416015625], [22.20703125, 56.40625], [22.1484375, 56.435546875], [21.708984375, 56.318359375], [21.591796875, 56.328125], [21.43554687499997, 56.25], [21.357421875, 56.25], [21.23046875, 56.162109375], [21.2109375, 56.09375], [20.80078125, 56.07421875], [20.625, 56.07421875], [18.525390625, 56.357421875], [19.814453125, 56.9921875], [20.641276041666647, 58.41796875], [21.45507812500003, 58.134765625], [21.6015625, 57.900390625], [21.708984375, 57.79296875], [21.89453125000003, 57.75390625], [22.1484375, 57.783203125], [22.548828125, 57.9296875], [22.6953125, 57.94921875], [23.1640625, 57.59765625], [23.408203125, 57.59765625], [23.583984375, 57.685546875], [23.642578125, 57.783203125], [23.61328125, 57.91015625], [24.2578125, 57.919921875], [24.306640625, 57.880859375], [24.4140625, 57.880859375], [24.541015625, 57.958984375], [24.697265625, 57.958984375], [24.74609375, 58.0078125], [24.833984375, 57.98828125], [25.107421875, 58.0859375], [25.15625, 58.0859375], [25.244140625, 57.998046875], [25.29296875, 58.017578125], [25.263671875, 58.06640625], [25.283203125, 58.095703125], [25.47851562499997, 57.98828125], [25.556640625, 57.978515625], [25.60546875, 57.9296875], [25.74218749999997, 57.939453125], [25.791015625, 57.87109375], [26.015625, 57.861328125], [26.03515625, 57.783203125], [26.15234375, 57.744140625], [26.28906250000003, 57.6171875], [26.455078125, 57.578125], [26.50390625, 57.529296875], [26.69921875, 57.587890625], [26.826171875, 57.587890625], [26.865234375, 57.63671875], [26.953125, 57.63671875], [27.08007812500003, 57.568359375], [27.4296875, 57.529296875]]]]}}, {"type": "Feature", "properties": {"FID": 177, "FIR_NAME": null, "ICAO_CODE": null, "TYPE": "FIR", "COUNTRY": null}, "geometry": {"type": "MultiPolygon", "coordinates": [[[[-73.66861979166667, 39.04296875], [-74.208984375, 39.58984375], [-74.48242187499999, 39.599609375], [-74.48242187499999, 39.658203125], [-74.8046875, 39.658203125], [-74.90234375, 39.70703125], [-74.94140625, 39.765625], [-74.66552734375, 40.0048828125], [-73.67024739583333, 40.29296875], [-73.73046875, 39.94140625], [-73.25520833333333, 39.733072916666664], [-73.18359375, 39.6875], [-73.193359375, 39.658203125], [-73.66861979166667, 39.04296875]]]]}}, {"type": "Feature", "properties": {"FID": 178, "FIR_NAME": "BAGHDAD", "ICAO_CODE": "ORBB", "TYPE": "FIR", "COUNTRY": "Iraq"}, "geometry": {"type": "MultiPolygon", "coordinates": [[[[44.768880208333336, 37.174479166666664], [44.765625, 37.109375], [44.90234374999997, 37.03125], [44.90234374999997, 36.89453125], [44.83398437500003, 36.81640625], [45.0, 36.7578125], [45.05859375, 36.689453125], [45.00976562500003, 36.54296875], [45.078125, 36.435546875], [45.234375, 36.435546875], [45.27343750000003, 36.38671875], [45.263671875, 36.318359375], [45.3125, 36.240234375], [45.3125, 36.162109375], [45.36132812500003, 36.103515625], [45.33203125, 36.03515625], [45.3515625, 35.99609375], [45.53710937500003, 36.015625], [45.634765625, 35.966796875], [45.751953125, 35.8203125], [46.06445312500003, 35.869140625], [46.11328125, 35.869140625], [46.171875, 35.810546875], [46.2890625, 35.83984375], [46.337890625, 35.8203125], [46.259765625, 35.732421875], [46.025390625, 35.693359375], [45.9912109375, 35.5810546875], [45.986328125, 35.478515625], [46.13281249999997, 35.33203125], [46.11328125, 35.25390625], [46.19140625, 35.205078125], [46.142578125, 35.166015625], [46.15234375000003, 35.1171875], [46.123046875, 35.09765625], [46.015625, 35.068359375], [45.927734375, 35.09765625], [45.86914062499997, 35.029296875], [45.86914062499997, 34.921875], [45.78125, 34.921875], [45.771484375, 34.86328125], [45.673828125, 34.8046875], [45.64453125, 34.736328125], [45.703125, 34.66796875], [45.71289062500003, 34.5703125], [45.5859375, 34.5703125], [45.52734375, 34.609375], [45.5078125, 34.58984375], [45.52734375, 34.51171875], [45.42968749999997, 34.443359375], [45.48828125, 34.345703125], [45.53710937500003, 34.35546875], [45.576171875, 34.31640625], [45.576171875, 34.267578125], [45.556640625, 34.150390625], [45.458984375, 34.08203125], [45.458984375, 34.033203125], [45.41015625, 33.9794921875], [45.5078125, 33.935546875], [45.634765625, 33.779296875], [45.634765625, 33.740234375], [45.7568359375, 33.61328125], [45.88867187500003, 33.6328125], [45.9375, 33.564453125], [45.86914062499997, 33.505859375], [45.986328125, 33.505859375], [46.03515625, 33.45703125], [46.04492187499997, 33.388671875], [46.171875, 33.271484375], [46.19140625, 33.193359375], [46.13281249999997, 33.134765625], [46.04492187499997, 33.115234375], [46.142578125, 33.06640625], [46.09375, 33.0078125], [46.11328125, 32.96875], [46.26953125, 32.978515625], [46.435546875, 32.939453125], [46.73828125, 32.763671875], [47.08984375, 32.490234375], [47.353515625, 32.48046875], [47.431640625, 32.392578125], [47.412109375, 32.34375], [47.51953125, 32.236328125], [47.5, 32.16796875], [47.685546875, 32.021484375], [47.783203125, 31.865234375], [47.8515625, 31.81640625], [47.685546875, 31.396484375], [47.685546875, 31.015625], [48.02734375, 30.99609375], [48.02734375, 30.498046875], [48.14453125, 30.439453125], [48.203125, 30.33203125], [48.271484375, 30.341796875], [48.408203125, 30.205078125], [48.388671875, 30.126953125], [48.466796875, 29.990234375], [48.701171875, 29.86653645833334], [48.388671875, 29.86328125], [47.71484374999997, 30.107421875], [47.353515625, 30.107421875], [47.138671875, 29.990234375], [46.728515625, 29.296875], [46.559244791666664, 29.11458333333333], [46.4453125, 29.072265625], [46.318359375, 29.072265625], [44.70703125, 29.208984375], [42.080078125, 31.123046875], [41.47460937499997, 31.357421875], [40.41015625, 31.953125], [39.21549479166668, 32.171223958333336], [39.287109375, 32.236328125], [39.248046875, 32.36328125], [39.072265625, 32.314453125], [39.0234375, 32.34375], [38.984375, 32.48046875], [39.0625, 32.5], [39.072265625, 32.548828125], [38.7890625, 33.375651041666664], [41.005859375, 34.443359375], [41.220703125, 34.78515625], [41.21093749999997, 35.25390625], [41.279296875, 35.517578125], [41.376953125, 35.634765625], [41.376953125, 35.8203125], [41.25, 36.064453125], [41.2890625, 36.376953125], [41.396484375, 36.533203125], [41.82617187499997, 36.6015625], [42.34375, 37.041015625], [42.356770833333314, 37.119140625], [42.568359375, 37.158203125], [42.6025390625, 37.2021484375], [42.71484375, 37.353515625], [42.79296874999997, 37.392578125], [42.90039062500003, 37.333984375], [43.14453124999997, 37.3828125], [43.271484375, 37.32421875], [43.349609375, 37.333984375], [43.486328125, 37.255859375], [43.75976562499997, 37.24609375], [43.818359375, 37.216796875], [43.896484375, 37.2265625], [44.00390625, 37.32421875], [44.11132812499997, 37.32421875], [44.2578125, 37.24609375], [44.2578125, 37.177734375], [44.189453125, 37.099609375], [44.27734375, 36.982421875], [44.31640625, 36.982421875], [44.365234375, 37.060546875], [44.4921875, 37.099609375], [44.63867187499997, 37.197265625], [44.768880208333336, 37.174479166666664]]]]}}, {"type": "Feature", "properties": {"FID": 179, "FIR_NAME": "YEREVAN", "ICAO_CODE": "UDDD", "TYPE": "FIR", "COUNTRY": "Armenia"}, "geometry": {"type": "MultiPolygon", "coordinates": [[[[44.78759765625, 39.6875], [44.599609375, 39.833984375], [44.46289062499997, 39.98046875], [44.326171875, 40.0390625], [43.916015625, 40.01953125], [43.642578125, 40.126953125], [43.7109375, 40.17578125], [43.681640625, 40.25390625], [43.58398437499997, 40.341796875], [43.61328125, 40.419921875], [43.5546875, 40.48828125], [43.6328125, 40.52734375], [43.720703125, 40.634765625], [43.740234375, 40.771484375], [43.671875, 40.869140625], [43.662109375, 40.9375], [43.59375, 40.99609375], [43.486328125, 41.025390625], [43.460286458333336, 41.116536458333336], [43.525390625, 41.142578125], [43.7890625, 41.123046875], [43.86718750000003, 41.171875], [44.150390625, 41.19140625], [44.189453125, 41.240234375], [44.28710937499997, 41.201171875], [44.365234375, 41.23046875], [44.453125, 41.19140625], [44.53125, 41.220703125], [44.57031250000003, 41.19140625], [44.62890625, 41.240234375], [44.853515625, 41.220703125], [44.82421875, 41.2890625], [44.9609375, 41.26953125], [45.01953125, 41.298828125], [45.05859375, 41.201171875], [45.146484375, 41.2109375], [45.21484375, 41.15234375], [45.18554687500003, 41.123046875], [45.087890625, 41.123046875], [45.068359375, 41.09375], [45.09765625000003, 41.064453125], [45.15625, 41.083984375], [45.224609375, 41.025390625], [45.322265625, 41.005859375], [45.42968749999997, 41.03515625], [45.439453125, 40.966796875], [45.56640625, 40.87890625], [45.615234375, 40.87890625], [45.5859375, 40.791015625], [45.42968749999997, 40.7421875], [45.380859375, 40.673828125], [45.51757812499997, 40.478515625], [45.654296875, 40.380859375], [45.99609375, 40.234375], [45.97656250000003, 40.126953125], [45.91796875, 40.09765625], [45.88867187500003, 40.01953125], [45.625, 40.029296875], [45.5859375, 39.990234375], [45.751953125, 39.9609375], [45.830078125, 39.84375], [46.005859375, 39.775390625], [46.07421875, 39.6875], [46.142578125, 39.66796875], [46.2109375, 39.599609375], [46.357421875, 39.62890625], [46.54296875, 39.560546875], [46.494140625, 39.47265625], [46.376953125, 39.443359375], [46.40625, 39.375], [46.494140625, 39.345703125], [46.611328125, 39.23828125], [46.54296875, 39.19921875], [46.4453125, 39.228515625], [46.40625, 39.19921875], [46.50390625000003, 39.111328125], [46.513671875, 39.033203125], [46.484375, 38.96484375], [46.5234375, 38.896484375], [46.337890625, 38.916015625], [46.15559895833334, 38.857421875], [46.0546875, 39.0625], [45.95703124999997, 39.1796875], [45.99609375, 39.267578125], [45.771484375, 39.375], [45.8203125, 39.443359375], [45.791015625, 39.5703125], [45.72265625, 39.58984375], [45.439453125, 39.501953125], [45.390625, 39.541015625], [45.33203125, 39.541015625], [45.263671875, 39.619140625], [45.17578125, 39.580078125], [45.16601562499997, 39.6875], [45.05859375, 39.78515625], [44.931640625, 39.7265625], [44.78759765625, 39.6875]]]]}}, {"type": "Feature", "properties": {"FID": 180, "FIR_NAME": "JAKARTA", "ICAO_CODE": "WIIZ", "TYPE": "FIR", "COUNTRY": "Indonesia"}, "geometry": {"type": "MultiPolygon", "coordinates": [[[[119.98372395833333, 4.016927083333333], [121.240234375, 4.000651041666667], [117.998046875, -3.974609375], [117.98828125, -5.478515625], [120.986328125, -6.992187500000014], [124.482421875, -6.992187500000014], [126.81966145833333, -9.326171875], [123.330078125, -11.992187499999986], [114.4873046875, -11.9921875], [110.380859375, -8.330078125], [110.380859375, -2.98828125], [113.61328125, 1.243489583333333], [113.662109375, 1.23046875], [113.75, 1.279296875], [113.828125, 1.337890625], [113.828125, 1.38671875], [113.955078125, 1.455078125], [114.130859375, 1.474609375], [114.208984375, 1.42578125], [114.39453125, 1.5234375], [114.5703125, 1.4453125], [114.599609375, 1.572265625], [114.70703125, 1.66015625], [114.716796875, 1.85546875], [114.78515625, 1.85546875], [114.873046875, 1.923828125], [114.84375, 1.962890625], [114.873046875, 2.03125], [114.78515625, 2.05078125], [114.794921875, 2.119140625], [114.74609375, 2.16796875], [114.8046875, 2.255859375], [114.951171875, 2.3046875], [114.970703125, 2.373046875], [115.009765625, 2.36328125], [115.13671875, 2.48046875], [115.234375, 2.509765625], [115.166015625, 2.6171875], [115.087890625, 2.6171875], [115.09765625, 2.724609375], [115.13671875, 2.75390625], [115.13671875, 2.802734375], [115.09765625, 2.822265625], [115.146484375, 2.880859375], [115.13671875, 2.91015625], [115.234375, 2.96875], [115.283203125, 3.046875], [115.33203125, 2.98828125], [115.478515625, 3.02734375], [115.546875, 3.154296875], [115.5078125, 3.212890625], [115.537109375, 3.369140625], [115.5859375, 3.466796875], [115.625, 3.41796875], [115.64453125, 3.4375], [115.56640625, 3.623046875], [115.56640625, 3.740234375], [115.60546875, 3.828125], [115.5810546875, 3.9453125], [115.64453125, 3.994140625], [115.68359375, 4.1796875], [115.771484375, 4.2578125], [115.8203125, 4.248046875], [115.888671875, 4.404296875], [116.07421875, 4.287109375], [116.171875, 4.39453125], [116.34765625, 4.39453125], [116.455078125, 4.306640625], [116.5234375, 4.345703125], [116.5576171875, 4.404296875], [116.62109375, 4.345703125], [116.708984375, 4.345703125], [116.748046875, 4.384765625], [116.826171875, 4.3359375], [116.9140625, 4.375], [117.001953125, 4.3359375], [117.1875, 4.3359375], [117.236328125, 4.375], [117.40234375, 4.2578125], [117.44140625, 4.189453125], [117.578125, 4.169921875], [117.783203125, 4.08203125], [117.900390625, 3.994140625], [119.98372395833333, 4.016927083333333]]]]}}, {"type": "Feature", "properties": {"FID": 181, "FIR_NAME": "MANILA", "ICAO_CODE": "RPHI", "TYPE": "FIR", "COUNTRY": "Philippines"}, "geometry": {"type": "MultiPolygon", "coordinates": [[[[121.240234375, 4.000651041666667], [119.98372395833333, 4.016927083333333], [117.5, 7.5], [116.48763020833333, 8.421223958333334], [113.994140625, 10.501302083333334], [113.99088541666667, 14.51171875], [113.994140625, 16.6796875], [117.49348958333333, 21.005859375], [121.51041666666667, 21.018880208333332], [129.990234375, 21.002604166666668], [129.990234375, 7.01171875], [132.51953125, 4.007161458333333], [131.9921875, 4.000651041666667], [121.240234375, 4.000651041666667]]]]}}, {"type": "Feature", "properties": {"FID": 182, "FIR_NAME": "PORT AU PRINCE", "ICAO_CODE": "MTEG", "TYPE": "FIR", "COUNTRY": "Haiti"}, "geometry": {"type": "MultiPolygon", "coordinates": [[[[-75.0, 18.505859375], [-73.34635416666667, 20.009765625], [-72.98828124999999, 20.4296875], [-71.669921875, 20.416666666666668], [-71.77734375, 19.8046875], [-71.69921875, 19.453125], [-71.76757812500001, 19.326171875], [-71.640625, 19.21875], [-71.640625, 19.150390625], [-71.787109375, 19.00390625], [-71.85546875000001, 18.984375], [-71.84570312499999, 18.955078125], [-71.787109375, 18.96484375], [-71.71875, 18.876953125], [-71.728515625, 18.720703125], [-71.84570312499999, 18.623046875], [-72.001953125, 18.61328125], [-71.89453125, 18.486328125], [-71.9140625, 18.447265625], [-71.708984375, 18.3203125], [-71.77734375, 18.212890625], [-71.77734375, 18.017578125], [-71.68294270833333, 17.001953125], [-73.0078125, 17.008463541666668], [-75.0, 18.505859375]]]]}}, {"type": "Feature", "properties": {"FID": 183, "FIR_NAME": "COLOMBO", "ICAO_CODE": "VCCF", "TYPE": "FIR", "COUNTRY": "Sri Lanka"}, "geometry": {"type": "MultiPolygon", "coordinates": [[[[91.99544270833333, 6.002604166666667], [91.98893229166667, -1.988932291666671], [78.00130208333333, -1.988932291666671], [77.98502604166667, 6.002604166666667], [80.0, 10.009765625], [81.9921875, 10.009765625], [91.99544270833333, 6.002604166666667]]]]}}, {"type": "Feature", "properties": {"FID": 184, "FIR_NAME": "JAKARTA", "ICAO_CODE": "WIIZ", "TYPE": "FIR", "COUNTRY": "Indonesia"}, "geometry": {"type": "MultiPolygon", "coordinates": [[[[91.98893229166667, -1.988932291666671], [91.99544270833333, 6.002604166666667], [94.4140625, 6.009114583333333], [97.490234375, 6.005859375], [102.16145833333333, 1.650390625], [102.1484375, 1.181640625], [102.236328125, 0.80078125], [102.353515625, 0.546875], [102.5, 0.33203125], [102.8515625, 0.0], [103.0859375, -0.136718750000014], [103.408203125, -0.25390625], [103.90625, -0.29296875], [104.140625, -0.263671875], [104.404296875, -0.185546875], [104.765625, 0.009765625], [105.146484375, 0.009765625], [105.99609375, -0.8203125], [107.998046875, 0.009765625], [108.984375, 0.009765625], [108.994140625, 0.2734375], [108.974609375, 0.3125], [108.916015625, 0.322265625], [108.916015625, 0.634765625], [108.837890625, 0.810546875], [108.93359375, 0.951171875], [108.90625, 1.162109375], [108.955078125, 1.181640625], [108.9453125, 1.220703125], [109.033203125, 1.357421875], [109.04296875, 1.533203125], [109.23828125, 1.66015625], [109.326171875, 1.85546875], [109.326171875, 1.953125], [109.5703125, 2.001953125], [109.6142578125, 2.05078125], [109.619140625, 2.001953125], [109.53125, 1.904296875], [109.58984375, 1.806640625], [109.677734375, 1.787109375], [109.6484375, 1.640625], [109.853515625, 1.42578125], [109.951171875, 1.396484375], [109.9609375, 1.328125], [110.05859375, 1.220703125], [110.166015625, 1.201171875], [110.263671875, 1.015625], [110.322265625, 1.005859375], [110.390625, 0.99609375], [110.498046875, 0.87890625], [110.6298828125, 0.8935546875], [110.791015625, 0.91796875], [110.8984375, 1.03515625], [111.2109375, 1.083984375], [111.38671875, 1.015625], [111.474609375, 1.044921875], [111.5234375, 0.966796875], [111.650390625, 1.044921875], [111.826171875, 0.99609375], [111.93359375, 1.123046875], [112.12890625, 1.142578125], [112.16796875, 1.298828125], [112.2265625, 1.376953125], [112.197265625, 1.435546875], [112.48046875, 1.58203125], [112.79296875, 1.552734375], [112.880859375, 1.591796875], [113.0078125, 1.58203125], [113.056640625, 1.533203125], [112.978515625, 1.416015625], [113.095703125, 1.4453125], [113.1640625, 1.38671875], [113.3203125, 1.376953125], [113.427734375, 1.2890625], [113.49609375, 1.328125], [113.564453125, 1.318359375], [113.61328125, 1.243489583333333], [110.380859375, -2.98828125], [110.380859375, -8.330078125], [114.4873046875, -11.9921875], [106.982421875, -11.992187499999986], [103.61328125, -9.833984375], [99.35546875, -7.021484375], [91.98893229166667, -1.988932291666671]]]]}}, {"type": "Feature", "properties": {"FID": 185, "FIR_NAME": "NUUK", "ICAO_CODE": "BGGL", "TYPE": "FIR", "COUNTRY": "Greenland"}, "geometry": {"type": "MultiPolygon", "coordinates": [[[[-0.013020833333333, 73.0078125], [-19.990234375, 73.0078125], [-20.01953125, 70.0], [-22.392578125, 69.47265625], [-24.873046875, 68.84765625], [-27.32421875, 68.154296875], [-30.029296875, 67.294921875], [-32.08984375, 66.5625], [-34.208984375, 65.732421875], [-36.787109375, 64.599609375], [-38.977864583333336, 63.509114583333336], [-39.58984375, 62.880859375], [-40.83984375, 61.42578125], [-42.109375, 59.78515625], [-43.0078125, 58.505859375], [-50.0, 58.505859375], [-51.73828125, 60.234375], [-53.6328125, 61.9140625], [-55.693359375, 63.525390625], [-57.7734375, 65.01302083333333], [-58.8671875, 66.201171875], [-59.94140625, 67.24609375], [-60.87890625, 68.0859375], [-61.943359375, 68.96484375], [-62.75390625, 69.580078125], [-63.33984375, 70.009765625], [-64.8828125, 71.044921875], [-66.25, 71.865234375], [-67.783203125, 72.705078125], [-70.107421875, 73.818359375], [-71.4453125, 74.384765625], [-72.94921875, 74.970703125], [-74.43359375, 75.498046875], [-75.99609375, 76.005859375], [-75.673828125, 76.748046875], [-75.0, 78.0078125], [-73.18359375, 78.740234375], [-72.0703125, 79.140625], [-70.5078125, 79.6484375], [-68.759765625, 80.15625], [-66.9921875, 80.615234375], [-63.7890625, 81.328125], [-62.001953124999986, 81.669921875], [-60.01953125, 82.001953125], [-60.009765625, 89.990234375], [29.990234375, 89.990234375], [29.986979166666675, 82.01171875], [0.009765625000028, 82.01171875], [-0.013020833333333, 73.0078125]]]]}}, {"type": "Feature", "properties": {"FID": 186, "FIR_NAME": "REYKJAVIK", "ICAO_CODE": "BIRD", "TYPE": "FIR", "COUNTRY": "Iceland"}, "geometry": {"type": "MultiPolygon", "coordinates": [[[[-38.977864583333336, 63.509114583333336], [-36.787109375, 64.599609375], [-34.208984375, 65.732421875], [-32.08984375, 66.5625], [-30.029296875, 67.294921875], [-27.32421875, 68.154296875], [-24.873046875, 68.84765625], [-22.392578125, 69.47265625], [-20.01953125, 70.0], [-19.990234375, 73.0078125], [-0.013020833333333, 73.0078125], [-0.006510416666667, 63.0078125], [-0.013020833333333, 61.005859375], [-10.009765625, 61.002604166666664], [-30.006510416666668, 61.002604166666664], [-32.36328125, 61.767578125], [-34.208984375, 62.3046875], [-36.7578125, 62.978515625], [-38.977864583333336, 63.509114583333336]]]]}}, {"type": "Feature", "properties": {"FID": 187, "FIR_NAME": "CHITA", "ICAO_CODE": "UIAA", "TYPE": "FIR", "COUNTRY": "Russia"}, "geometry": {"type": "MultiPolygon", "coordinates": [[[[-84.991949, 40.606952], [-85.414449, 40.663341], [-85.9765625, 40.09765625], [-86.09375, 40.009765625], [-88.2421875, 40.006510416666664], [-89.77539062499999, 40.009765625], [-91.66015625, 40.791015625], [-93.49283854166667, 40.540364583333336], [-93.603515625, 41.19140625], [-93.515625, 41.42578125], [-93.447265625, 41.748046875], [-93.017578125, 42.7734375], [-92.94921875, 42.79296875], [-91.71875, 42.734375], [-90.29296875, 44.16015625], [-89.560546875, 44.16015625], [-89.04296875, 44.228515625], [-87.548828125, 43.974609375], [-87.14843750000001, 43.69140625], [-86.07630343543524, 43.63985088665349], [-85.5506453673527, 43.614532493466015], [-84.963616, 43.586675], [-85.009765625, 43.502604166666664], [-85.00651041666667, 41.9921875], [-85.009765625, 41.826171875], [-85.108338, 41.383341], [-84.716671, 41.283341], [-84.70377604166667, 40.908203125], [-84.684449, 40.746397], [-84.991949, 40.606952]]]]}}, {"type": "Feature", "properties": {"FID": 190, "FIR_NAME": "KOTA KINABALU", "ICAO_CODE": "WBFC", "TYPE": "FIR", "COUNTRY": "Malaysia"}, "geometry": {"type": "MultiPolygon", "coordinates": [[[[116.5576171875, 4.404296875], [116.5234375, 4.345703125], [116.455078125, 4.306640625], [116.34765625, 4.39453125], [116.171875, 4.39453125], [116.07421875, 4.287109375], [115.888671875, 4.404296875], [115.8203125, 4.248046875], [115.771484375, 4.2578125], [115.68359375, 4.1796875], [115.64453125, 3.994140625], [115.5810546875, 3.9453125], [115.60546875, 3.828125], [115.56640625, 3.740234375], [115.56640625, 3.623046875], [115.64453125, 3.4375], [115.625, 3.41796875], [115.5859375, 3.466796875], [115.537109375, 3.369140625], [115.5078125, 3.212890625], [115.546875, 3.154296875], [115.478515625, 3.02734375], [115.33203125, 2.98828125], [115.283203125, 3.046875], [115.234375, 2.96875], [115.13671875, 2.91015625], [115.146484375, 2.880859375], [115.09765625, 2.822265625], [115.13671875, 2.802734375], [115.13671875, 2.75390625], [115.09765625, 2.724609375], [115.087890625, 2.6171875], [115.166015625, 2.6171875], [115.234375, 2.509765625], [115.13671875, 2.48046875], [115.009765625, 2.36328125], [114.970703125, 2.373046875], [114.951171875, 2.3046875], [114.8046875, 2.255859375], [114.74609375, 2.16796875], [114.794921875, 2.119140625], [114.78515625, 2.05078125], [114.873046875, 2.03125], [114.84375, 1.962890625], [114.873046875, 1.923828125], [114.78515625, 1.85546875], [114.716796875, 1.85546875], [114.70703125, 1.66015625], [114.599609375, 1.572265625], [114.5703125, 1.4453125], [114.39453125, 1.5234375], [114.208984375, 1.42578125], [114.130859375, 1.474609375], [113.955078125, 1.455078125], [113.828125, 1.38671875], [113.828125, 1.337890625], [113.75, 1.279296875], [113.662109375, 1.23046875], [113.61328125, 1.243489583333333], [113.564453125, 1.318359375], [113.49609375, 1.328125], [113.427734375, 1.2890625], [113.3203125, 1.376953125], [113.1640625, 1.38671875], [113.095703125, 1.4453125], [112.978515625, 1.416015625], [113.056640625, 1.533203125], [113.0078125, 1.58203125], [112.880859375, 1.591796875], [112.79296875, 1.552734375], [112.48046875, 1.58203125], [112.197265625, 1.435546875], [112.2265625, 1.376953125], [112.16796875, 1.298828125], [112.12890625, 1.142578125], [111.93359375, 1.123046875], [111.826171875, 0.99609375], [111.650390625, 1.044921875], [111.5234375, 0.966796875], [111.474609375, 1.044921875], [111.38671875, 1.015625], [111.2109375, 1.083984375], [110.8984375, 1.03515625], [110.791015625, 0.91796875], [110.6298828125, 0.8935546875], [110.498046875, 0.87890625], [110.390625, 0.99609375], [110.322265625, 1.005859375], [110.263671875, 1.015625], [110.166015625, 1.201171875], [110.05859375, 1.220703125], [109.9609375, 1.328125], [109.951171875, 1.396484375], [109.853515625, 1.42578125], [109.6484375, 1.640625], [109.677734375, 1.787109375], [109.58984375, 1.806640625], [109.53125, 1.904296875], [109.619140625, 2.001953125], [109.6142578125, 2.05078125], [109.5703125, 2.001953125], [109.326171875, 1.953125], [109.326171875, 1.85546875], [109.23828125, 1.66015625], [109.04296875, 1.533203125], [109.033203125, 1.357421875], [108.9453125, 1.220703125], [108.955078125, 1.181640625], [108.90625, 1.162109375], [108.93359375, 0.951171875], [108.49609375, 1.015625], [108.49283854166667, 2.01171875], [108.49609375, 2.255859375], [108.525390625, 2.28515625], [113.30078125, 6.002604166666667], [116.48763020833333, 8.421223958333334], [117.5, 7.5], [119.98372395833333, 4.016927083333333], [117.900390625, 3.994140625], [117.783203125, 4.08203125], [117.578125, 4.169921875], [117.44140625, 4.189453125], [117.40234375, 4.2578125], [117.236328125, 4.375], [117.1875, 4.3359375], [117.001953125, 4.3359375], [116.9140625, 4.375], [116.826171875, 4.3359375], [116.748046875, 4.384765625], [116.708984375, 4.345703125], [116.62109375, 4.345703125], [116.5576171875, 4.404296875]]]]}}, {"type": "Feature", "properties": {"FID": 191, "FIR_NAME": "TASHKENT", "ICAO_CODE": "UTTR", "TYPE": "FIR", "COUNTRY": "Uzbekistan"}, "geometry": {"type": "MultiPolygon", "coordinates": [[[[70.64453124999999, 40.081380208333336], [70.947265625, 40.17578125], [70.9765625, 40.224609375], [70.8984375, 40.244140625], [70.625, 40.205078125], [70.537109375, 40.37109375], [70.361328125, 40.439453125], [70.380859375, 40.498046875], [70.49804687500003, 40.537109375], [70.751953125, 40.712890625], [70.703125, 40.849609375], [70.595703125, 40.99609375], [70.5078125, 41.03515625], [70.380859375, 40.927734375], [69.7265625, 40.712890625], [69.59960937499997, 40.72265625], [69.42382812499997, 40.830078125], [69.345703125, 40.810546875], [69.26757812500003, 40.712890625], [69.19921875, 40.5078125], [69.228515625, 40.400390625], [69.384765625, 40.244140625], [69.228515625, 40.21484375], [68.857421875, 40.224609375], [68.63281249999997, 40.15625], [68.642578125, 40.107421875], [68.74023437500003, 40.107421875], [68.90625, 40.166015625], [68.955078125, 40.15625], [68.96484375, 40.1171875], [68.92578125, 40.078125], [68.828125, 40.05859375], [68.89648437499997, 39.921875], [68.88671875, 39.873046875], [68.84765625, 39.853515625], [68.7890625, 39.912109375], [68.61328125, 39.775390625], [68.59375, 39.638671875], [68.525390625, 39.560546875], [68.115234375, 39.5703125], [67.802734375, 39.658203125], [67.50325520833334, 39.602864583333336], [67.783203125, 40.09765625], [67.75390624999997, 40.146484375], [67.51953125, 40.263671875], [65.966796875, 41.015625], [63.870442708333336, 41.402994791666664], [62.98828125, 41.572265625], [62.98828125, 42.373046875], [63.587239583333336, 42.620442708333336], [63.857421875, 42.509765625], [65.66406250000003, 43.02734375], [65.703125, 43.037109375], [65.759765625, 42.9453125], [66.11328125, 42.939453125], [66.08398437499997, 42.373046875], [65.99609374999997, 42.36328125], [65.99609374999997, 41.962890625], [66.533203125, 41.865234375], [66.640625, 41.25], [66.78710937499997, 41.162109375], [67.353515625, 41.1328125], [67.77343750000003, 41.181640625], [68.134765625, 41.1328125], [68.18359375, 41.09375], [68.232421875, 41.1328125], [68.41796875, 41.123046875], [68.525390625, 41.044921875], [68.662109375, 41.025390625], [68.74023437500003, 41.1328125], [68.96484375, 41.220703125], [69.07226562499997, 41.396484375], [69.23828125, 41.474609375], [69.404296875, 41.484375], [69.42382812499997, 41.5625], [69.62890625, 41.6796875], [69.94140625, 41.728515625], [69.98046875, 41.77734375], [70.12695312499997, 41.826171875], [70.361328125, 42.0703125], [70.47851562499997, 42.109375], [70.537109375, 42.041015625], [70.625, 42.03125], [70.751953125, 42.20703125], [70.83984375, 42.197265625], [70.94970703125, 42.24853515625], [70.927734375, 42.001953125], [71.044921875, 41.62109375], [71.083984375, 41.572265625], [71.572265625, 41.25], [72.099609375, 41.142578125], [72.55859375, 40.693359375], [72.568359375, 40.634765625], [72.51953125000003, 40.517578125], [71.943359375, 40.205078125], [71.044921875, 40.13671875], [70.64453124999999, 40.081380208333336]]]]}}, {"type": "Feature", "properties": {"FID": 192, "FIR_NAME": "DUSHANBE", "ICAO_CODE": "UTDD", "TYPE": "FIR", "COUNTRY": "Tajikistan"}, "geometry": {"type": "MultiPolygon", "coordinates": [[[[67.50325520833334, 39.602864583333336], [67.802734375, 39.658203125], [68.115234375, 39.5703125], [68.525390625, 39.560546875], [68.59375, 39.638671875], [68.61328125, 39.775390625], [68.7890625, 39.912109375], [68.84765625, 39.853515625], [68.88671875, 39.873046875], [68.89648437499997, 39.921875], [68.828125, 40.05859375], [68.92578125, 40.078125], [68.96484375, 40.1171875], [68.955078125, 40.15625], [68.90625, 40.166015625], [68.74023437500003, 40.107421875], [68.642578125, 40.107421875], [68.63281249999997, 40.15625], [68.857421875, 40.224609375], [69.228515625, 40.21484375], [69.384765625, 40.244140625], [69.228515625, 40.400390625], [69.19921875, 40.5078125], [69.26757812500003, 40.712890625], [69.345703125, 40.810546875], [69.42382812499997, 40.830078125], [69.59960937499997, 40.72265625], [69.7265625, 40.712890625], [70.380859375, 40.927734375], [70.5078125, 41.03515625], [70.595703125, 40.99609375], [70.703125, 40.849609375], [70.751953125, 40.712890625], [70.49804687500003, 40.537109375], [70.380859375, 40.498046875], [70.361328125, 40.439453125], [70.537109375, 40.37109375], [70.625, 40.205078125], [70.8984375, 40.244140625], [70.9765625, 40.224609375], [70.947265625, 40.17578125], [70.64453124999999, 40.081380208333336], [70.546875, 40.029296875], [70.76171875000003, 39.66796875], [70.09521484374997, 39.580078125], [70.84960937500003, 39.55078125], [70.947265625, 39.4140625], [71.00585937499997, 39.404296875], [71.103515625, 39.521484375], [71.26953124999997, 39.521484375], [71.318359375, 39.580078125], [71.474609375, 39.62890625], [71.54296875, 39.5703125], [71.50390625, 39.51171875], [71.54296875, 39.462890625], [71.73828125, 39.47265625], [71.767578125, 39.443359375], [71.72851562500003, 39.35546875], [71.767578125, 39.287109375], [71.875, 39.296875], [72.06054687499997, 39.384765625], [72.099609375, 39.306640625], [72.20703125, 39.2578125], [72.24609375, 39.19921875], [72.32421874999997, 39.3359375], [72.41210937499997, 39.365234375], [72.490234375, 39.35546875], [72.646484375, 39.404296875], [73.193359375, 39.365234375], [73.505859375, 39.482421875], [73.65234375, 39.459635416666664], [73.66210937500003, 39.345703125], [73.61328125, 39.23828125], [73.7109375, 39.1015625], [73.84765625, 38.984375], [73.828125, 38.9453125], [73.759765625, 38.9453125], [73.701171875, 38.896484375], [73.83789062500003, 38.59375], [73.935546875, 38.544921875], [74.0625, 38.544921875], [74.052734375, 38.603515625], [74.130859375, 38.681640625], [74.34570312499997, 38.681640625], [74.70703125, 38.53515625], [74.775390625, 38.53515625], [74.853515625, 38.466796875], [74.86328125, 38.408203125], [74.78515624999997, 38.30078125], [74.78515624999997, 38.193359375], [74.814453125, 38.076171875], [74.912109375, 38.017578125], [74.90234375, 37.8515625], [74.98046875000003, 37.802734375], [74.94140625, 37.6953125], [74.89257812500003, 37.65625], [74.94140625, 37.568359375], [75.0390625, 37.529296875], [75.166015625, 37.412109375], [75.09765625, 37.373046875], [75.087890625, 37.32421875], [74.87630208333331, 37.249348958333336], [74.814453125, 37.34375], [74.6875, 37.40234375], [74.501953125, 37.392578125], [74.34570312499997, 37.431640625], [74.23828125, 37.412109375], [74.228515625, 37.36328125], [74.18945312500003, 37.34375], [73.73046874999997, 37.2265625], [73.61328125, 37.265625], [73.65234375, 37.314453125], [73.720703125, 37.314453125], [73.76953125, 37.353515625], [73.759765625, 37.44140625], [73.61328125, 37.44140625], [73.515625, 37.48046875], [73.369140625, 37.451171875], [73.30078125, 37.470703125], [73.154296875, 37.412109375], [73.056640625, 37.314453125], [72.79296875, 37.236328125], [72.65625, 37.03125], [72.28515625, 36.982421875], [71.81640625000003, 36.689453125], [71.669921875, 36.6796875], [71.611328125, 36.69921875], [71.53320312499997, 36.787109375], [71.53320312499997, 36.845703125], [71.455078125, 36.943359375], [71.42578125, 37.05078125], [71.435546875, 37.20703125], [71.484375, 37.275390625], [71.474609375, 37.421875], [71.50390625, 37.4609375], [71.5234375, 37.7734375], [71.58203125, 37.8125], [71.58203125, 37.91015625], [71.5234375, 37.958984375], [71.34765625, 37.900390625], [71.259765625, 37.9296875], [71.25, 37.96875], [71.34765625, 38.154296875], [71.35742187499997, 38.251953125], [71.28906250000003, 38.310546875], [71.2109375, 38.3203125], [71.1328125, 38.3984375], [71.044921875, 38.408203125], [70.9765625, 38.4765625], [70.927734375, 38.4375], [70.84960937500003, 38.45703125], [70.67382812500003, 38.41796875], [70.6640625, 38.369140625], [70.595703125, 38.349609375], [70.458984375, 38.115234375], [70.234375, 37.939453125], [70.15625, 37.9296875], [70.166015625, 37.87109375], [70.244140625, 37.8125], [70.283203125, 37.71484375], [70.1904296875, 37.5830078125], [70.14648437500003, 37.5390625], [70.068359375, 37.5390625], [69.9609375, 37.568359375], [69.912109375, 37.6171875], [69.814453125, 37.587890625], [69.521484375, 37.587890625], [69.375, 37.451171875], [69.375, 37.353515625], [69.43359375, 37.236328125], [69.4140625, 37.1875], [69.2578125, 37.099609375], [69.12109375, 37.16796875], [68.96484375, 37.333984375], [68.896484375, 37.32421875], [68.80859374999997, 37.32421875], [68.80859374999997, 37.255859375], [68.671875, 37.28515625], [68.59375, 37.197265625], [68.408203125, 37.158203125], [68.3984375, 37.109375], [68.30078125000003, 37.119140625], [68.271484375, 37.099609375], [68.26171875, 37.01171875], [68.1640625, 37.021484375], [68.046875, 36.93359375], [68.0078125, 36.93359375], [67.87109375, 37.0703125], [67.763671875, 37.119140625], [67.77018229166669, 37.2265625], [67.8125, 37.529296875], [67.900390625, 37.666015625], [68.310546875, 38.046875], [68.36914062499997, 38.134765625], [68.37890625, 38.232421875], [68.173828125, 38.388671875], [68.06640625, 38.53515625], [68.056640625, 38.720703125], [68.115234375, 38.76953125], [68.0859375, 38.828125], [68.14453125, 38.8671875], [68.125, 38.9453125], [67.978515625, 39.033203125], [67.71484375, 39.033203125], [67.63671875, 39.1796875], [67.451171875, 39.228515625], [67.373046875, 39.287109375], [67.49023437499997, 39.35546875], [67.40234374999997, 39.51171875], [67.50325520833334, 39.602864583333336]]]]}}, {"type": "Feature", "properties": {"FID": 193, "FIR_NAME": "MUMBAI", "ICAO_CODE": "VABF", "TYPE": "FIR", "COUNTRY": "India"}, "geometry": {"type": "MultiPolygon", "coordinates": [[[[68.12988281250001, 23.5107421875], [68.10546874999997, 23.61328125], [68.18359375, 23.701171875], [68.21289062500003, 23.876953125], [68.26171875, 23.9111328125], [68.28125, 23.9453125], [68.3203125, 23.92578125], [68.359375, 23.974609375], [68.73046875, 23.974609375], [68.74023437500003, 24.31640625], [68.798828125, 24.345703125], [68.857421875, 24.248046875], [68.90625, 24.326171875], [68.974609375, 24.267578125], [69.08203125, 24.306640625], [69.208984375, 24.267578125], [69.306640625, 24.306640625], [69.58984375, 24.287109375], [69.716796875, 24.1796875], [70.029296875, 24.1796875], [70.12695312499997, 24.31640625], [70.56640624999997, 24.443359375], [70.576171875, 24.296875], [70.615234375, 24.2578125], [70.80078125, 24.248046875], [70.869140625, 24.2919921875], [70.927734375, 24.375], [71.015625, 24.365234375], [71.09863281249999, 24.4287109375], [70.986328125, 24.482421875], [70.9765625, 24.62890625], [71.07421875, 24.70703125], [70.92122395833331, 25.006510416666668], [81.9921875, 25.006510416666668], [81.98893229166667, 18.733723958333332], [77.12890625, 19.716796875], [75.99609375, 19.31640625], [75.9765625, 16.669921875], [73.0029296875, 16.2841796875], [73.57421875000003, 15.01953125], [71.99218750000003, 14.990234375], [71.99218750000001, 7.513020833333333], [69.990234375, 7.490234375], [69.990234375, 3.0859375], [67.98828125, -0.01953125], [67.98828125, -5.992838541666667], [59.993489583333336, -5.99609375], [59.986979166666664, 10.693359375], [59.986979166666664, 12.01171875], [59.986979166666664, 19.794921875], [64.47265625, 23.502604166666668], [68.12988281250001, 23.5107421875]]]]}}, {"type": "Feature", "properties": {"FID": 194, "FIR_NAME": "ALBUQUERQUE", "ICAO_CODE": "KZAB", "TYPE": "FIR", "COUNTRY": "United States"}, "geometry": {"type": "MultiPolygon", "coordinates": [[[[-102.55208333333333, 37.5], [-101.73828125, 36.494140625], [-100.009765625, 35.83658854166667], [-100.01953125, 35.3125], [-100.3125, 34.8828125], [-100.7421875, 34.482421875], [-101.982421875, 34.609375], [-102.32421875, 34.560546875], [-102.802734375, 34.326171875], [-103.388671875, 33.76953125], [-103.701171875, 33.408203125], [-103.80859375, 33.37890625], [-103.80859375, 32.98828125], [-103.935546875, 32.451171875], [-103.798828125, 32.03125], [-103.330078125, 31.650390625], [-102.158203125, 31.285807291666668], [-102.57161458333333, 29.768880208333332], [-102.685546875, 29.736328125], [-102.8125, 29.53125], [-102.83203125, 29.404296875], [-102.91015625, 29.27734375], [-102.900390625, 29.2236328125], [-102.98828125, 29.189453125], [-103.0859375, 29.091796875], [-103.134765625, 28.984375], [-103.18359375, 28.984375], [-103.427734375, 29.04296875], [-103.5546875, 29.16015625], [-103.69140625, 29.1796875], [-103.7744140625, 29.2431640625], [-104.052734375, 29.326171875], [-104.16015625, 29.39453125], [-104.228515625, 29.4921875], [-104.39453125, 29.55078125], [-104.501953125, 29.638671875], [-104.6875, 29.931640625], [-104.70703125, 30.224609375], [-104.86328125, 30.400390625], [-104.90234375, 30.576171875], [-104.990234375, 30.634765625], [-105.01953125, 30.693359375], [-105.234375, 30.810546875], [-105.400390625, 30.859375], [-105.576171875, 31.015625], [-105.615234375, 31.09375], [-105.771484375, 31.171875], [-105.9765625, 31.376953125], [-106.201171875, 31.46484375], [-106.376953125, 31.728515625], [-106.4453125, 31.767578125], [-108.203125, 31.787109375], [-108.22265625, 31.337890625], [-111.09375, 31.337890625], [-113.52213541666667, 32.109375], [-113.681640625, 32.724609375], [-113.720703125, 32.744140625], [-114.00390625, 32.705078125], [-114.00390625, 34.66796875], [-113.59375, 34.94140625], [-112.6953125, 35.380859375], [-112.01171875, 35.439453125], [-111.83268229166667, 35.774739583333336], [-110.185546875, 35.712890625], [-108.22265625, 36.03515625], [-107.44140625, 36.2109375], [-106.11328125, 36.71875], [-104.970703125, 36.728515625], [-102.55208333333333, 37.5]]]]}}, {"type": "Feature", "properties": {"FID": 195, "FIR_NAME": "NEW YORK", "ICAO_CODE": "KZNY", "TYPE": "FIR", "COUNTRY": "United States"}, "geometry": {"type": "MultiPolygon", "coordinates": [[[[-73.67024739583333, 40.29296875], [-74.66552734375, 40.0048828125], [-74.35546875, 40.25390625], [-74.501953125, 40.3125], [-74.697265625, 40.263671875], [-74.970703125, 40.341796875], [-75.048828125, 40.25390625], [-75.302734375, 40.081380208333336], [-76.33789062500001, 39.404296875], [-76.396484375, 39.39453125], [-76.884765625, 39.39453125], [-77.353515625, 39.51171875], [-77.36653645833333, 39.78515625], [-77.373046875, 39.8828125], [-77.82958984375, 39.86083984375], [-77.880859375, 40.546875], [-78.125, 40.87890625], [-77.626953125, 41.5625], [-77.265625, 42.1484375], [-76.80013020833333, 42.620442708333336], [-76.04166666666667, 42.301432291666664], [-75.03580729166667, 41.852213541666664], [-74.951171875, 41.73828125], [-74.6142578125, 41.59423828125], [-74.4140625, 41.42578125], [-74.12109375, 41.344401041666664], [-73.87695312500001, 41.25], [-73.857421875, 40.869140625], [-73.3984375, 40.869140625], [-73.30078125, 40.80078125], [-73.67024739583333, 40.29296875]]]]}}, {"type": "Feature", "properties": {"FID": 196, "FIR_NAME": "BRUXELLES", "ICAO_CODE": "EBBU", "TYPE": "FIR", "COUNTRY": null}, "geometry": {"type": "MultiPolygon", "coordinates": [[[[2.01171875, 51.510416666666664], [3.349609375000028, 51.38671875], [3.369140625, 51.2890625], [3.427734375, 51.25], [3.623046875, 51.30859375], [3.88671875, 51.2109375], [4.140625, 51.2890625], [4.2578125, 51.38671875], [4.4140625, 51.3671875], [4.39453125, 51.4453125], [4.51171875, 51.494140625], [4.541015625, 51.484375], [4.541015625, 51.435546875], [4.648437499999972, 51.435546875], [4.78515625, 51.513671875], [4.833984375, 51.484375], [4.829101562499986, 51.4306640625], [4.931640625000028, 51.40625], [5.029296875, 51.494140625], [5.087890624999972, 51.455078125], [5.078125, 51.396484375], [5.126953125, 51.337890625], [5.21484375, 51.328125], [5.234375, 51.26953125], [5.5078125, 51.298828125], [5.576171875, 51.220703125], [5.830078125, 51.171875], [5.8203125, 51.1181640625], [5.76171875, 51.044921875], [5.7421875, 50.947265625], [5.634765625000028, 50.849609375], [5.703125, 50.771484375], [5.99609375000001, 50.774739583333336], [6.03515625, 50.72265625], [6.09375, 50.732421875], [6.181640625, 50.634765625], [6.25, 50.6201171875], [6.171875, 50.556640625], [6.181640625, 50.537109375], [6.220703125, 50.498046875], [6.318359374999972, 50.498046875], [6.3671875, 50.44921875], [6.34765625, 50.380859375], [6.389973958333333, 50.341796875], [6.298828125, 50.322265625], [6.26953125, 50.2734375], [6.181640625, 50.244140625], [6.162109375, 50.1953125], [6.11328125, 50.09765625], [6.123046875, 50.01953125], [6.220703125, 49.912109375], [6.38671875, 49.82421875], [6.50390625, 49.8046875], [6.494140624999972, 49.716796875], [6.3671875, 49.58984375], [6.357421875, 49.475911458333336], [6.162109375000028, 49.51171875], [6.09375, 49.462890625], [5.970052083333314, 49.462890625], [5.76171875, 49.5703125], [5.732421875, 49.541015625], [5.654296875, 49.560546875], [5.615234374999972, 49.521484375], [5.556640625, 49.541015625], [5.46875, 49.51171875], [5.41015625, 49.619140625], [5.322265625, 49.62890625], [5.2734375, 49.70703125], [5.166015625, 49.70703125], [5.087890624999972, 49.775390625], [4.98046875, 49.814453125], [4.873046875, 49.8046875], [4.873046875, 49.921875], [4.794921875, 49.98046875], [4.8828125, 50.13671875], [4.873046875, 50.166015625], [4.78515625, 50.15625], [4.6875, 50.087890625], [4.658203125, 50.0], [4.51171875, 49.951171875], [4.189453125, 49.970703125], [4.140625, 50.0390625], [4.21875, 50.087890625], [4.1796875, 50.146484375], [4.130859375, 50.146484375], [4.208984374999972, 50.25390625], [4.1650390625, 50.2783203125], [4.033203124999972, 50.361328125], [3.896484375, 50.33203125], [3.857421874999972, 50.361328125], [3.759765625, 50.361328125], [3.701171875000028, 50.3125], [3.662109375, 50.361328125], [3.662109375, 50.44921875], [3.59375, 50.5078125], [3.515625, 50.498046875], [3.486328125, 50.537109375], [3.408203125, 50.5078125], [3.30078125, 50.52734375], [3.242187499999972, 50.703125], [3.14453125, 50.80078125], [2.94921875, 50.76171875], [2.900390625, 50.703125], [2.79296875, 50.732421875], [2.705078125, 50.8203125], [2.59765625, 50.859375], [2.6171875, 50.9765625], [2.529296875, 51.103515625], [1.9921875, 51.126302083333336], [2.01171875, 51.510416666666664]]]]}}, {"type": "Feature", "properties": {"FID": 197, "FIR_NAME": "TAHITI", "ICAO_CODE": "NTTT", "TYPE": "FIR", "COUNTRY": "French Polynesia"}, "geometry": {"type": "MultiPolygon", "coordinates": [[[[-120.00651041666667, -14.990234375], [-120.009765625, -29.98046875], [-131.005859375, -29.993489583333332], [-156.9921875, -29.990234375], [-157.001953125, -4.993489583333333], [-155.0, -4.990234375], [-145.009765625, 3.505859375], [-120.01302083333333, 3.505859375], [-120.00651041666667, -14.990234375]]]]}}, {"type": "Feature", "properties": {"FID": 198, "FIR_NAME": "MAGADAN", "ICAO_CODE": "UHMM", "TYPE": "FIR", "COUNTRY": "Russia"}, "geometry": {"type": "MultiPolygon", "coordinates": [[[[179.98697916666666, 61.513671875], [175.673828125, 61.845703125], [171.689453125, 62.041015625], [167.67578125, 62.119140625], [164.228515625, 62.08984375], [162.1484375, 61.34765625], [159.609375, 60.390625], [155.9765625, 58.935546875], [154.21875, 58.154296875], [151.6796875, 56.9140625], [149.990234375, 55.99609375], [149.98697916666666, 54.8828125], [146.015625, 56.005859375], [143.4375, 56.4501953125], [145.7421875, 58.0078125], [145.986328125, 61.015625], [144.99674479166666, 62.01171875], [145.5078125, 63.57421875], [149.677734375, 64.00390625], [151.142578125, 64.375], [153.53515625, 64.912109375], [155.869140625, 65.380859375], [157.978515625, 65.751953125], [157.98828125, 66.5234375], [158.017578125, 66.5625], [162.001953125, 66.5625], [165.0, 68.681640625], [167.96875, 70.48828125], [167.998046875, 70.517578125], [167.98828125, 72.50651041666667], [179.98697916666666, 72.265625], [179.98697916666666, 61.513671875]]]]}}, {"type": "Feature", "properties": {"FID": 199, "FIR_NAME": "PETROPAVLOVSK-KAMCHATSKY", "ICAO_CODE": "UHPP", "TYPE": "FIR", "COUNTRY": "Russia"}, "geometry": {"type": "MultiPolygon", "coordinates": [[[[149.98697916666666, 54.8828125], [149.990234375, 55.99609375], [151.6796875, 56.9140625], [154.21875, 58.154296875], [155.9765625, 58.935546875], [159.609375, 60.390625], [162.1484375, 61.34765625], [164.228515625, 62.08984375], [167.67578125, 62.119140625], [171.689453125, 62.041015625], [175.673828125, 61.845703125], [179.98697916666666, 61.513671875], [179.98697916666666, 60.0], [178.935546875, 59.55078125], [177.080078125, 58.69140625], [174.404296875, 57.32421875], [173.125, 56.611328125], [171.689453125, 55.76171875], [169.98697916666666, 54.674479166666664], [168.974609375, 53.994140625], [166.142578125, 53.046875], [163.505859375, 52.05078125], [160.64453125, 50.849609375], [159.00065104166666, 50.084635416666664], [149.99348958333334, 45.01953125], [149.98697916666666, 54.8828125]]]]}}, {"type": "Feature", "properties": {"FID": 200, "FIR_NAME": "HANOI", "ICAO_CODE": "VVVV", "TYPE": "FIR", "COUNTRY": "Vietnam"}, "geometry": {"type": "MultiPolygon", "coordinates": [[[[108.05013020833333, 20.5078125], [107.9296875, 19.970703125], [107.1875, 19.2578125], [107.666015625, 18.359375], [108.69466145833333, 17.425130208333332], [107.333984375, 17.01171875], [106.52994791666667, 16.988932291666668], [106.42578125, 17.01171875], [106.298828125, 17.294921875], [106.220703125, 17.255859375], [106.162109375, 17.294921875], [105.83984375, 17.63671875], [105.7421875, 17.685546875], [105.673828125, 17.822265625], [105.60546875, 17.880859375], [105.625, 17.98828125], [105.498046875, 18.173828125], [105.419921875, 18.212890625], [105.390625, 18.1640625], [105.3515625, 18.173828125], [105.3125, 18.26171875], [105.25390625, 18.26171875], [105.17578125, 18.330078125], [105.185546875, 18.37890625], [105.09765625, 18.447265625], [105.13671875, 18.59375], [105.185546875, 18.623046875], [105.126953125, 18.7109375], [104.931640625, 18.75], [104.912109375, 18.7890625], [104.7265625, 18.80859375], [104.580078125, 18.896484375], [104.51171875, 18.984375], [104.43359375, 18.994140625], [104.267578125, 19.12109375], [104.21875, 19.111328125], [104.21875, 19.150390625], [104.16015625, 19.19921875], [104.052734375, 19.248046875], [103.984375, 19.23828125], [103.896484375, 19.31640625], [103.974609375, 19.404296875], [104.052734375, 19.423828125], [104.111328125, 19.501953125], [104.033203125, 19.619140625], [104.033203125, 19.6875], [104.130859375, 19.66796875], [104.228515625, 19.716796875], [104.326171875, 19.66796875], [104.404296875, 19.697265625], [104.521484375, 19.609375], [104.62890625, 19.619140625], [104.716796875, 19.755859375], [104.833984375, 19.8046875], [104.84375, 19.853515625], [104.775390625, 19.892578125], [104.8876953125, 19.9755859375], [104.970703125, 20.009765625], [104.98046875, 20.09765625], [104.931640625, 20.13671875], [104.921875, 20.1953125], [104.84375, 20.234375], [104.697265625, 20.21484375], [104.66796875, 20.244140625], [104.70703125, 20.302734375], [104.6875, 20.361328125], [104.58984375, 20.4296875], [104.453125, 20.419921875], [104.375, 20.458984375], [104.462890625, 20.537109375], [104.5703125, 20.546875], [104.638671875, 20.654296875], [104.51171875, 20.712890625], [104.47265625, 20.771484375], [104.4140625, 20.78125], [104.306640625, 20.8984375], [104.08203125, 20.9765625], [104.0234375, 20.908203125], [103.80859375, 20.859375], [103.76953125, 20.80078125], [103.779296875, 20.751953125], [103.681640625, 20.6640625], [103.447265625, 20.830078125], [103.37890625, 20.791015625], [103.14453125, 20.869140625], [103.046875, 21.03515625], [102.958984375, 21.09375], [102.94921875, 21.15234375], [102.900390625, 21.181640625], [102.91015625, 21.23046875], [102.88021668866547, 21.255269469203363], [102.82684031277059, 21.25148689138404], [102.83398518198486, 21.272921499026864], [102.86760809593439, 21.29645753879154], [102.89912957776208, 21.316211000736892], [102.90543387412762, 21.353616492505747], [102.9071150198251, 21.380514823665372], [102.93737564237968, 21.414558024039277], [102.94578137086705, 21.448601224413178], [102.92728876819481, 21.455746093627454], [102.90753530624946, 21.441456355198902], [102.88231812078732, 21.441456355198902], [102.88946299000159, 21.45658666647619], [102.900390625, 21.474609375], [102.98828125, 21.591796875], [102.978515625, 21.728515625], [102.94921875, 21.748046875], [102.87109375, 21.71875], [102.822265625, 21.85546875], [102.8125, 21.73828125], [102.734375, 21.669921875], [102.67578125, 21.669921875], [102.607421875, 21.923828125], [102.490234375, 21.982421875], [102.5, 22.03125], [102.40234375, 22.138671875], [102.2265625, 22.255859375], [102.13541666666667, 22.408854166666668], [102.1875, 22.44140625], [102.24609375, 22.431640625], [102.255859375, 22.490234375], [102.40234375, 22.63671875], [102.3828125, 22.67578125], [102.48046875, 22.783203125], [102.55859375, 22.705078125], [102.59765625, 22.724609375], [102.6953125, 22.6953125], [102.841796875, 22.6171875], [102.900390625, 22.51953125], [103.017578125, 22.44140625], [103.056640625, 22.44140625], [103.06640625, 22.490234375], [103.1640625, 22.548828125], [103.154296875, 22.607421875], [103.271484375, 22.67578125], [103.330078125, 22.802734375], [103.41796875, 22.744140625], [103.447265625, 22.65625], [103.515625, 22.587890625], [103.57421875, 22.646484375], [103.564453125, 22.71484375], [103.642578125, 22.79296875], [103.96484375, 22.509765625], [104.013671875, 22.548828125], [104.033203125, 22.71484375], [104.1015625, 22.802734375], [104.248046875, 22.841796875], [104.2578125, 22.744140625], [104.375, 22.6953125], [104.541015625, 22.822265625], [104.7265625, 22.822265625], [104.78515625, 22.91015625], [104.853515625, 22.939453125], [104.814453125, 23.095703125], [104.873046875, 23.115234375], [104.90234375, 23.18359375], [104.951171875, 23.173828125], [105.166015625, 23.271484375], [105.224609375, 23.26171875], [105.3125, 23.37890625], [105.51432291666667, 23.199869791666668], [105.576171875, 23.06640625], [105.712890625, 23.056640625], [105.859375, 22.919921875], [105.966796875, 22.939453125], [106.015625, 22.98828125], [106.123046875, 22.998046875], [106.220703125, 22.958984375], [106.279296875, 22.861328125], [106.484375, 22.900390625], [106.5234375, 22.939453125], [106.640625, 22.861328125], [106.6796875, 22.880859375], [106.7578125, 22.8125], [106.81640625, 22.802734375], [106.69921875, 22.587890625], [106.6015625, 22.607421875], [106.54296875, 22.4609375], [106.552734375, 22.36328125], [106.640625, 22.333984375], [106.689453125, 22.236328125], [106.66015625, 22.20703125], [106.689453125, 22.109375], [106.669921875, 21.9921875], [106.71875, 21.982421875], [106.748046875, 22.021484375], [106.796875, 21.982421875], [106.884765625, 21.982421875], [106.93359375, 21.93359375], [107.01171875, 21.953125], [107.041015625, 21.923828125], [107.01171875, 21.865234375], [107.03125, 21.81640625], [107.08984375, 21.806640625], [107.197265625, 21.71875], [107.28515625, 21.73828125], [107.36328125, 21.611328125], [107.4609375, 21.66015625], [107.48046875, 21.611328125], [107.529296875, 21.591796875], [107.79296875, 21.669921875], [107.841796875, 21.66015625], [108.017578125, 21.50390625], [108.203125, 21.220703125], [108.05013020833333, 20.5078125]]]]}}, {"type": "Feature", "properties": {"FID": 201, "FIR_NAME": "SANYA", "ICAO_CODE": "ZJSA", "TYPE": "FIR", "COUNTRY": "China"}, "geometry": {"type": "MultiPolygon", "coordinates": [[[[108.69466145833333, 17.425130208333332], [107.666015625, 18.359375], [107.1875, 19.2578125], [107.9296875, 19.970703125], [108.05013020833333, 20.5078125], [111.49088541666667, 20.5078125], [111.50390625, 19.4921875], [113.994140625, 16.6796875], [113.99088541666667, 14.51171875], [111.97265625, 14.521484375], [108.69466145833333, 17.425130208333332]]]]}}, {"type": "Feature", "properties": {"FID": 202, "FIR_NAME": "LUANDA", "ICAO_CODE": "FNAN", "TYPE": "FIR", "COUNTRY": "Angola"}, "geometry": {"type": "MultiPolygon", "coordinates": [[[[24.319661458333332, -11.005859375], [22.98828125, -12.998046875], [21.9921875, -13.0078125], [21.9921875, -16.162109375], [22.119140625, -16.337890625], [22.13867187499997, -16.494140625], [22.470703125, -16.7578125], [23.203125, -17.48046875], [23.447265625, -17.617187499999986], [21.40625, -18.0078125], [21.23046875, -17.9296875], [20.992838541666647, -17.96223958333333], [20.80078125, -18.02734375], [20.7421875, -17.98828125], [20.546875, -17.978515625000014], [20.33203125, -17.8515625], [20.126953125, -17.890625], [19.8046875, -17.8515625], [19.74609375, -17.890625], [19.658203125, -17.83203125], [19.51171875, -17.861328125], [19.16992187500003, -17.792968749999986], [19.052734375, -17.822265625], [18.916015625, -17.8125], [18.759765625, -17.744140625], [18.64257812500003, -17.646484375], [18.4375, -17.3828125], [14.16015625, -17.3974609375], [13.9453125, -17.412109375], [13.88671875, -17.333984375], [13.544921875000028, -17.138671875], [13.49609375, -17.03125], [13.41796875, -16.982421875], [13.212890625, -16.97265625], [13.154296875, -16.943359375], [12.939453125, -17.001953124999986], [12.548828125, -17.236328125], [12.44140625, -17.24609375], [12.412109375, -17.197265625], [12.236328125, -17.216796875], [12.158203125, -17.138671875], [12.001953125, -17.1484375], [11.81640625, -17.265625], [11.748046875, -17.24609375], [9.990234375, -17.991536458333332], [-4.990234375, -17.98828125], [-10.006510416666666, -19.990234375], [-10.006510416666666, -11.982421875], [-3.004557291666667, -9.518229166666666], [6.572265625, -5.869140625], [6.585286458333314, -4.169921875], [8.818359375, -5.488281249999986], [12.01171875, -5.078125], [12.021484375, -5.009765625], [12.158203125, -4.892578125], [12.207031249999972, -4.755859375], [12.32421875, -4.785156249999986], [12.402343750000028, -4.599609375], [12.63671875, -4.55078125], [12.763671875, -4.384765625], [12.87109375, -4.39453125], [12.910156249999972, -4.47265625], [13.076171875, -4.619140625000014], [13.06640625, -4.66796875], [12.822265624999972, -4.7265625], [12.6953125, -4.921875], [12.626953125, -4.921875], [12.578125, -5.009765625], [12.451171875, -5.058593750000014], [12.5390625, -5.126953125], [12.509765625, -5.72265625], [12.314453125000028, -5.72265625], [12.197265625, -5.771484375], [12.001953125, -5.673828125000014], [11.89453125, -5.712890625], [11.89453125, -5.908203125], [11.9921875, -6.044921875], [12.109375, -6.142578125], [12.226562500000028, -6.162109375], [12.36328125, -6.123046875], [12.48046875, -6.044921875], [12.734375, -5.95703125], [12.822265624999972, -5.95703125], [13.02734375, -5.859375], [13.349609374999972, -5.888671875], [13.447265625, -5.839843749999986], [13.7109375, -5.859375], [13.974609375, -5.830078125], [14.0234375, -5.869140625], [14.1796875, -5.849609375000014], [14.21875, -5.87890625], [14.560546875, -5.8984375], [15.146484375, -5.849609375000014], [16.005859375, -5.882161458333333], [21.988932291666675, -8.984375], [24.319661458333332, -11.005859375]]]]}}, {"type": "Feature", "properties": {"FID": 203, "FIR_NAME": null, "ICAO_CODE": null, "TYPE": "FIR", "COUNTRY": null}, "geometry": {"type": "MultiPolygon", "coordinates": [[[[23.447265625, -17.617187499999986], [24.375, -17.4609375], [24.55078125, -17.529296874999986], [24.62890625, -17.490234375], [24.912109375, -17.529296874999986], [25.01953125, -17.578125], [25.2197265625, -17.785644531250004], [25.09765625, -17.822265625], [24.95117187499997, -17.792968749999986], [24.82421875, -17.83203125], [24.658203125, -17.939453125], [24.5703125, -18.046875], [24.4921875, -18.046875], [24.39453125, -17.939453125], [24.345703125, -17.94921875], [24.296875, -18.017578125], [24.19921875, -18.0078125], [24.09179687500003, -18.10546875], [23.91601562500003, -18.193359375], [23.76953125, -18.369140625], [23.623046875, -18.4765625], [23.56445312500003, -18.45703125], [23.515625, -18.26171875], [23.427734375, -18.18359375], [23.38867187500003, -18.18359375], [23.28125, -17.98828125], [23.046875, -17.998046875], [21.4453125, -18.30078125], [20.989583333333325, -18.310546875], [20.992838541666647, -17.96223958333333], [21.23046875, -17.9296875], [21.40625, -18.0078125], [23.447265625, -17.617187499999986]]]]}}, {"type": "Feature", "properties": {"FID": 205, "FIR_NAME": "INDIANAPOLIS", "ICAO_CODE": "KZID", "TYPE": "FIR", "COUNTRY": "United States"}, "geometry": {"type": "MultiPolygon", "coordinates": [[[[-80.75846354166667, 37.317708333333336], [-85.39713541666667, 36.18815104166667], [-85.5859375, 36.89453125], [-86.15234375, 37.3046875], [-87.41210937500001, 37.28515625], [-88.3203125, 37.727864583333336], [-88.2421875, 38.154296875], [-88.10546874999999, 38.466796875], [-88.154296875, 39.873046875], [-88.2421875, 40.006510416666664], [-86.09375, 40.009765625], [-85.9765625, 40.09765625], [-85.414449, 40.663341], [-84.991949, 40.606952], [-84.684449, 40.746397], [-84.70377604166667, 40.908203125], [-83.75, 40.791015625], [-83.662109375, 40.751953125], [-83.505859375, 40.56640625], [-83.359375, 40.517578125], [-81.796875, 40.60546875], [-81.640625, 40.234375], [-81.552734375, 39.755859375], [-80.52734375, 39.1796875], [-80.41015625, 39.176432291666664], [-80.5859375, 38.740234375], [-80.849609375, 37.490234375], [-80.75846354166667, 37.317708333333336]]]]}}, {"type": "Feature", "properties": {"FID": 207, "FIR_NAME": "INCHEON", "ICAO_CODE": "RKRR", "TYPE": "FIR", "COUNTRY": "South Korea"}, "geometry": {"type": "MultiPolygon", "coordinates": [[[[123.994140625, 38.0078125], [124.833984375, 38.0078125], [124.853515625, 37.79296875], [124.8828125, 37.75390625], [125.0390625, 37.646484375], [125.263671875, 37.59765625], [125.5078125, 37.6953125], [125.712890625, 37.724609375], [126.015625, 37.666015625], [126.162109375, 37.724609375], [126.19140625, 37.802734375], [126.240234375, 37.83203125], [126.42578125, 37.841796875], [126.5625, 37.7734375], [126.66015625, 37.783203125], [126.6796875, 37.94921875], [126.806640625, 38.0078125], [126.982421875, 38.212890625], [127.08984375, 38.291015625], [127.2265625, 38.330078125], [128.095703125, 38.3203125], [128.291015625, 38.45703125], [128.30078125, 38.59375], [128.369140625, 38.642578125], [133.623046875, 38.639322916666664], [132.998046875, 38.017578125], [132.998046875, 37.5390625], [132.96875, 37.48046875], [129.19921875, 34.70703125], [127.490234375, 32.509765625], [126.81640625, 32.490234375], [125.41015625, 30.009765625], [123.99739583333333, 30.009765625], [123.994140625, 38.0078125]]]]}}, {"type": "Feature", "properties": {"FID": 208, "FIR_NAME": "NEW YORK OCEANIC EAST", "ICAO_CODE": "KZNY", "TYPE": "FIR", "COUNTRY": "United States"}, "geometry": {"type": "MultiPolygon", "coordinates": [[[[-67.01497395833333, 41.624348958333336], [-66.99869791666667, 41.881510416666664], [-59.9609375, 43.623046875], [-56.061197916666664, 44.466145833333336], [-53.0078125, 45.009765625], [-51.005859375, 45.013020833333336], [-40.009765625, 45.006510416666664], [-40.013020833333336, 22.298177083333332], [-45.0, 18.0078125], [-60.009765625, 18.011067708333332], [-60.009765625, 38.994140625], [-67.001953125, 39.016927083333336], [-67.01497395833333, 41.624348958333336]]]]}}, {"type": "Feature", "properties": {"FID": 209, "FIR_NAME": "SALT LAKE CITY", "ICAO_CODE": "KZLC", "TYPE": "FIR", "COUNTRY": "United States"}, "geometry": {"type": "MultiPolygon", "coordinates": [[[[-117.09635416666667, 37.887369791666664], [-117.275390625, 38.095703125], [-117.373046875, 39.931640625], [-119.50520833333333, 41.009114583333336], [-119.013671875, 42.646484375], [-119.287109375, 43.6328125], [-118.4375, 44.873046875], [-117.75390625, 45.341796875], [-115.009765625, 45.3515625], [-115.009765625, 48.41796875], [-114.6875, 49.000651041666664], [-110.01302083333333, 49.016927083333336], [-103.173828125, 49.000651041666664], [-103.17708333333333, 44.973958333333336], [-104.248046875, 45.126953125], [-105.99609375, 45.244140625], [-106.26953125, 44.326171875], [-107.28515625, 43.88671875], [-107.0703125, 42.646484375], [-107.060546875, 42.421875], [-108.26171875, 41.38671875], [-109.111328125, 40.849609375], [-109.1796875, 40.0], [-110.29296875, 39.58984375], [-109.990234375, 39.21875], [-109.990234375, 38.212890625], [-111.884765625, 37.418619791666664], [-112.0703125, 37.509765625], [-113.037109375, 37.509765625], [-113.76953125, 37.71484375], [-113.779296875, 37.744140625], [-113.662109375, 37.880859375], [-113.681640625, 37.900390625], [-114.208984375, 38.02734375], [-116.123046875, 37.890625], [-117.09635416666667, 37.887369791666664]]]]}}, {"type": "Feature", "properties": {"FID": 210, "FIR_NAME": "OAKLAND", "ICAO_CODE": "KZAK", "TYPE": "FIR", "COUNTRY": "United States"}, "geometry": {"type": "MultiPolygon", "coordinates": [[[[-119.50520833333333, 41.009114583333336], [-117.373046875, 39.931640625], [-117.275390625, 38.095703125], [-117.09635416666667, 37.887369791666664], [-117.099609375, 37.509765625], [-117.03125, 37.373046875], [-117.32421875, 37.20703125], [-118.57421875, 37.20703125], [-118.59375, 36.15234375], [-119.16015625, 36.142578125], [-119.51171875, 35.64453125], [-120.068359375, 35.751953125], [-120.322265625, 35.703125], [-120.91796875, 35.517578125], [-123.28125, 34.557291666666664], [-124.208984375, 36.005859375], [-125.83984375, 35.5078125], [-126.943359375, 36.484375], [-127.01171875, 37.5390625], [-127.01171875, 40.8203125], [-126.904296875, 40.986328125], [-125.341796875, 40.224609375], [-123.828125, 40.224609375], [-123.53515625, 40.400390625], [-123.525390625, 41.337890625], [-122.412109375, 41.337890625], [-121.26953125, 41.005859375], [-119.50520833333333, 41.009114583333336]]]]}}, {"type": "Feature", "properties": {"FID": 211, "FIR_NAME": "PUNTA ARENAS", "ICAO_CODE": "SCCZ", "TYPE": "FIR", "COUNTRY": "Chile"}, "geometry": {"type": "MultiPolygon", "coordinates": [[[[-90.00651041666667, -46.9921875], [-71.93684895833333, -46.995442708333336], [-72.001953125, -47.05078125], [-71.865234375, -47.138671875], [-71.865234375, -47.197265625], [-71.89453125, -47.2265625], [-72.03125, -47.197265625], [-72.02148437499999, -47.265625], [-72.109375, -47.36328125], [-72.177734375, -47.412109375], [-72.255859375, -47.40234375], [-72.353515625, -47.44140625], [-72.36328125, -47.470703125], [-72.314453125, -47.5], [-72.333984375, -47.59765625], [-72.431640625, -47.705078125], [-72.54882812499999, -47.919921875], [-72.333984375, -48.076171875], [-72.3046875, -48.173828125], [-72.32421875, -48.28125], [-72.29492187500001, -48.330078125], [-72.37304687499999, -48.33984375], [-72.40234375, -48.388671875], [-72.607421875, -48.466796875], [-72.55859375000001, -48.779296875], [-72.783203125, -48.935546875], [-72.99804687500001, -48.974609375], [-73.17382812500001, -49.189453125], [-73.17382812500001, -49.248046875], [-73.115234375, -49.2626953125], [-73.14453125, -49.296875], [-73.447265625, -49.296875], [-73.45703125, -49.375], [-73.544921875, -49.43359375], [-73.53515625, -49.482421875], [-73.583984375, -49.541015625], [-73.515625, -49.609375], [-73.53515625, -49.6875], [-73.45703125, -49.765625], [-73.564453125, -49.912109375], [-73.4765625, -50.0], [-73.544921875, -50.1171875], [-73.310546875, -50.2734375], [-73.271484375, -50.341796875], [-73.26171875000001, -50.56640625], [-73.18359375, -50.64453125], [-73.193359375, -50.712890625], [-73.154296875, -50.76171875], [-73.037109375, -50.751953125], [-72.939453125, -50.673828125], [-72.75390625, -50.60546875], [-72.666015625, -50.6640625], [-72.607421875, -50.6640625], [-72.51953125, -50.595703125], [-72.38281250000001, -50.60546875], [-72.29492187500001, -50.654296875], [-72.34375, -50.7421875], [-72.255859375, -50.830078125], [-72.265625, -50.99609375], [-72.333984375, -51.025390625], [-72.40234375, -51.123046875], [-72.255859375, -51.25], [-72.314453125, -51.2890625], [-72.34375, -51.46484375], [-72.44140625, -51.552734375], [-72.353515625, -51.572265625], [-72.28515624999999, -51.69921875], [-72.1875, -51.708984375], [-71.982421875, -51.8359375], [-71.953125, -51.865234375], [-71.94335937500001, -51.982421875], [-69.990234375, -51.9921875], [-69.51171875, -52.12890625], [-69.20898437499999, -52.138671875], [-68.837890625, -52.275390625], [-68.447265625, -52.333984375], [-68.466796875, -52.421875], [-68.623046875, -52.626953125], [-68.6328125, -52.705078125], [-68.6328125, -54.912109375], [-67.255859375, -54.90234375], [-66.84570312500001, -54.990234375], [-66.640625, -55.13671875], [-66.14257812500001, -55.15625], [-65.7421875, -55.37109375], [-65.751953125, -56.376953125], [-67.27539062499999, -56.376953125], [-67.2705078125, -89.9853515625], [-90.009765625, -89.98046875], [-90.00651041666667, -46.9921875]]]]}}, {"type": "Feature", "properties": {"FID": 212, "FIR_NAME": "NUKUS", "ICAO_CODE": "UTNR", "TYPE": "FIR", "COUNTRY": "Uzbekistan"}, "geometry": {"type": "MultiPolygon", "coordinates": [[[[63.587239583333336, 42.620442708333336], [62.98828125, 42.373046875], [62.98828125, 41.572265625], [63.870442708333336, 41.402994791666664], [62.15332031249999, 40.478515625], [61.328125, 41.171875], [60.25390625, 41.337890625], [59.970703125, 42.021484375], [59.53125, 42.314453125], [58.828125, 42.509765625], [57.001953125, 42.01171875], [56.00097656250001, 41.337890625], [56.005859375, 45.009765625], [58.69140625, 45.60546875], [60.123697916666686, 44.879557291666664], [61.025390625, 44.4140625], [61.171875, 44.189453125], [62.0703125, 43.45703125], [63.587239583333336, 42.620442708333336]]]]}}, {"type": "Feature", "properties": {"FID": 213, "FIR_NAME": null, "ICAO_CODE": null, "TYPE": "FIR", "COUNTRY": null}, "geometry": {"type": "MultiPolygon", "coordinates": [[[[8.34765625, 35.6015625], [8.251953124999972, 35.751953125], [8.251953124999972, 35.927734375], [8.291015625, 35.966796875], [8.291015625, 36.044921875], [8.330078125, 36.103515625], [8.30078125, 36.171875], [8.344726562500014, 36.201171875], [8.34765625, 35.6015625]]]]}}, {"type": "Feature", "properties": {"FID": 214, "FIR_NAME": "RESISTENCIA", "ICAO_CODE": "SARR", "TYPE": "FIR", "COUNTRY": "Argentina"}, "geometry": {"type": "MultiPolygon", "coordinates": [[[[-60.211588541666664, -30.218098958333332], [-60.625, -30.107421875000014], [-61.826171874999986, -26.806640625], [-62.001953124999986, -23.242187499999986], [-62.607421875, -22.28271484375], [-62.24609375, -22.529296875], [-62.265625, -22.59765625], [-62.197265625, -22.636718750000014], [-62.16796875, -22.744140625], [-62.03125, -22.890625], [-62.011718750000014, -22.978515624999986], [-61.796875, -23.134765625], [-61.728515625, -23.251953125000014], [-61.611328125, -23.28125], [-61.494140625, -23.408203125], [-61.3671875, -23.447265625], [-61.142578125, -23.583984375], [-61.103515625, -23.691406250000014], [-60.99609375, -23.818359375], [-60.9375, -23.80859375], [-60.859375, -23.867187500000014], [-60.625, -23.88671875], [-60.576171875, -23.945312499999986], [-60.380859375, -23.984375], [-60.29296875, -24.033203124999986], [-60.0390625, -24.00390625], [-59.482421875, -24.345703125], [-59.345703125, -24.482421875000014], [-59.130859375, -24.599609375], [-59.072265625, -24.599609375], [-58.818359375, -24.775390625], [-58.4765625, -24.84375], [-58.33984375, -24.990234375], [-58.232421875000014, -24.931640625], [-58.125, -25.009765625000014], [-57.98828125, -25.068359375], [-57.91015625, -25.068359375], [-57.7734375, -25.15625], [-57.646484375, -25.37109375], [-57.55859375, -25.4296875], [-57.587890625, -25.56640625], [-57.7734375, -25.68359375], [-57.75390625, -25.72265625], [-57.83203125, -25.791015624999986], [-57.8125, -25.830078125], [-57.880859375000014, -25.878906249999986], [-57.861328125, -25.91796875], [-57.91015625, -25.947265625], [-57.861328125, -25.99609375], [-58.0078125, -26.103515625], [-58.10546875, -26.1328125], [-58.125, -26.201171875], [-58.115234375, -26.230468749999986], [-58.173828125, -26.26953125], [-58.1640625, -26.318359374999986], [-58.212890625, -26.40625], [-58.193359375, -26.455078125], [-58.222656249999986, -26.533203125], [-58.18359375, -26.6015625], [-58.203125, -26.650390625], [-58.251953125, -26.66015625], [-58.251953125, -26.748046875], [-58.291015625, -26.806640625], [-58.359375, -26.826171875], [-58.330078125, -26.875], [-58.466796875, -26.923828125], [-58.505859375, -27.03125], [-58.5546875, -27.041015625], [-58.564453125, -27.099609375], [-58.662109374999986, -27.158203125], [-58.603515625, -27.236328125], [-58.603515625, -27.3046875], [-58.505859375, -27.275390625], [-57.98828125, -27.255859375], [-57.744140625, -27.294921875000014], [-57.607421874999986, -27.373046874999986], [-57.294921875, -27.421875], [-57.177734375000014, -27.48046875], [-57.060546875, -27.48046875], [-56.93359375, -27.412109375], [-56.865234375, -27.421875], [-56.767578125, -27.5], [-56.640625, -27.44140625], [-56.552734374999986, -27.44140625], [-56.4453125, -27.558593750000014], [-56.3671875, -27.578125], [-56.279296875, -27.460937499999986], [-56.279296875, -27.392578125], [-56.1328125, -27.294921875000014], [-55.8984375, -27.32421875], [-55.849609374999986, -27.40234375], [-55.7421875, -27.431640625], [-55.673828124999986, -27.353515625], [-55.595703125000014, -27.32421875], [-55.576171875, -27.2265625], [-55.60546875, -27.16796875], [-55.556640625, -27.1484375], [-55.546875, -27.099609375], [-55.46875, -27.08984375], [-55.400390625, -26.962890625], [-55.29296875, -26.933593749999986], [-55.13671875, -26.943359375000014], [-55.13671875, -26.865234375], [-55.068359375000014, -26.796875], [-54.980468750000014, -26.787109375], [-54.912109375, -26.66015625], [-54.804687500000014, -26.650390625], [-54.794921874999986, -26.513671875], [-54.707031249999986, -26.435546875], [-54.677734375, -26.25], [-54.638671875, -26.201171875], [-54.66796875, -26.152343750000014], [-54.66796875, -25.976562500000014], [-54.609375, -25.947265625], [-54.628906250000014, -25.888671875000014], [-54.58984375, -25.8203125], [-54.6484375, -25.654296875], [-54.58984375, -25.634765625], [-54.596354166666664, -25.563151041666668], [-54.47265625, -25.615234374999986], [-54.443359374999986, -25.673828125], [-54.375, -25.56640625], [-54.277343750000014, -25.546875], [-54.248046875, -25.5859375], [-54.130859375, -25.554199218749996], [-54.0234375, -25.546875], [-53.955078125, -25.64453125], [-53.88671875, -25.64453125], [-53.88671875, -25.712890625000014], [-53.828125, -25.800781250000014], [-53.837890625000014, -25.947265625], [-53.662109375000014, -26.19140625], [-53.662109375000014, -26.2890625], [-53.720703125, -26.357421875], [-53.73046875, -26.669921874999986], [-53.76953125, -26.69921875], [-53.701171875, -26.884765625], [-53.798828125, -27.041015625], [-53.818359375, -27.12890625], [-53.84765625, -27.158203125], [-53.876953125, -27.119140625000014], [-53.916015624999986, -27.158203125], [-53.955078125, -27.1484375], [-54.111328125, -27.285156249999986], [-54.1845703125, -27.2509765625], [-54.287109375, -27.421875], [-54.345703125, -27.412109375], [-54.375, -27.44140625], [-54.404296875, -27.40234375], [-54.453125, -27.40234375], [-54.462890625, -27.470703125000014], [-54.560546875, -27.48046875], [-54.58984375, -27.44140625], [-54.638671875, -27.51953125], [-54.677734375, -27.509765625], [-54.697265625, -27.548828124999986], [-54.78515625, -27.558593750000014], [-54.814453125, -27.529296875], [-54.84375, -27.59765625], [-54.912109375, -27.626953125], [-54.90234375, -27.6953125], [-54.931640625, -27.744140625], [-55.0, -27.783203125], [-55.07324218750001, -27.7685546875], [-55.0390625, -27.841796875], [-55.107421875, -27.841796875], [-55.13671875, -27.880859375], [-55.1953125, -27.8515625], [-55.25390625, -27.910156250000014], [-55.3125, -27.910156250000014], [-55.458984375, -28.085937500000014], [-55.507812500000014, -28.076171874999986], [-55.56640625, -28.14453125], [-55.615234375, -28.115234375], [-55.673828124999986, -28.18359375], [-55.761718749999986, -28.212890625], [-55.78125, -28.2421875], [-55.673828124999986, -28.310546875], [-55.693359375, -28.3984375], [-55.761718749999986, -28.349609375000014], [-55.87890625, -28.349609375000014], [-55.908203125, -28.37890625], [-55.9033203125, -28.4619140625], [-56.015625, -28.49609375], [-56.015625, -28.57421875], [-56.19140625, -28.75], [-56.30859375, -28.798828125], [-56.30859375, -28.88671875], [-56.416015625, -28.964843750000014], [-56.42578125, -29.052734375000014], [-56.630859375, -29.16015625], [-56.69921875, -29.3359375], [-56.787109375, -29.384765625], [-56.826171875000014, -29.47265625], [-56.962890625, -29.580078125000014], [-57.080078124999986, -29.736328125], [-57.3046875, -29.814453125], [-57.333984375, -29.98046875], [-57.587890625, -30.17903645833333], [-57.646484375, -30.195312500000014], [-57.626953125, -30.273437499999986], [-57.666015625, -30.341796875], [-57.890625, -30.5078125], [-57.900390625, -30.5859375], [-57.854817708333336, -30.660807291666668], [-60.211588541666664, -30.218098958333332]]]]}}, {"type": "Feature", "properties": {"FID": 215, "FIR_NAME": "CURACAO", "ICAO_CODE": "TNCF", "TYPE": "FIR", "COUNTRY": null}, "geometry": {"type": "MultiPolygon", "coordinates": [[[[-71.68294270833333, 17.001953125], [-71.66015625, 16.005859375], [-68.0078125, 16.009114583333332], [-67.07682291666667, 15.680338541666666], [-67.97851562499999, 11.416015625], [-70.5078125, 12.509765625], [-71.40625, 12.506510416666666], [-73.994140625, 14.326171875], [-74.00716145833333, 15.009765625], [-74.00390625, 16.005859375], [-73.0078125, 17.008463541666668], [-71.68294270833333, 17.001953125]]]]}}, {"type": "Feature", "properties": {"FID": 216, "FIR_NAME": "CENTRAL AMERICAN", "ICAO_CODE": "MHTG", "TYPE": "FIR", "COUNTRY": null}, "geometry": {"type": "MultiPolygon", "coordinates": [[[[-90.4296875, 16.30859375], [-90.400390625, 16.40625], [-90.478515625, 16.435546875], [-90.498046875, 16.474609375], [-90.60546875, 16.484375], [-90.654296875, 16.533203125], [-90.6640625, 16.650390625], [-90.712890625, 16.71875], [-90.810546875, 16.806640625], [-90.9765625, 16.8798828125], [-91.07421875, 16.9140625], [-91.123046875, 17.01171875], [-91.23046875, 17.08984375], [-91.298828125, 17.197265625], [-91.357421875, 17.1875], [-91.4453125, 17.255859375], [-90.99609375, 17.275390625], [-90.9765625, 17.83203125], [-89.1796875, 17.822265625], [-89.150390625, 17.841796875], [-89.140625, 17.96875], [-89.033203125, 18.017578125], [-88.857421875, 17.890625], [-88.84765625, 17.939453125], [-88.7109375, 18.076171875], [-88.681640625, 18.193359375], [-88.603515625, 18.2421875], [-88.4765625, 18.49609375], [-88.310546875, 18.49609375], [-88.076171875, 18.4375], [-88.046875, 18.41796875], [-88.037109375, 18.18359375], [-87.76367187500001, 18.154296875], [-86.00585937500001, 20.009765625], [-85.29296874999999, 20.1953125], [-85.34830729166667, 20.729166666666668], [-82.01171875, 20.006510416666668], [-82.099609375, 18.88671875], [-82.25260416666667, 15.009765625], [-82.822265625, 12.919921875], [-82.56835937499999, 9.560546875], [-82.6171875, 9.501953125], [-82.65625, 9.501953125], [-82.84179687500001, 9.619140625], [-82.87109375, 9.58984375], [-82.8515625, 9.51171875], [-82.939453125, 9.47265625], [-82.939453125, 9.091796875], [-82.7734375, 9.00390625], [-82.71484375, 8.935546875], [-82.7734375, 8.876953125], [-82.861328125, 8.84765625], [-82.91992187499999, 8.76953125], [-82.84179687500001, 8.642578125], [-82.83203124999999, 8.486328125], [-83.046875, 8.330078125], [-82.939453125, 8.26171875], [-82.890625, 8.10546875], [-82.92968750000001, 7.5], [-82.91666666666667, 4.541015625], [-82.919921875, 1.429036458333333], [-92.001953125, 1.422526041666667], [-104.4921875, 10.0], [-100.01953125, 11.513671875], [-95.01953125, 12.998046875], [-92.2265625, 14.560546875], [-92.158203125, 14.677734375], [-92.197265625, 14.833984375], [-92.1484375, 14.90234375], [-92.158203125, 15.0], [-92.080078125, 15.068359375], [-92.216796875, 15.263671875], [-91.73828125, 16.07421875], [-90.44921875, 16.11328125], [-90.4296875, 16.30859375]]]]}}, {"type": "Feature", "properties": {"FID": 217, "FIR_NAME": null, "ICAO_CODE": null, "TYPE": "FIR", "COUNTRY": null}, "geometry": {"type": "MultiPolygon", "coordinates": [[[[127.2021484375, 41.54052734375], [127.12890625, 41.5234375], [127.109375, 41.552734375], [127.2021484375, 41.54052734375]]]]}}, {"type": "Feature", "properties": {"FID": 218, "FIR_NAME": "TYUMEN ROSCHINO", "ICAO_CODE": "USTR", "TYPE": "FIR", "COUNTRY": "Russia"}, "geometry": {"type": "MultiPolygon", "coordinates": [[[[82.99479166666667, 60.930989583333336], [80.205078125, 60.673828125], [77.431640625, 60.95703125], [77.05078125, 60.869140625], [77.03125, 60.712890625], [76.474609375, 60.3515625], [73.8671875, 59.013671875], [72.8125, 58.18359375], [71.162109375, 57.705078125], [69.20572916666667, 55.670572916666664], [68.3203125, 55.8203125], [65.02929687499997, 56.875], [63.740234375, 57.021484375], [63.740234375, 57.373046875], [64.12109375, 57.8125], [64.12109375, 57.8515625], [63.73046875000003, 59.04296875], [64.12109375, 59.53125], [63.69140625, 60.751953125], [63.662109375, 61.2890625], [63.18359374999997, 62.08984375], [59.495442708333314, 62.014973958333336], [59.70703125, 63.212890625], [60.03906250000003, 64.4140625], [60.09765625, 64.501953125], [61.796875, 65.556640625], [63.427734375, 66.474609375], [65.673828125, 67.080078125], [67.021484375, 67.40234375], [67.978515625, 68.41796875], [67.92968749999997, 68.466796875], [66.767578125, 68.88671875], [66.23046875, 69.892578125], [65.693359375, 70.78125], [65.66406250000003, 70.83984375], [65.68359375, 70.869140625], [66.25976562499999, 71.50065104166667], [68.662109375, 73.671875], [70.90820312499999, 73.67513020833333], [74.462890625, 72.98828125], [75.99609375, 71.884765625], [78.564453125, 70.87890625], [79.2578125, 69.8828125], [79.990234375, 68.681640625], [82.8125, 66.513671875], [83.92578125, 64.892578125], [84.78515625, 63.4765625], [84.78515625, 63.4375], [83.779296875, 62.08984375], [82.99479166666667, 60.930989583333336]]]]}}, {"type": "Feature", "properties": {"FID": 219, "FIR_NAME": "KABUL", "ICAO_CODE": "OAKX", "TYPE": "FIR", "COUNTRY": "Afghanistan"}, "geometry": {"type": "MultiPolygon", "coordinates": [[[[70.1904296875, 37.5830078125], [70.283203125, 37.71484375], [70.244140625, 37.8125], [70.166015625, 37.87109375], [70.15625, 37.9296875], [70.234375, 37.939453125], [70.458984375, 38.115234375], [70.595703125, 38.349609375], [70.6640625, 38.369140625], [70.67382812500003, 38.41796875], [70.84960937500003, 38.45703125], [70.927734375, 38.4375], [70.9765625, 38.4765625], [71.044921875, 38.408203125], [71.1328125, 38.3984375], [71.2109375, 38.3203125], [71.28906250000003, 38.310546875], [71.35742187499997, 38.251953125], [71.34765625, 38.154296875], [71.25, 37.96875], [71.259765625, 37.9296875], [71.34765625, 37.900390625], [71.5234375, 37.958984375], [71.58203125, 37.91015625], [71.58203125, 37.8125], [71.5234375, 37.7734375], [71.50390625, 37.4609375], [71.474609375, 37.421875], [71.484375, 37.275390625], [71.435546875, 37.20703125], [71.42578125, 37.05078125], [71.455078125, 36.943359375], [71.53320312499997, 36.845703125], [71.53320312499997, 36.787109375], [71.611328125, 36.69921875], [71.669921875, 36.6796875], [71.81640625000003, 36.689453125], [72.28515625, 36.982421875], [72.65625, 37.03125], [72.79296875, 37.236328125], [73.056640625, 37.314453125], [73.154296875, 37.412109375], [73.30078125, 37.470703125], [73.369140625, 37.451171875], [73.515625, 37.48046875], [73.61328125, 37.44140625], [73.759765625, 37.44140625], [73.76953125, 37.353515625], [73.720703125, 37.314453125], [73.65234375, 37.314453125], [73.61328125, 37.265625], [73.73046874999997, 37.2265625], [74.18945312500003, 37.34375], [74.228515625, 37.36328125], [74.23828125, 37.412109375], [74.34570312499997, 37.431640625], [74.501953125, 37.392578125], [74.6875, 37.40234375], [74.814453125, 37.34375], [74.87630208333331, 37.249348958333336], [74.80468750000003, 37.2265625], [74.755859375, 37.3046875], [74.7265625, 37.3046875], [74.6484375, 37.24609375], [74.51171875, 37.24609375], [74.47265625, 37.1875], [74.384765625, 37.16796875], [74.560546875, 37.037760416666664], [74.55078125, 36.97265625], [74.47265625, 37.021484375], [74.423828125, 37.01171875], [74.248046875, 36.904296875], [74.140625, 36.904296875], [74.111328125, 36.845703125], [74.052734375, 36.826171875], [73.75, 36.9140625], [72.578125, 36.8359375], [72.48046875, 36.767578125], [72.1875, 36.728515625], [72.1875, 36.669921875], [72.08984375, 36.650390625], [72.06054687499997, 36.591796875], [71.88476562499997, 36.50390625], [71.796875, 36.50390625], [71.796875, 36.40625], [71.62109374999997, 36.46484375], [71.55273437500003, 36.328125], [71.337890625, 36.2109375], [71.18164062499997, 36.064453125], [71.279296875, 35.9765625], [71.37695312500003, 35.947265625], [71.53320312499997, 35.712890625], [71.50390625, 35.625], [71.611328125, 35.56640625], [71.591796875, 35.5078125], [71.640625, 35.44921875], [71.54296875, 35.302734375], [71.650390625, 35.1953125], [71.5234375, 35.087890625], [71.53320312499997, 35.01953125], [71.474609375, 34.951171875], [71.30859375, 34.892578125], [71.2109375, 34.74609375], [71.083984375, 34.66796875], [71.07421875, 34.560546875], [70.9765625, 34.55078125], [70.986328125, 34.482421875], [71.15234375, 34.35546875], [71.11328125000003, 34.27734375], [71.1328125, 34.1796875], [71.07421875, 34.12109375], [71.083984375, 34.072265625], [70.966796875, 34.013671875], [70.908203125, 34.0234375], [70.859375, 33.96484375], [70.595703125, 33.955078125], [70.33203125, 33.96484375], [69.990234375, 34.0625], [69.90234375, 34.04296875], [69.86328124999997, 33.935546875], [69.90234375, 33.8671875], [69.990234375, 33.75], [70.13671875, 33.73046875], [70.14648437500003, 33.671875], [70.1953125, 33.6328125], [70.166015625, 33.525390625], [70.3125, 33.388671875], [70.3125, 33.33984375], [70.13671875, 33.203125], [70.068359375, 33.212890625], [70.01953125, 33.14453125], [69.892578125, 33.095703125], [69.833984375, 33.095703125], [69.78515625, 33.134765625], [69.70703125000003, 33.0859375], [69.5703125, 33.095703125], [69.4921875, 33.02734375], [69.501953125, 32.880859375], [69.39453125, 32.783203125], [69.453125, 32.67578125], [69.365234375, 32.568359375], [69.2578125, 32.5], [69.23828125, 32.44140625], [69.287109375, 32.333984375], [69.26757812500003, 32.12890625], [69.31640625, 31.953125], [69.00390625000003, 31.650390625], [68.9453125, 31.66015625], [68.80859374999997, 31.611328125], [68.7109375, 31.728515625], [68.701171875, 31.787109375], [68.63281249999997, 31.787109375], [68.5546875, 31.8359375], [68.4375, 31.796875], [68.56445312500003, 31.767578125], [68.49609375, 31.73828125], [68.271484375, 31.77734375], [68.22265625, 31.826171875], [68.154296875, 31.8359375], [68.06640625, 31.708984375], [67.96875, 31.640625], [67.87109375, 31.640625], [67.724609375, 31.533203125], [67.578125, 31.533203125], [67.63671875, 31.416015625], [67.77343750000003, 31.40625], [67.77343750000003, 31.337890625], [67.705078125, 31.337890625], [67.626953125, 31.279296875], [67.392578125, 31.220703125], [67.080078125, 31.240234375], [67.03125, 31.259765625], [67.03125, 31.328125], [66.953125, 31.328125], [66.728515625, 31.220703125], [66.6796875, 31.09375], [66.58203125, 30.99609375], [66.40625, 30.95703125], [66.357421875, 30.859375], [66.27929687500003, 30.60546875], [66.34765624999997, 30.44921875], [66.318359375, 30.234375], [66.23046875, 30.087890625], [66.34765625, 29.993489583333332], [66.27929687500003, 29.8828125], [66.2109375, 29.84375], [65.05859375, 29.55078125], [64.67773437499997, 29.599609375], [64.365234375, 29.560546875], [64.19921875, 29.501953125], [64.130859375, 29.404296875], [63.59375, 29.51171875], [62.451171875, 29.4140625], [60.888671875, 29.86002604166667], [60.869140625, 29.8828125], [61.796875, 30.83984375], [61.796875, 30.95703125], [61.845703125, 31.015625], [61.7578125, 31.25], [61.767578125, 31.318359375], [61.70898437500003, 31.38671875], [60.83984375, 31.513671875], [60.80078125, 31.66015625], [60.8203125, 31.962890625], [60.791015625, 32.041015625], [60.83007812500003, 32.08984375], [60.849609375, 32.255859375], [60.576171875, 33.06640625], [60.5859375, 33.173828125], [60.849609375, 33.427734375], [60.849609375, 33.49609375], [60.9375, 33.525390625], [60.888671875, 33.564453125], [60.65429687500003, 33.57421875], [60.5078125, 33.671875], [60.498046875, 33.740234375], [60.546875, 33.7890625], [60.546875, 33.84765625], [60.498046875, 34.140625], [60.68359375, 34.326171875], [60.89843749999997, 34.3359375], [60.72265624999997, 34.53125], [60.83984375, 34.5703125], [60.91796875000003, 34.6484375], [60.966796875, 34.6484375], [60.9765625, 34.736328125], [61.064453125, 34.82421875], [61.064453125, 34.94140625], [61.1328125, 35.09765625], [61.09375, 35.2734375], [61.18164062500003, 35.3125], [61.19140625, 35.41015625], [61.279296875, 35.537109375], [61.279296875, 35.6396484375], [61.3671875, 35.64453125], [61.40625, 35.56640625], [61.58203125, 35.44921875], [61.806640625, 35.419921875], [62.01171875, 35.458984375], [62.23632812500003, 35.3125], [62.314453125, 35.15625], [62.451171875, 35.29296875], [62.63671875, 35.234375], [62.94921875, 35.41015625], [63.0859375, 35.439453125], [63.11523437500003, 35.546875], [63.0859375, 35.625], [63.22265625, 35.703125], [63.09570312499997, 35.83984375], [63.125, 35.869140625], [63.37890625000003, 35.869140625], [63.525390625, 35.908203125], [63.61328125, 35.9765625], [63.7890625, 35.986328125], [63.90625, 36.044921875], [64.0478515625, 36.0205078125], [64.052734375, 36.083984375], [64.091796875, 36.1328125], [64.189453125, 36.181640625], [64.287109375, 36.162109375], [64.32617187499997, 36.23046875], [64.453125, 36.25], [64.609375, 36.416015625], [64.609375, 36.640625], [64.78515625000003, 36.9140625], [64.78515625000003, 37.12890625], [65.078125, 37.255859375], [65.537109375, 37.255859375], [65.64453124999997, 37.36328125], [65.654296875, 37.5], [65.7763671875, 37.5634765625], [65.830078125, 37.509765625], [66.03515625, 37.4609375], [66.27929687500003, 37.333984375], [66.396484375, 37.353515625], [66.45507812500003, 37.32421875], [66.51692708333333, 37.376302083333336], [66.669921875, 37.34375], [67.001953125, 37.392578125], [67.080078125, 37.353515625], [67.099609375, 37.3046875], [67.24609375000003, 37.1875], [67.3828125, 37.216796875], [67.48046875, 37.28515625], [67.548828125, 37.2265625], [67.59765625000003, 37.255859375], [67.77018229166669, 37.2265625], [67.763671875, 37.119140625], [67.87109375, 37.0703125], [68.0078125, 36.93359375], [68.046875, 36.93359375], [68.1640625, 37.021484375], [68.26171875, 37.01171875], [68.271484375, 37.099609375], [68.30078125000003, 37.119140625], [68.3984375, 37.109375], [68.408203125, 37.158203125], [68.59375, 37.197265625], [68.671875, 37.28515625], [68.80859374999997, 37.255859375], [68.80859374999997, 37.32421875], [68.896484375, 37.32421875], [68.96484375, 37.333984375], [69.12109375, 37.16796875], [69.2578125, 37.099609375], [69.4140625, 37.1875], [69.43359375, 37.236328125], [69.375, 37.353515625], [69.375, 37.451171875], [69.521484375, 37.587890625], [69.814453125, 37.587890625], [69.912109375, 37.6171875], [69.9609375, 37.568359375], [70.068359375, 37.5390625], [70.14648437500003, 37.5390625], [70.1904296875, 37.5830078125]]]]}}, {"type": "Feature", "properties": {"FID": 220, "FIR_NAME": "TUNIS", "ICAO_CODE": "DTTC", "TYPE": "FIR", "COUNTRY": "Tunisia"}, "geometry": {"type": "MultiPolygon", "coordinates": [[[[9.544270833333334, 30.25716145833333], [9.072265625, 32.08984375], [8.408203125, 32.4755859375], [8.33984375, 32.65625], [8.291015625, 32.867838541666664], [7.900390625, 34.42626953125], [8.24462890625, 34.6630859375], [8.2421875, 34.921875], [8.310546875, 34.970703125], [8.330078125, 35.068359375], [8.447265625000028, 35.224609375], [8.30078125, 35.322265625], [8.349609375, 35.46875], [8.34765625, 35.6015625], [8.344726562500014, 36.201171875], [8.35979620855509, 36.226870085490965], [8.36568021849626, 36.25629013519681], [8.368201937042475, 36.30084049617994], [8.381651102622287, 36.34455028431434], [8.406868288084437, 36.39246293669242], [8.402665423840746, 36.423564132095734], [8.369042509891212, 36.43701329767555], [8.356505040179412, 36.43880436477723], [8.363999072798784, 36.58999755614593], [8.395182291666679, 36.603732638888886], [8.427882609302895, 36.62025817870051], [8.451418649067568, 36.6353884899778], [8.476635834529718, 36.669851976776066], [8.488403854412056, 36.70095317217939], [8.473878229986266, 36.72153114011592], [8.6328125, 36.728515625], [8.636337226266674, 36.78843597153348], [8.676692172529442, 36.81022764251537], [8.675851599680705, 36.83208253658257], [8.639322916666666, 36.839192708333336], [7.998046875, 38.9990234375], [11.484375, 37.509765625], [11.50390625, 36.510416666666664], [11.497395833333323, 34.345703125], [11.494140625, 32.392578125], [10.947265625, 32.177734375], [10.849609375, 32.109375], [10.78125, 32.001953125], [10.654296875, 31.9921875], [10.625, 31.943359375], [10.634765625, 31.875], [10.537109374999972, 31.7578125], [10.3125, 31.71875], [10.13671875, 31.50390625], [10.13671875, 31.416015625], [10.283203125, 31.09375], [10.263671875, 31.025390625], [10.292968750000028, 30.87890625], [10.21484375, 30.72265625], [10.01953125, 30.517578125], [9.986979166666666, 30.439453125], [9.873046875, 30.3515625], [9.544270833333334, 30.25716145833333]]]]}}, {"type": "Feature", "properties": {"FID": 221, "FIR_NAME": "SEATTLE", "ICAO_CODE": "KZSE", "TYPE": "FIR", "COUNTRY": "United States"}, "geometry": {"type": "MultiPolygon", "coordinates": [[[[-126.904296875, 40.986328125], [-126.50390625, 45.009765625], [-127.998046875, 48.336588541666664], [-124.7265625, 48.505859375], [-124.0625, 48.310546875], [-123.515625, 48.232421875], [-123.251953125, 48.291015625], [-123.125, 48.41796875], [-123.22265625, 48.544921875], [-123.271484375, 48.69140625], [-123.017578125, 48.779296875], [-123.02734375, 48.84765625], [-123.2958984375, 48.9990234375], [-115.498046875, 49.013671875], [-114.6875, 49.000651041666664], [-115.009765625, 48.41796875], [-115.009765625, 45.3515625], [-117.75390625, 45.341796875], [-118.4375, 44.873046875], [-119.287109375, 43.6328125], [-119.013671875, 42.646484375], [-119.50520833333333, 41.009114583333336], [-121.26953125, 41.005859375], [-122.412109375, 41.337890625], [-123.525390625, 41.337890625], [-123.53515625, 40.400390625], [-123.828125, 40.224609375], [-125.341796875, 40.224609375], [-126.904296875, 40.986328125]]]]}}, {"type": "Feature", "properties": {"FID": 222, "FIR_NAME": "OAKLAND OCEANIC", "ICAO_CODE": "KZAK", "TYPE": "FIR", "COUNTRY": "United States"}, "geometry": {"type": "MultiPolygon", "coordinates": [[[[-127.998046875, 48.336588541666664], [-126.50390625, 45.009765625], [-126.904296875, 40.986328125], [-127.01171875, 40.8203125], [-127.01171875, 37.5390625], [-126.943359375, 36.484375], [-125.83984375, 35.5078125], [-124.208984375, 36.005859375], [-123.28125, 34.557291666666664], [-121.71875, 32.16796875], [-120.830078125, 30.758463541666668], [-120.00651041666667, 29.990234375], [-120.00651041666667, 5.009765625], [-120.01302083333333, 3.505859375], [-145.009765625, 3.505859375], [-155.0, -4.990234375], [-157.001953125, -4.993489583333333], [-171.015625, -4.993489583333333], [-179.99674479166666, -4.990234375], [-179.99674479166666, 49.4140625], [-176.630859375, 50.13671875], [-167.763671875, 51.416015625], [-159.990234375, 53.505859375], [-153.017578125, 55.99609375], [-151.7578125, 56.767578125], [-149.3359375, 56.376953125], [-146.62109375, 55.859375], [-143.2421875, 55.107421875], [-141.5625, 54.6875], [-139.375, 54.091796875], [-137.431640625, 53.515625], [-135.029296875, 52.737630208333336], [-133.740234375, 50.99609375], [-130.9375, 49.775390625], [-127.998046875, 48.336588541666664]]]]}}, {"type": "Feature", "properties": {"FID": 223, "FIR_NAME": "DAKAR OCEANIC", "ICAO_CODE": "GOOO", "TYPE": "FIR", "COUNTRY": null}, "geometry": {"type": "MultiPolygon", "coordinates": [[[[-10.006510416666666, -11.982421875], [-10.01953125, -6.357421875], [-16.015625, -6.357421875], [-21.318359375, -2.451171875], [-28.720703125, 3.076171875], [-35.009765625, 7.669270833333333], [-37.509765625, 13.505859375], [-37.49267578125, 17.00439453125], [-24.4140625, 13.681640625], [-21.370442708333332, 12.978515625], [-16.917317708333332, 9.010416666666666], [-7.347005208333333, 0.01953125], [-3.011067708333333, -1.8359375], [-3.004557291666667, -9.518229166666666], [-10.006510416666666, -11.982421875]]]]}}, {"type": "Feature", "properties": {"FID": 224, "FIR_NAME": "ATLANTICO", "ICAO_CODE": "SBAO", "TYPE": "FIR", "COUNTRY": "Brazil"}, "geometry": {"type": "MultiPolygon", "coordinates": [[[[-35.009765625, 7.669270833333333], [-28.720703125, 3.076171875], [-21.318359375, -2.451171875], [-16.015625, -6.357421875], [-10.01953125, -6.357421875], [-10.006510416666666, -11.982421875], [-10.006510416666666, -19.990234375], [-10.013020833333334, -33.994140625], [-49.990234375, -33.990885416666664], [-46.0546875, -29.55078125], [-44.78515625, -28.037109375], [-43.73046875, -26.71875], [-40.869140625, -24.58984375], [-38.1640625, -22.431640625], [-39.378255208333336, -21.175130208333332], [-37.685546875, -18.8671875], [-39.013671875, -18.408203124999986], [-38.06640625, -16.708984375], [-37.607421875, -15.17578125], [-35.56640625, -11.318359375], [-33.837890625, -8.45703125], [-33.232421875, -6.806640624999986], [-31.806640625, -4.0625], [-32.1484375, -3.251953125], [-35.498046875, -1.728515625], [-40.791015625, 0.934244791666667], [-47.972005208333336, 4.996744791666667], [-39.990234375, 5.009765625], [-37.34375, 6.416015625], [-37.080078125, 6.6015625], [-35.009765625, 7.669270833333333]]]]}}, {"type": "Feature", "properties": {"FID": 225, "FIR_NAME": "BEIJING", "ICAO_CODE": "ZBPE", "TYPE": "FIR", "COUNTRY": "China"}, "geometry": {"type": "MultiPolygon", "coordinates": [[[[111.572265625, 43.5205078125], [111.767578125, 43.671875], [111.943359375, 43.701171875], [111.953125, 43.76953125], [111.884765625, 43.92578125], [111.796875, 44.00390625], [111.6796875, 44.052734375], [111.533203125, 44.208984375], [111.5234375, 44.27734375], [111.416015625, 44.345703125], [111.42578125, 44.43359375], [111.5625, 44.599609375], [111.572265625, 44.70703125], [111.7578125, 44.98046875], [111.875, 45.05859375], [112.01171875, 45.107421875], [112.109375, 45.078125], [112.412109375, 45.087890625], [112.607421875, 44.931640625], [112.83203125, 44.853515625], [113.642578125, 44.755859375], [113.92578125, 44.931640625], [114.0234375, 44.931640625], [114.111328125, 44.970703125], [114.189453125, 45.05859375], [114.453125, 45.21484375], [114.5703125, 45.41015625], [114.7265625, 45.44921875], [114.912109375, 45.390625], [115.3125, 45.406901041666664], [117.529296875, 43.232421875], [119.345703125, 39.90234375], [119.86328125, 39.4921875], [119.99348958333333, 38.264973958333336], [117.4609375, 37.48046875], [115.390625, 36.666666666666664], [113.3203125, 35.87890625], [110.25716145833333, 34.547526041666664], [110.29296875, 35.546875], [110.72265625, 37.431640625], [110.595703125, 38.359375], [109.619140625, 38.76953125], [107.041015625, 40.322265625], [105.91796875, 40.72265625], [105.22135416666667, 41.744791666666664], [105.615234375, 41.9140625], [106.73828125, 42.294921875], [107.20703125, 42.353515625], [107.28515625, 42.421875], [107.451171875, 42.470703125], [107.55859375, 42.421875], [107.9248046875, 42.4267578125], [108.212890625, 42.470703125], [108.30078125, 42.451171875], [108.8671875, 42.412109375], [109.013671875, 42.470703125], [109.2626953125, 42.45361328125], [109.51171875, 42.4609375], [109.697265625, 42.568359375], [109.921875, 42.646484375], [110.1171875, 42.65625], [110.390625, 42.763671875], [110.48828125, 42.8466796875], [110.703125, 43.0517578125], [110.99609375, 43.330078125], [111.572265625, 43.5205078125]]]]}}, {"type": "Feature", "properties": {"FID": 226, "FIR_NAME": "OSH", "ICAO_CODE": "UCFO", "TYPE": "FIR", "COUNTRY": "Kyrgyzstan"}, "geometry": {"type": "MultiPolygon", "coordinates": [[[[75.81705729166667, 40.325520833333336], [75.673828125, 40.33203125], [75.654296875, 40.41015625], [75.693359375, 40.44921875], [75.634765625, 40.5078125], [75.625, 40.595703125], [75.57617187499997, 40.654296875], [75.22460937499997, 40.458984375], [75.01953125, 40.458984375], [74.86328125, 40.52734375], [74.80468750000003, 40.419921875], [74.87304687499997, 40.37109375], [74.87304687499997, 40.33203125], [74.736328125, 40.3515625], [74.375, 40.107421875], [74.18945312500003, 40.126953125], [74.10156250000003, 40.078125], [74.00390625, 40.068359375], [73.83789062500003, 39.814453125], [73.83789062500003, 39.765625], [73.92578125000003, 39.6875], [73.9453125, 39.599609375], [73.88671875, 39.560546875], [73.84765625, 39.482421875], [73.65234375, 39.459635416666664], [73.505859375, 39.482421875], [73.193359375, 39.365234375], [72.646484375, 39.404296875], [72.490234375, 39.35546875], [72.41210937499997, 39.365234375], [72.32421874999997, 39.3359375], [72.24609375, 39.19921875], [72.20703125, 39.2578125], [72.099609375, 39.306640625], [72.06054687499997, 39.384765625], [71.875, 39.296875], [71.767578125, 39.287109375], [71.72851562500003, 39.35546875], [71.767578125, 39.443359375], [71.73828125, 39.47265625], [71.54296875, 39.462890625], [71.50390625, 39.51171875], [71.54296875, 39.5703125], [71.474609375, 39.62890625], [71.318359375, 39.580078125], [71.26953124999997, 39.521484375], [71.103515625, 39.521484375], [71.00585937499997, 39.404296875], [70.947265625, 39.4140625], [70.84960937500003, 39.55078125], [70.09521484374997, 39.580078125], [70.76171875000003, 39.66796875], [70.546875, 40.029296875], [70.64453124999999, 40.081380208333336], [71.044921875, 40.13671875], [71.943359375, 40.205078125], [72.51953125000003, 40.517578125], [72.568359375, 40.634765625], [72.55859375, 40.693359375], [72.099609375, 41.142578125], [71.572265625, 41.25], [71.083984375, 41.572265625], [71.044921875, 41.62109375], [70.927734375, 42.001953125], [70.94970703125, 42.24853515625], [73.125, 42.20703125], [74.951171875, 41.7578125], [75.732421875, 41.416015625], [75.81705729166667, 40.325520833333336]]]]}}, {"type": "Feature", "properties": {"FID": 227, "FIR_NAME": "VOLOGDA", "ICAO_CODE": "ULWW", "TYPE": "FIR", "COUNTRY": "Russia"}, "geometry": {"type": "MultiPolygon", "coordinates": [[[[35.813802083333336, 58.597005208333336], [35.9765625, 59.39453125], [35.615234375, 60.849609375], [36.611328125, 61.25], [37.28515625, 61.34765625], [40.341796875, 61.243489583333336], [42.55859375, 61.11328125], [44.248046875, 60.419921875], [46.30859375, 60.074869791666664], [45.51757812499997, 59.541015625], [45.0, 58.779296875], [35.813802083333336, 58.597005208333336]]]]}}, {"type": "Feature", "properties": {"FID": 228, "FIR_NAME": "FORT WORTH", "ICAO_CODE": "KZFW", "TYPE": "FIR", "COUNTRY": "United States"}, "geometry": {"type": "MultiPolygon", "coordinates": [[[[-91.70247395833333, 32.298177083333336], [-92.24609375, 32.294921875], [-93.330078125, 31.5625], [-94.21875, 31.58203125], [-95.908203125, 31.484375], [-96.103515625, 31.435546875], [-96.669921875, 31.2109375], [-97.51953125, 31.220703125], [-97.685546875, 31.357421875], [-97.783203125, 31.396484375], [-99.453125, 31.396484375], [-100.46875, 31.015625], [-100.615234375, 30.99609375], [-102.158203125, 31.285807291666668], [-103.330078125, 31.650390625], [-103.798828125, 32.03125], [-103.935546875, 32.451171875], [-103.80859375, 32.98828125], [-103.80859375, 33.37890625], [-103.701171875, 33.408203125], [-103.388671875, 33.76953125], [-102.802734375, 34.326171875], [-102.32421875, 34.560546875], [-101.982421875, 34.609375], [-100.7421875, 34.482421875], [-100.3125, 34.8828125], [-100.01953125, 35.3125], [-100.009765625, 35.83658854166667], [-98.486328125, 35.8203125], [-97.890625, 35.927734375], [-97.578125, 35.498046875], [-97.060546875, 35.46875], [-96.40625, 35.654296875], [-96.03515625, 35.888671875], [-95.60872395833333, 36.025390625], [-95.009765625, 35.654296875], [-95.009765625, 35.068359375], [-94.765625, 34.677734375], [-94.55078125, 34.541015625], [-93.564453125, 34.04296875], [-93.1640625, 33.955078125], [-91.923828125, 33.02734375], [-91.70247395833333, 32.298177083333336]]]]}}, {"type": "Feature", "properties": {"FID": 229, "FIR_NAME": "GUANGZHOU", "ICAO_CODE": "ZGZU", "TYPE": "FIR", "COUNTRY": "China"}, "geometry": {"type": "MultiPolygon", "coordinates": [[[[111.49088541666667, 20.5078125], [108.05013020833333, 20.5078125], [108.203125, 21.220703125], [108.017578125, 21.50390625], [107.841796875, 21.66015625], [107.79296875, 21.669921875], [107.529296875, 21.591796875], [107.48046875, 21.611328125], [107.4609375, 21.66015625], [107.36328125, 21.611328125], [107.28515625, 21.73828125], [107.197265625, 21.71875], [107.08984375, 21.806640625], [107.03125, 21.81640625], [107.01171875, 21.865234375], [107.041015625, 21.923828125], [107.01171875, 21.953125], [106.93359375, 21.93359375], [106.884765625, 21.982421875], [106.796875, 21.982421875], [106.748046875, 22.021484375], [106.71875, 21.982421875], [106.669921875, 21.9921875], [106.689453125, 22.109375], [106.66015625, 22.20703125], [106.689453125, 22.236328125], [106.640625, 22.333984375], [106.552734375, 22.36328125], [106.54296875, 22.4609375], [106.6015625, 22.607421875], [106.69921875, 22.587890625], [106.81640625, 22.802734375], [106.7578125, 22.8125], [106.6796875, 22.880859375], [106.640625, 22.861328125], [106.5234375, 22.939453125], [106.484375, 22.900390625], [106.279296875, 22.861328125], [106.220703125, 22.958984375], [106.123046875, 22.998046875], [106.015625, 22.98828125], [105.966796875, 22.939453125], [105.859375, 22.919921875], [105.712890625, 23.056640625], [105.576171875, 23.06640625], [105.51432291666667, 23.199869791666668], [105.810546875, 24.66796875], [109.306640625, 26.591796875], [109.39778645833333, 29.521484375], [113.0859375, 29.39453125], [114.55078125, 29.039713541666668], [113.9453125, 26.728515625], [114.1015625, 26.064453125], [114.853515625, 25.78125], [114.912109375, 25.72265625], [115.41015625, 25.09765625], [115.41015625, 24.677734375], [116.689453125, 24.375], [117.1484375, 23.740234375], [117.314453125, 23.61328125], [117.216796875, 23.515625], [117.2265625, 23.33984375], [117.1484375, 23.310546875], [116.904296875, 23.330078125], [116.89453125, 23.193359375], [116.845703125, 23.134765625], [116.69921875, 23.0859375], [116.640625, 22.958984375], [116.5234375, 22.83203125], [116.318359375, 22.8515625], [116.103515625, 22.71484375], [115.810546875, 22.626953125], [115.703125, 22.666015625], [115.5859375, 22.5390625], [115.13671875, 22.65625], [115.01953125, 22.568359375], [114.931640625, 22.44140625], [114.853515625, 22.421875], [114.7265625, 22.470703125], [114.541015625, 22.34375], [114.51171875, 22.36328125], [114.47265625, 22.5390625], [114.384765625, 22.6171875], [114.140625, 22.568359375], [114.052734375, 22.509765625], [113.935546875, 22.5390625], [113.7890625, 22.36328125], [113.69140625, 22.16796875], [113.544921875, 22.216796875], [113.525390625, 22.197265625], [113.544921875, 22.001953125], [113.515625, 21.97265625], [113.212890625, 21.796875], [113.046875, 21.767578125], [112.9296875, 21.50390625], [112.763671875, 21.484375], [112.5, 21.54296875], [112.314453125, 21.54296875], [112.16796875, 21.50390625], [112.05078125, 21.572265625], [111.767578125, 21.50390625], [111.6796875, 21.416015625], [111.50390625, 21.40625], [111.49088541666667, 20.5078125]]]]}}, {"type": "Feature", "properties": {"FID": 230, "FIR_NAME": "BISHKEK", "ICAO_CODE": "UAFM", "TYPE": "FIR", "COUNTRY": "Kyrgyzstan"}, "geometry": {"type": "MultiPolygon", "coordinates": [[[[75.81705729166667, 40.325520833333336], [75.732421875, 41.416015625], [74.951171875, 41.7578125], [73.125, 42.20703125], [70.94970703125, 42.24853515625], [70.869140625, 42.314453125], [70.95703125, 42.392578125], [70.986328125, 42.490234375], [71.064453125, 42.470703125], [71.05468750000001, 42.5341796875], [71.083984375, 42.607421875], [71.15234375, 42.607421875], [71.162109375, 42.6953125], [71.23046875, 42.71484375], [71.26953124999997, 42.763671875], [71.35742187499997, 42.75390625], [71.42578125, 42.8125], [71.611328125, 42.7734375], [71.71875, 42.83203125], [71.88476562499997, 42.841796875], [72.099609375, 42.763671875], [72.28515625, 42.783203125], [72.490234375, 42.6953125], [72.75390625, 42.666015625], [72.83203125, 42.578125], [72.91015625, 42.548828125], [73.154296875, 42.568359375], [73.193359375, 42.529296875], [73.3203125, 42.51953125], [73.33984375, 42.44140625], [73.515625, 42.412109375], [73.525390625, 42.44140625], [73.427734375, 42.568359375], [73.427734375, 42.646484375], [73.525390625, 42.8125], [73.505859375, 42.900390625], [73.57421875000003, 43.037109375], [73.828125, 43.134765625], [73.90625, 43.125], [73.974609375, 43.232421875], [74.052734375, 43.193359375], [74.287109375, 43.229166666666664], [74.39453125, 43.203125], [74.423828125, 43.1640625], [74.55078125, 43.14453125], [74.736328125, 42.998046875], [74.86328125, 42.998046875], [75.1953125, 42.861328125], [75.654296875, 42.8125], [75.732421875, 42.8515625], [75.80078125, 42.94921875], [75.849609375, 42.958984375], [75.9765625, 42.9296875], [76.298828125, 42.939453125], [76.4453125, 42.900390625], [76.484375, 42.9296875], [76.748046875, 42.9296875], [76.845703125, 42.98828125], [76.9921875, 42.998046875], [77.333984375, 42.900390625], [77.451171875, 42.939453125], [77.578125, 42.900390625], [77.71484375, 42.9296875], [77.822265625, 42.880859375], [77.890625, 42.91015625], [78.0859375, 42.861328125], [78.515625, 42.890625], [78.69140625, 42.8125], [78.76953125, 42.822265625], [79.0234375, 42.763671875], [79.189453125, 42.802734375], [79.208984375, 42.685546875], [79.2578125, 42.63671875], [79.345703125, 42.6171875], [79.43359375, 42.48046875], [79.716796875, 42.48046875], [79.951171875, 42.44140625], [80.234375, 42.203776041666664], [80.2734375, 42.0703125], [80.234375, 42.041015625], [79.86328125, 42.021484375], [79.78515625, 41.89453125], [79.658203125, 41.89453125], [79.43359375, 41.787109375], [79.296875, 41.796875], [79.21875, 41.73828125], [78.671875, 41.54296875], [78.6328125, 41.484375], [78.53515625, 41.474609375], [78.3984375, 41.40625], [78.359375, 41.376953125], [78.37890625, 41.298828125], [78.271484375, 41.220703125], [78.193359375, 41.11328125], [78.076171875, 41.044921875], [77.83203125, 41.07421875], [77.67578125, 41.005859375], [77.55859375, 40.99609375], [77.373046875, 41.03515625], [77.109375, 41.025390625], [77.0703125, 41.0546875], [76.875, 41.025390625], [76.787109375, 40.95703125], [76.787109375, 40.869140625], [76.650390625, 40.76171875], [76.640625, 40.625], [76.435546875, 40.400390625], [76.328125, 40.361328125], [76.259765625, 40.458984375], [76.181640625, 40.380859375], [76.044921875, 40.400390625], [75.92773437499997, 40.3125], [75.81705729166667, 40.325520833333336]]]]}}, {"type": "Feature", "properties": {"FID": 232, "FIR_NAME": "MIAMI OCEANIC", "ICAO_CODE": "KZMA", "TYPE": "FIR", "COUNTRY": "United States"}, "geometry": {"type": "MultiPolygon", "coordinates": [[[[-71.669921875, 20.416666666666668], [-72.98828124999999, 20.4296875], [-73.34635416666667, 20.009765625], [-75.166015625, 22.001953125], [-76.00911458333333, 22.59765625], [-76.005859375, 22.998046875], [-75.771484375, 23.046875], [-75.654296875, 23.125], [-75.53710937499999, 23.251953125], [-75.46875, 23.427734375], [-75.46875, 23.59375], [-75.556640625, 23.7890625], [-75.6640625, 23.896484375], [-75.80078124999999, 23.974609375], [-76.005859375, 24.013671875], [-76.005859375, 26.9921875], [-77.00846354166667, 27.014973958333332], [-77.001953125, 27.548828125], [-76.27604166666667, 27.84505208333334], [-74.853515625, 27.841796875], [-73.203125, 25.009765625], [-68.50585937499999, 25.009765625], [-67.65299479166667, 21.256510416666668], [-69.150390625, 19.658203125], [-70.517578125, 20.4296875], [-71.669921875, 20.416666666666668]]]]}}, {"type": "Feature", "properties": {"FID": 233, "FIR_NAME": "EDMONTON", "ICAO_CODE": "CZEG", "TYPE": "FIR", "COUNTRY": "Canada"}, "geometry": {"type": "MultiPolygon", "coordinates": [[[[-60.009765625, 89.990234375], [-60.01953125, 82.001953125], [-62.001953124999986, 81.669921875], [-63.7890625, 81.328125], [-66.9921875, 80.615234375], [-68.759765625, 80.15625], [-70.5078125, 79.6484375], [-72.0703125, 79.140625], [-73.18359375, 78.740234375], [-75.0, 78.0078125], [-75.673828125, 76.748046875], [-75.99609375, 76.005859375], [-74.43359375, 75.498046875], [-72.94921875, 74.970703125], [-71.4453125, 74.384765625], [-70.107421875, 73.818359375], [-67.783203125, 72.705078125], [-66.25, 71.865234375], [-64.8828125, 71.044921875], [-63.33984375, 70.009765625], [-62.75390625, 69.580078125], [-61.943359375, 68.96484375], [-60.87890625, 68.0859375], [-59.94140625, 67.24609375], [-58.8671875, 66.201171875], [-57.7734375, 65.01302083333333], [-60.05859375, 65.0], [-62.724609375, 65.05859375], [-65.361328125, 65.05859375], [-68.02734375, 65.009765625], [-71.07421875, 64.560546875], [-74.0234375, 64.052734375], [-77.16796875, 63.41796875], [-80.00651041666667, 62.763671875], [-80.01953124999999, 64.4140625], [-82.5390625, 63.974609375], [-85.48828125, 63.37890625], [-87.783203125, 62.8515625], [-89.5703125, 62.40234375], [-92.109375, 61.69921875], [-94.033203125, 61.123046875], [-97.734375, 59.833984375], [-100.439453125, 58.740234375], [-102.392578125, 57.91015625], [-104.345703125, 56.982421875], [-105.60416911431422, 56.40680135615215], [-106.97256798420794, 55.70994272461153], [-108.31805973645585, 54.99138261319597], [-108.681640625, 54.775390625], [-108.59375, 54.501953125], [-108.603515625, 54.287109375], [-108.671875, 54.111328125], [-108.828125, 53.90625], [-109.052734375, 53.73046875], [-109.31640625, 53.59375], [-109.638671875, 53.486328125], [-110.009765625, 53.408203125], [-110.01302083333333, 49.016927083333336], [-114.6875, 49.000651041666664], [-115.498046875, 49.013671875], [-115.146484375, 49.501953125], [-115.146484375, 50.0], [-115.17578125, 50.09765625], [-115.263671875, 50.205078125], [-115.390625, 50.29296875], [-115.634765625, 50.37109375], [-115.908203125, 50.380859375], [-116.09375, 50.341796875], [-117.6953125, 52.08984375], [-119.033203125, 53.427734375], [-120.99609375, 54.6875], [-123.251953125, 56.005859375], [-125.625, 56.34765625], [-127.529296875, 56.58203125], [-129.8828125, 56.826171875], [-132.06380208333334, 57.01171875], [-132.080078125, 57.060546875], [-132.353515625, 57.099609375], [-132.265625, 57.20703125], [-132.294921875, 57.265625], [-132.5390625, 57.48046875], [-132.890625, 57.861328125], [-133.0859375, 58.017578125], [-133.193359375, 58.173828125], [-133.427734375, 58.349609375], [-133.45703125, 58.388671875], [-133.3984375, 58.4375], [-133.681640625, 58.59375], [-133.876953125, 58.75], [-134.267578125, 58.8671875], [-134.3359375, 58.92578125], [-134.3359375, 58.974609375], [-134.404296875, 58.994140625], [-134.39453125, 59.04296875], [-134.501953125, 59.140625], [-134.658203125, 59.1796875], [-134.7265625, 59.2578125], [-134.970703125, 59.287109375], [-135.029296875, 59.345703125], [-135.009765625, 59.39453125], [-135.09765625, 59.43359375], [-135.029296875, 59.4921875], [-135.0390625, 59.5703125], [-135.478515625, 59.8046875], [-135.908203125, 59.677734375], [-136.328125, 59.6044921875], [-136.259765625, 59.5703125], [-136.25, 59.53125], [-136.328125, 59.462890625], [-136.484375, 59.462890625], [-136.474609375, 59.296875], [-136.591796875, 59.169921875], [-136.826171875, 59.169921875], [-137.216796875, 59.033203125], [-137.451171875, 58.916015625], [-137.51953125, 58.916015625], [-137.509765625, 59.013671875], [-137.626953125, 59.2578125], [-138.603515625, 59.755859375], [-138.681640625, 59.82421875], [-138.720703125, 59.912109375], [-139.0625, 60.0], [-139.169921875, 60.068359375], [-139.19921875, 60.107421875], [-139.08203125, 60.3125], [-139.091796875, 60.361328125], [-139.697265625, 60.341796875], [-139.970703125, 60.1953125], [-140.44921875, 60.3125], [-140.52734375, 60.234375], [-140.5859375, 60.234375], [-141.005859375, 60.322265625], [-141.00911458333334, 72.001953125], [-141.005859375, 89.990234375], [-60.009765625, 89.990234375]]]]}}, {"type": "Feature", "properties": {"FID": 234, "FIR_NAME": "MIAMI OCEANIC", "ICAO_CODE": "KZMA", "TYPE": "FIR", "COUNTRY": "United States"}, "geometry": {"type": "MultiPolygon", "coordinates": [[[[-85.24088541666667, 27.513020833333332], [-84.521484375, 27.509765625], [-84.4921875, 27.48046875], [-83.30078125, 24.78515625], [-83.173828125, 24.013671875], [-85.009765625, 24.007161458333332], [-85.009765625, 25.13671875], [-85.09765625, 26.2109375], [-85.44921875, 26.630859375], [-85.99934895833333, 27.008463541666668], [-85.24088541666667, 27.513020833333332]]]]}}, {"type": "Feature", "properties": {"FID": 235, "FIR_NAME": null, "ICAO_CODE": null, "TYPE": "FIR", "COUNTRY": null}, "geometry": {"type": "MultiPolygon", "coordinates": [[[[44.78759765625, 39.6875], [44.931640625, 39.7265625], [45.05859375, 39.78515625], [45.16601562499997, 39.6875], [45.17578125, 39.580078125], [45.263671875, 39.619140625], [45.33203125, 39.541015625], [45.390625, 39.541015625], [45.439453125, 39.501953125], [45.72265625, 39.58984375], [45.791015625, 39.5703125], [45.8203125, 39.443359375], [45.771484375, 39.375], [45.99609375, 39.267578125], [45.95703124999997, 39.1796875], [46.0546875, 39.0625], [46.15559895833334, 38.857421875], [46.0546875, 38.88671875], [45.859375, 38.88671875], [45.830078125, 38.916015625], [45.439453125, 39.00390625], [45.322265625, 39.1796875], [45.13671875, 39.23828125], [45.078125, 39.35546875], [44.921875, 39.482421875], [44.8828125, 39.609375], [44.78759765625, 39.6875]]]]}}, {"type": "Feature", "properties": {"FID": 236, "FIR_NAME": "ASMARA", "ICAO_CODE": "HHAA", "TYPE": "FIR", "COUNTRY": "Eritrea"}, "geometry": {"type": "MultiPolygon", "coordinates": [[[[36.448567708333336, 14.241536458333334], [38.49283854166666, 19.990234375], [40.986328125, 16.015625], [41.494140625, 15.641276041666666], [42.02148437500003, 14.892578125], [42.392578125, 14.033203125], [43.186848958333336, 12.757161458333334], [42.88085937499997, 12.626953125], [42.79296874999997, 12.509765625], [42.8125, 12.44140625], [42.744140625, 12.392578125], [42.685546875, 12.373046875], [42.490234375, 12.529296875], [42.44140624999997, 12.529296875], [42.392578125, 12.48046875], [42.17773437499997, 12.763671875], [41.9921875, 12.8515625], [41.93359375000003, 12.91015625], [41.81640625, 13.1640625], [41.728515625, 13.26171875], [41.19140625, 13.642578125], [41.044921875, 13.90625], [40.80078125, 14.16015625], [40.556640625, 14.21875], [40.26367187500003, 14.43359375], [40.15625, 14.47265625], [39.990234375, 14.47265625], [39.91210937500003, 14.43359375], [39.78515625, 14.521484375], [39.677734375, 14.501953125], [39.53125, 14.580078125], [39.47265625000003, 14.51171875], [39.296875, 14.501953125], [39.228515625, 14.443359375], [39.169921875, 14.580078125], [39.091796875, 14.6484375], [39.0234375, 14.658203125], [39.00390625, 14.58984375], [38.876953125, 14.501953125], [38.447265625, 14.423828125], [38.3203125, 14.541015625], [38.24218750000003, 14.697265625], [38.13476562499997, 14.6875], [38.017578125, 14.736328125], [37.91015625, 14.8828125], [37.55859375, 14.111328125], [37.392578125, 14.306640625], [37.3828125, 14.365234375], [37.27539062500003, 14.462890625], [37.12890625, 14.443359375], [37.08007812499997, 14.375], [37.08007812499997, 14.306640625], [37.01171875000003, 14.267578125], [36.83593750000003, 14.3359375], [36.73828125, 14.3359375], [36.57226562500003, 14.306640625], [36.448567708333336, 14.241536458333334]]]]}}, {"type": "Feature", "properties": {"FID": 237, "FIR_NAME": "ROMA", "ICAO_CODE": "LIRR", "TYPE": "FIR", "COUNTRY": "Italy"}, "geometry": {"type": "MultiPolygon", "coordinates": [[[[7.998046875, 38.9990234375], [7.988281249999972, 40.99609375], [8.330078125, 41.337890625], [9.746093749999972, 41.34765625], [9.742838541666648, 43.170572916666664], [10.302734375, 43.59375], [11.1328125, 43.720703125], [13.323567708333334, 43.512369791666664], [13.076171875, 42.919921875], [14.365234375, 41.46484375], [15.126953125000028, 41.181640625], [16.2109375, 39.287109375], [16.46484375, 39.0234375], [16.51367187499997, 38.984375], [17.268333, 38.658888], [17.516388, 38.753055], [18.990885416666686, 38.88671875], [18.99414062500001, 36.507161458333336], [11.50390625, 36.510416666666664], [11.484375, 37.509765625], [7.998046875, 38.9990234375]]]]}}, {"type": "Feature", "properties": {"FID": 238, "FIR_NAME": "HONIARA", "ICAO_CODE": "AGGH", "TYPE": "FIR", "COUNTRY": null}, "geometry": {"type": "MultiPolygon", "coordinates": [[[[154.98697916666666, -11.9921875], [155.0, -7.3046875], [155.546875, -6.953125], [155.8984375, -6.85546875], [156.015625, -6.689453125], [156.025390625, -6.552734375000014], [156.07421875, -6.513671875], [159.00390625, -4.82421875], [159.98697916666666, -4.820963541666667], [166.73828125, -10.498046874999986], [166.85872395833334, -11.787109375], [162.998046875, -13.994140625], [161.25, -13.997395833333334], [155.0, -13.994140625], [154.98697916666666, -11.9921875]]]]}}, {"type": "Feature", "properties": {"FID": 239, "FIR_NAME": "PORT MORESBY", "ICAO_CODE": "AYPM", "TYPE": "FIR", "COUNTRY": "Papua New Guinea"}, "geometry": {"type": "MultiPolygon", "coordinates": [[[[159.98697916666666, -4.820963541666667], [159.00390625, -4.82421875], [156.07421875, -6.513671875], [156.025390625, -6.552734375000014], [156.015625, -6.689453125], [155.8984375, -6.85546875], [155.546875, -6.953125], [155.0, -7.3046875], [154.98697916666666, -11.9921875], [144.00390625, -11.992187499999986], [144.0625, -11.708984375], [144.0234375, -11.494140625], [144.04296875, -10.927734375], [143.92578125, -10.205078125], [144.08203125, -9.94140625], [144.21875, -9.384765625], [143.896484375, -9.150390625], [143.818359375, -9.130859375], [142.841796875, -9.306640625], [142.041015625, -9.2578125], [140.99934895833334, -9.599609375], [140.99934895833334, 0.009765625], [159.98697916666666, 0.009765625], [159.98697916666666, -4.820963541666667]]]]}}, {"type": "Feature", "properties": {"FID": 240, "FIR_NAME": "PIARCO", "ICAO_CODE": "TTZP", "TYPE": "FIR", "COUNTRY": null}, "geometry": {"type": "MultiPolygon", "coordinates": [[[[-40.013020833333336, 22.298177083333332], [-37.49267578125, 17.00439453125], [-37.509765625, 13.505859375], [-42.392578125, 11.943359375], [-45.5859375, 10.859375], [-48.0078125, 10.0], [-54.00390625, 9.332682291666666], [-57.01171875, 8.922526041666666], [-59.98046875, 8.929036458333334], [-61.474609374999986, 9.990234375], [-61.93359375, 9.990234375], [-62.05078125, 10.087890625], [-61.796875, 10.7421875], [-62.51953125, 11.025390625], [-64.990234375, 15.006510416666666], [-63.26171875, 15.009765625], [-63.0078125, 15.33203125], [-63.0078125, 17.36328125], [-62.001953124999986, 18.0078125], [-61.513671875, 18.011067708333332], [-60.009765625, 18.011067708333332], [-45.0, 18.0078125], [-40.013020833333336, 22.298177083333332]]]]}}, {"type": "Feature", "properties": {"FID": 241, "FIR_NAME": "UJUNG PANDANG", "ICAO_CODE": "WAAF", "TYPE": "FIR", "COUNTRY": "Indonesia"}, "geometry": {"type": "MultiPolygon", "coordinates": [[[[140.99934895833334, 0.009765625], [140.99934895833334, -9.599609375], [140.986328125, -9.82421875], [139.658203125, -9.82421875], [134.990234375, -6.992187500000014], [126.81966145833333, -9.326171875], [124.482421875, -6.992187500000014], [120.986328125, -6.992187500000014], [117.98828125, -5.478515625], [117.998046875, -3.974609375], [121.240234375, 4.000651041666667], [131.9921875, 4.000651041666667], [132.001953125, 3.505859375], [132.96875, 3.518880208333333], [140.986328125, 3.505859375], [140.99934895833334, 0.009765625]]]]}}, {"type": "Feature", "properties": {"FID": 242, "FIR_NAME": "VILNIUS", "ICAO_CODE": "EYVL", "TYPE": "FIR", "COUNTRY": "Lithuania"}, "geometry": {"type": "MultiPolygon", "coordinates": [[[[26.608072916666668, 55.680338541666664], [26.62109374999997, 55.60546875], [26.455078125, 55.3515625], [26.513671875, 55.322265625], [26.7578125, 55.322265625], [26.806640625, 55.283203125], [26.669921875, 55.234375], [26.62109374999997, 55.13671875], [26.474609375, 55.166015625], [26.44531249999997, 55.13671875], [26.279296875, 55.15625], [26.18164062499997, 55.0], [26.0546875, 54.9609375], [25.908203125, 54.9609375], [25.8203125, 54.90234375], [25.78125, 54.86328125], [25.791015625, 54.82421875], [25.732421875, 54.794921875], [25.72265625, 54.66796875], [25.76171875000003, 54.580078125], [25.65429687499997, 54.53125], [25.634765625, 54.443359375], [25.546875, 54.365234375], [25.56640624999997, 54.31640625], [25.712890625, 54.3359375], [25.76171875000003, 54.296875], [25.791015625, 54.2578125], [25.78125, 54.169921875], [25.67382812500003, 54.140625], [25.537109375, 54.150390625], [25.5078125, 54.189453125], [25.5419921875, 54.2236328125], [25.48828125, 54.306640625], [25.361328125, 54.2578125], [25.21484374999997, 54.267578125], [25.1953125, 54.208984375], [25.107421875, 54.150390625], [24.84375, 54.150390625], [24.79492187500003, 54.1015625], [24.833984375, 54.04296875], [24.814453125, 53.984375], [24.58984375, 53.994140625], [24.39453125, 53.896484375], [24.26757812500003, 53.90625], [24.189453125, 53.974609375], [24.09179687500003, 53.9453125], [23.92578125, 53.96484375], [23.681640625, 53.916015625], [23.499348958333332, 53.955078125], [23.47656250000003, 54.00390625], [23.505859375, 54.072265625], [23.447265625, 54.1796875], [23.3203125, 54.2578125], [23.22265625, 54.267578125], [23.134765625, 54.31640625], [23.076171875, 54.306640625], [23.046875, 54.3505859375], [22.890625, 54.4140625], [22.822265625, 54.4140625], [22.77343750000003, 54.375], [22.68554687500003, 54.482421875], [22.6953125, 54.599609375], [22.734375, 54.7265625], [22.83203125, 54.78515625], [22.86132812500003, 54.84375], [22.822265625, 54.912109375], [22.71484375, 54.970703125], [22.63671875, 54.970703125], [22.568359375, 55.087890625], [22.48046875, 55.05859375], [22.28515625, 55.078125], [22.041015625, 55.0390625], [21.9921875, 55.09765625], [21.845703125, 55.09765625], [21.62109375, 55.1953125], [21.45507812500003, 55.21484375], [21.376953125, 55.29296875], [21.26953125, 55.25390625], [20.95703125, 55.283203125], [20.625, 55.377604166666664], [18.037109375, 56.103515625], [18.525390625, 56.357421875], [20.625, 56.07421875], [20.80078125, 56.07421875], [21.2109375, 56.09375], [21.23046875, 56.162109375], [21.357421875, 56.25], [21.43554687499997, 56.25], [21.591796875, 56.328125], [21.708984375, 56.318359375], [22.1484375, 56.435546875], [22.20703125, 56.40625], [22.51953125, 56.416015625], [22.65625, 56.3671875], [22.94921875000003, 56.42578125], [23.056640625, 56.318359375], [23.134765625, 56.318359375], [23.173828125, 56.3671875], [23.26171875, 56.38671875], [23.525390625, 56.337890625], [23.583984375, 56.3671875], [23.72070312499997, 56.3671875], [23.96484375, 56.337890625], [24.169921875, 56.26953125], [24.326171875, 56.318359375], [24.4140625, 56.279296875], [24.541015625, 56.2890625], [24.658203125, 56.376953125], [24.90234375, 56.455078125], [25.09765625, 56.201171875], [25.67382812500003, 56.162109375], [25.712890625, 56.09375], [26.19140625, 55.869140625], [26.28906250000003, 55.751953125], [26.608072916666668, 55.680338541666664]]]]}}, {"type": "Feature", "properties": {"FID": 243, "FIR_NAME": null, "ICAO_CODE": null, "TYPE": "FIR", "COUNTRY": null}, "geometry": {"type": "MultiPolygon", "coordinates": [[[[16.005859375, -5.882161458333333], [21.98242187500003, -7.32421875], [21.988932291666675, -8.984375], [16.005859375, -5.882161458333333]]]]}}, {"type": "Feature", "properties": {"FID": 244, "FIR_NAME": "FUKUOKA", "ICAO_CODE": "RJJJ", "TYPE": "FIR", "COUNTRY": "Japan"}, "geometry": {"type": "MultiPolygon", "coordinates": [[[[133.623046875, 38.639322916666664], [135.91796875, 40.504557291666664], [140.009765625, 45.76171875], [141.982421875, 45.76171875], [145.654296875, 44.51171875], [145.72265625, 44.443359375], [145.322265625, 43.8671875], [145.400390625, 43.662109375], [145.8203125, 43.427734375], [145.83984375, 43.330078125], [146.81640625, 43.0078125], [149.99348958333334, 45.01953125], [159.00065104166666, 50.084635416666664], [162.919921875, 45.709635416666664], [164.990234375, 43.017578125], [164.98046875, 27.01171875], [155.0, 27.001953125], [154.98046875, 21.005859375], [129.990234375, 21.002604166666668], [121.51041666666667, 21.018880208333332], [123.994140625, 23.505859375], [123.98111979166667, 28.98763020833334], [123.99739583333333, 30.009765625], [125.41015625, 30.009765625], [126.81640625, 32.490234375], [127.490234375, 32.509765625], [129.19921875, 34.70703125], [132.96875, 37.48046875], [132.998046875, 37.5390625], [132.998046875, 38.017578125], [133.623046875, 38.639322916666664]]]]}}, {"type": "Feature", "properties": {"FID": 245, "FIR_NAME": "NARYAN-MAR", "ICAO_CODE": "ULAM", "TYPE": "FIR", "COUNTRY": "Russia"}, "geometry": {"type": "MultiPolygon", "coordinates": [[[[50.0, 65.82682291666667], [47.763671875, 66.7578125], [46.015625, 66.8359375], [44.94140625, 67.36328125], [44.140625, 67.87109375], [43.271484375, 68.671875], [49.482421875, 70.498046875], [48.623046875, 72.958984375], [48.61328125000003, 72.998046875], [48.671875, 73.017578125], [57.978515625, 73.90625], [57.98828125, 73.818359375], [57.649739583333314, 71.171875], [57.59765625, 70.791015625], [57.6171875, 70.68359375], [58.52539062499997, 69.51171875], [59.296875, 68.984375], [59.6875, 68.466796875], [58.9453125, 67.87109375], [57.96875, 67.01171875], [55.380859375, 67.0166015625], [55.133463541666664, 67.021484375], [51.9140625, 66.796875], [50.0, 65.82682291666667]]]]}}, {"type": "Feature", "properties": {"FID": 246, "FIR_NAME": "ARKHANGELSK", "ICAO_CODE": "ULAA", "TYPE": "FIR", "COUNTRY": "Russia"}, "geometry": {"type": "MultiPolygon", "coordinates": [[[[44.140625, 67.87109375], [44.94140625, 67.36328125], [46.015625, 66.8359375], [47.763671875, 66.7578125], [50.0, 65.82682291666667], [50.25390625, 64.8828125], [50.234375, 64.82421875], [48.291015625, 63.857421875], [46.75455729166666, 63.004557291666664], [44.0625, 62.9296875], [43.916015625, 62.890625], [41.005859375, 62.01171875], [40.341796875, 61.243489583333336], [37.28515625, 61.34765625], [36.416015625, 63.8671875], [35.9765625, 64.5703125], [35.17578125, 65.068359375], [36.624348958333336, 66.00260416666667], [38.50585937500003, 66.005859375], [40.234375, 66.318359375], [42.490234375, 66.787109375], [44.140625, 67.87109375]]]]}}, {"type": "Feature", "properties": {"FID": 247, "FIR_NAME": "KUALA LUMPUR", "ICAO_CODE": "WMFC", "TYPE": "FIR", "COUNTRY": "Malaysia"}, "geometry": {"type": "MultiPolygon", "coordinates": [[[[104.73958333333333, 2.604166666666667], [104.3359375, 1.357421875], [104.16015625, 1.34765625], [103.828125, 1.484375], [103.69140625, 1.455078125], [103.5595703125, 1.34765625], [103.505859375, 1.25], [103.45703125, 1.23046875], [102.16145833333333, 1.650390625], [97.490234375, 6.005859375], [94.4140625, 6.009114583333333], [94.41731770833333, 10.009765625], [96.50390625, 10.006510416666666], [97.98828125, 7.265625], [99.375, 6.572265625], [99.482421875, 6.513671875], [99.51171875, 6.4453125], [99.8828125, 6.513671875], [100.009765625, 6.435546875], [100.126953125, 6.435546875], [100.166015625, 6.484375], [100.205078125, 6.71875], [100.283203125, 6.708984375], [100.322265625, 6.591796875], [100.380859375, 6.54296875], [100.634765625, 6.455078125], [100.7421875, 6.50390625], [100.830078125, 6.416015625], [100.849609375, 6.25], [100.9375, 6.240234375], [100.99609375, 6.279296875], [101.11328125, 6.240234375], [101.11328125, 6.19140625], [101.07421875, 6.162109375], [101.11328125, 6.103515625], [101.11328125, 5.986328125], [101.09375, 5.9375], [101.025390625, 5.8984375], [100.986328125, 5.791015625], [101.162109375, 5.64453125], [101.259765625, 5.72265625], [101.279296875, 5.810546875], [101.572265625, 5.927734375], [101.650390625, 5.859375], [101.689453125, 5.771484375], [101.73828125, 5.80078125], [101.826171875, 5.751953125], [101.943359375, 5.87890625], [101.93359375, 5.95703125], [101.962890625, 6.005859375], [102.08984375, 6.11328125], [102.08984375, 6.240234375], [102.66276041666667, 6.748046875], [103.09244791666667, 5.992838541666667], [103.73046875, 4.833984375], [103.662109375, 3.671875], [104.73958333333333, 2.604166666666667]]]]}}, {"type": "Feature", "properties": {"FID": 249, "FIR_NAME": "CANARIAS", "ICAO_CODE": "GCCC", "TYPE": "FIR", "COUNTRY": null}, "geometry": {"type": "MultiPolygon", "coordinates": [[[[-8.675130208333334, 27.67578125], [-8.668619791666666, 27.28515625], [-8.681640625, 26.005859375], [-11.9873046875, 25.93505859375], [-11.25, 27.672526041666668], [-8.675130208333334, 27.67578125]]]]}}, {"type": "Feature", "properties": {"FID": 250, "FIR_NAME": "ASUNCION", "ICAO_CODE": "SGFA", "TYPE": "FIR", "COUNTRY": "Paraguay"}, "geometry": {"type": "MultiPolygon", "coordinates": [[[[-54.596354166666664, -25.563151041666668], [-54.58984375, -25.634765625], [-54.6484375, -25.654296875], [-54.58984375, -25.8203125], [-54.628906250000014, -25.888671875000014], [-54.609375, -25.947265625], [-54.66796875, -25.976562500000014], [-54.66796875, -26.152343750000014], [-54.638671875, -26.201171875], [-54.677734375, -26.25], [-54.707031249999986, -26.435546875], [-54.794921874999986, -26.513671875], [-54.804687500000014, -26.650390625], [-54.912109375, -26.66015625], [-54.980468750000014, -26.787109375], [-55.068359375000014, -26.796875], [-55.13671875, -26.865234375], [-55.13671875, -26.943359375000014], [-55.29296875, -26.933593749999986], [-55.400390625, -26.962890625], [-55.46875, -27.08984375], [-55.546875, -27.099609375], [-55.556640625, -27.1484375], [-55.60546875, -27.16796875], [-55.576171875, -27.2265625], [-55.595703125000014, -27.32421875], [-55.673828124999986, -27.353515625], [-55.7421875, -27.431640625], [-55.849609374999986, -27.40234375], [-55.8984375, -27.32421875], [-56.1328125, -27.294921875000014], [-56.279296875, -27.392578125], [-56.279296875, -27.460937499999986], [-56.3671875, -27.578125], [-56.4453125, -27.558593750000014], [-56.552734374999986, -27.44140625], [-56.640625, -27.44140625], [-56.767578125, -27.5], [-56.865234375, -27.421875], [-56.93359375, -27.412109375], [-57.060546875, -27.48046875], [-57.177734375000014, -27.48046875], [-57.294921875, -27.421875], [-57.607421874999986, -27.373046874999986], [-57.744140625, -27.294921875000014], [-57.98828125, -27.255859375], [-58.505859375, -27.275390625], [-58.603515625, -27.3046875], [-58.603515625, -27.236328125], [-58.662109374999986, -27.158203125], [-58.564453125, -27.099609375], [-58.5546875, -27.041015625], [-58.505859375, -27.03125], [-58.466796875, -26.923828125], [-58.330078125, -26.875], [-58.359375, -26.826171875], [-58.291015625, -26.806640625], [-58.251953125, -26.748046875], [-58.251953125, -26.66015625], [-58.203125, -26.650390625], [-58.18359375, -26.6015625], [-58.222656249999986, -26.533203125], [-58.193359375, -26.455078125], [-58.212890625, -26.40625], [-58.1640625, -26.318359374999986], [-58.173828125, -26.26953125], [-58.115234375, -26.230468749999986], [-58.125, -26.201171875], [-58.10546875, -26.1328125], [-58.0078125, -26.103515625], [-57.861328125, -25.99609375], [-57.91015625, -25.947265625], [-57.861328125, -25.91796875], [-57.880859375000014, -25.878906249999986], [-57.8125, -25.830078125], [-57.83203125, -25.791015624999986], [-57.75390625, -25.72265625], [-57.7734375, -25.68359375], [-57.587890625, -25.56640625], [-57.55859375, -25.4296875], [-57.646484375, -25.37109375], [-57.7734375, -25.15625], [-57.91015625, -25.068359375], [-57.98828125, -25.068359375], [-58.125, -25.009765625000014], [-58.232421875000014, -24.931640625], [-58.33984375, -24.990234375], [-58.4765625, -24.84375], [-58.818359375, -24.775390625], [-59.072265625, -24.599609375], [-59.130859375, -24.599609375], [-59.345703125, -24.482421875000014], [-59.482421875, -24.345703125], [-60.0390625, -24.00390625], [-60.29296875, -24.033203124999986], [-60.380859375, -23.984375], [-60.576171875, -23.945312499999986], [-60.625, -23.88671875], [-60.859375, -23.867187500000014], [-60.9375, -23.80859375], [-60.99609375, -23.818359375], [-61.103515625, -23.691406250000014], [-61.142578125, -23.583984375], [-61.3671875, -23.447265625], [-61.494140625, -23.408203125], [-61.611328125, -23.28125], [-61.728515625, -23.251953125000014], [-61.796875, -23.134765625], [-62.011718750000014, -22.978515624999986], [-62.03125, -22.890625], [-62.16796875, -22.744140625], [-62.197265625, -22.636718750000014], [-62.265625, -22.59765625], [-62.24609375, -22.529296875], [-62.607421875, -22.28271484375], [-62.265625, -21.064453125], [-62.275390625000014, -20.556640625], [-61.914062499999986, -20.078125], [-61.767578125, -19.677734375], [-61.71875, -19.62890625], [-60.595703124999986, -19.453125], [-60.0, -19.287109374999986], [-59.12109375, -19.3359375], [-58.18359375, -19.8046875], [-58.134765624999986, -19.970703125], [-58.151041666666664, -20.143229166666668], [-58.1640625, -20.175781250000014], [-58.125, -20.205078125], [-58.1640625, -20.253906249999986], [-58.10546875, -20.2734375], [-58.095703125, -20.361328125], [-57.998046875, -20.439453125000014], [-58.017578125, -20.517578124999986], [-57.98828125, -20.693359374999986], [-57.919921875, -20.6640625], [-57.871093749999986, -20.72265625], [-57.939453125, -20.78125], [-57.861328125, -20.830078125], [-57.919921875, -20.8984375], [-57.822265625, -20.957031249999986], [-57.861328125, -21.044921874999986], [-57.841796875, -21.19140625], [-57.91015625, -21.26953125], [-57.861328125, -21.34765625], [-57.958984374999986, -21.494140625000014], [-57.919921875, -21.5625], [-57.94921875, -21.62109375], [-57.900390625, -21.689453125], [-57.94921875, -21.73828125], [-57.958984374999986, -21.845703125000014], [-57.9296875, -21.904296875], [-57.998046875, -22.060546875], [-57.841796875, -22.12890625], [-57.65625, -22.08984375], [-57.607421874999986, -22.177734375], [-57.470703125, -22.16796875], [-57.3828125, -22.20703125], [-57.20703125, -22.1875], [-56.962890625, -22.236328125], [-56.89453125, -22.236328125], [-56.875, -22.285156250000014], [-56.8359375, -22.285156250000014], [-56.796875, -22.236328125], [-56.738281250000014, -22.24609375], [-56.708984375, -22.20703125], [-56.650390625000014, -22.24609375], [-56.50390625, -22.080078125], [-56.40625, -22.060546875], [-56.376953124999986, -22.138671875], [-56.220703125, -22.265625], [-55.849609374999986, -22.294921875], [-55.751953125, -22.392578125], [-55.7421875, -22.529296875], [-55.615234375, -22.626953124999986], [-55.615234375, -22.734375], [-55.654296875, -22.79296875], [-55.634765625, -22.988281250000014], [-55.585937499999986, -23.056640625], [-55.595703125000014, -23.10546875], [-55.546875, -23.14453125], [-55.52734375, -23.242187499999986], [-55.556640625, -23.310546875], [-55.507812500000014, -23.369140625], [-55.537109375, -23.4375], [-55.52734375, -23.59375], [-55.44921875, -23.691406250000014], [-55.4296875, -23.92578125], [-55.390625, -23.974609375], [-55.205078125, -24.013671875], [-55.01953125, -23.984375], [-54.619140624999986, -23.798828125], [-54.43359375, -23.896484375], [-54.2578125, -24.042968750000014], [-54.345703125, -24.130859375000014], [-54.2578125, -24.35546875], [-54.3359375, -24.472656249999986], [-54.31640625, -24.609375], [-54.462890625, -25.009765625000014], [-54.43359375, -25.146484375], [-54.619140624999986, -25.419921875], [-54.596354166666664, -25.563151041666668]]]]}}, {"type": "Feature", "properties": {"FID": 251, "FIR_NAME": "SHANGHAI", "ICAO_CODE": "ZSHA", "TYPE": "FIR", "COUNTRY": "China"}, "geometry": {"type": "MultiPolygon", "coordinates": [[[[123.98111979166667, 28.98763020833334], [119.990234375, 25.0], [117.49348958333333, 23.017578125], [117.490234375, 23.505859375], [117.314453125, 23.61328125], [117.1484375, 23.740234375], [116.689453125, 24.375], [115.41015625, 24.677734375], [115.41015625, 25.09765625], [114.912109375, 25.72265625], [114.853515625, 25.78125], [114.1015625, 26.064453125], [113.9453125, 26.728515625], [114.55078125, 29.039713541666668], [115.927734375, 30.087890625], [115.80078125, 32.900390625], [115.8984375, 34.53125], [115.439453125, 35.263671875], [115.390625, 36.666666666666664], [117.4609375, 37.48046875], [119.99348958333333, 38.264973958333336], [122.98828125, 38.26171875], [123.994140625, 38.0078125], [123.99739583333333, 30.009765625], [123.98111979166667, 28.98763020833334]]]]}}, {"type": "Feature", "properties": {"FID": 252, "FIR_NAME": "TAIPEI", "ICAO_CODE": "RCAA", "TYPE": "FIR", "COUNTRY": "Taiwan"}, "geometry": {"type": "MultiPolygon", "coordinates": [[[[117.49348958333333, 23.017578125], [119.990234375, 25.0], [123.98111979166667, 28.98763020833334], [123.994140625, 23.505859375], [121.51041666666667, 21.018880208333332], [117.49348958333333, 21.005859375], [117.49348958333333, 23.017578125]]]]}}, {"type": "Feature", "properties": {"FID": 253, "FIR_NAME": "BODO OCEANIC", "ICAO_CODE": "ENOB", "TYPE": "FIR", "COUNTRY": "Norway"}, "geometry": {"type": "MultiPolygon", "coordinates": [[[[29.986979166666675, 71.01888020833333], [28.02734374999997, 71.337890625], [24.94140625, 71.337890625], [18.06640625, 70.498046875], [14.970703125, 70.0], [9.414062500000028, 67.255859375], [7.71484375, 66.23046875], [6.982421875, 65.751953125], [6.220703125, 65.107421875], [4.970703125, 63.974609375], [3.994140625, 63.0078125], [-0.006510416666667, 63.0078125], [-0.013020833333333, 73.0078125], [0.009765625000028, 82.01171875], [29.986979166666675, 82.01171875], [29.986979166666675, 71.01888020833333]]]]}}, {"type": "Feature", "properties": {"FID": 254, "FIR_NAME": "JEDDAH", "ICAO_CODE": "OEJD", "TYPE": "FIR", "COUNTRY": "Saudi Arabia"}, "geometry": {"type": "MultiPolygon", "coordinates": [[[[46.559244791666664, 29.11458333333333], [47.45117187499997, 29.00390625], [47.568359375, 28.84765625], [47.59765625, 28.681640625], [47.705078125, 28.53515625], [48.662109375, 28.5546875], [48.87044270833334, 28.258463541666668], [49.111328125, 27.861328125], [50.44921875, 26.591796875], [50.380859375, 26.533203125], [50.37109375000003, 26.42578125], [50.322265625, 26.337890625], [50.3125, 26.181640625], [50.26367187499997, 26.09375], [50.29296875, 25.888671875], [50.60546875, 25.498046875], [50.654296875, 25.146484375], [50.78125, 24.90234375], [50.80078125, 24.755859375], [50.91796875, 24.560546875], [51.07421875000003, 24.482421875], [51.30859375, 24.4921875], [51.3671875, 24.53125], [51.42578125000003, 24.6484375], [51.5625, 24.716796875], [51.58203124999997, 24.130859375], [51.715494791666664, 23.981119791666668], [52.587890625, 22.939453125], [55.068359375, 22.63671875], [55.126953125, 22.63671875], [55.1953125, 22.698567708333332], [55.634765625, 22.05078125], [55.654296875, 21.97265625], [55.0, 20.009765625], [51.998697916666664, 19.000651041666668], [50.751953125, 18.7890625], [49.1015625, 18.623046875], [48.193359375, 18.18359375], [47.607421875, 17.48046875], [47.4609375, 17.12890625], [47.158203125, 16.953125], [46.9921875, 16.962890625], [46.73828125, 17.28515625], [46.42578125, 17.24609375], [46.06445312500003, 17.255859375], [45.400390625, 17.333984375], [45.21484375, 17.44140625], [44.63867187499997, 17.44140625], [44.57031250000003, 17.412109375], [44.3359375, 17.44140625], [44.16015625, 17.421875], [44.1015625, 17.373046875], [44.04296875000003, 17.412109375], [43.96484375, 17.34375], [43.828125, 17.34375], [43.77929687500003, 17.3828125], [43.662109375, 17.3828125], [43.525390625, 17.51953125], [43.41796875, 17.568359375], [43.2421875, 17.490234375], [43.23242187499997, 17.392578125], [43.32031249999997, 17.314453125], [43.203125, 17.265625], [43.203125, 17.216796875], [43.14453124999997, 17.16796875], [43.154296875, 17.109375], [43.23242187499997, 17.060546875], [43.1787109375, 17.0166015625], [43.18359375, 16.953125], [43.134765625, 16.89453125], [43.25195312500003, 16.796875], [43.212890625, 16.728515625], [43.22265625, 16.669921875], [43.134765625, 16.66015625], [43.10546875, 16.533203125], [42.958984375, 16.513671875], [42.939453125, 16.416015625], [42.8515625, 16.38671875], [42.734375, 16.416015625], [42.16796875, 16.416015625], [41.806640625, 16.30859375], [41.787109375, 16.279296875], [41.9921875, 15.99609375], [41.85546875, 15.78125], [41.494140625, 15.641276041666666], [40.986328125, 16.015625], [38.49283854166666, 19.990234375], [37.98502604166668, 22.005208333333332], [34.580078125, 28.095703125], [34.962565104166664, 29.431966145833332], [36.07421875, 29.19921875], [36.494140625, 29.501953125], [36.74804687500003, 29.873046875], [37.48046875, 30.0], [37.646484375, 30.322265625], [37.98828125, 30.517578125], [37.001953125, 31.50390625], [38.984375, 32.001953125], [39.21549479166668, 32.171223958333336], [40.41015625, 31.953125], [41.47460937499997, 31.357421875], [42.080078125, 31.123046875], [44.70703125, 29.208984375], [46.318359375, 29.072265625], [46.4453125, 29.072265625], [46.559244791666664, 29.11458333333333]]]]}}, {"type": "Feature", "properties": {"FID": 256, "FIR_NAME": "OAKLAND OCEANIC", "ICAO_CODE": "KZAK", "TYPE": "FIR", "COUNTRY": "United States"}, "geometry": {"type": "MultiPolygon", "coordinates": [[[[162.919921875, 45.709635416666664], [179.98697916666666, 49.39453125], [179.98697916666666, 3.505859375], [169.990234375, 3.502604166666667], [160.0, 3.505859375], [159.98697916666666, 0.009765625], [140.99934895833334, 0.009765625], [140.986328125, 3.505859375], [132.96875, 3.518880208333333], [132.51953125, 4.007161458333333], [129.990234375, 7.01171875], [129.990234375, 21.002604166666668], [154.98046875, 21.005859375], [155.0, 27.001953125], [164.98046875, 27.01171875], [164.990234375, 43.017578125], [162.919921875, 45.709635416666664]]]]}}, {"type": "Feature", "properties": {"FID": 257, "FIR_NAME": "TURKMENABAT", "ICAO_CODE": "UTAV", "TYPE": "FIR", "COUNTRY": "Turkmenistan"}, "geometry": {"type": "MultiPolygon", "coordinates": [[[[64.0478515625, 36.0205078125], [63.90625, 36.044921875], [63.7890625, 35.986328125], [63.61328125, 35.9765625], [63.525390625, 35.908203125], [63.37890625000003, 35.869140625], [63.125, 35.869140625], [63.09570312499997, 35.83984375], [63.22265625, 35.703125], [63.0859375, 35.625], [63.11523437500003, 35.546875], [63.0859375, 35.439453125], [62.94921875, 35.41015625], [62.63671875, 35.234375], [62.451171875, 35.29296875], [62.314453125, 35.15625], [62.23632812500003, 35.3125], [62.01171875, 35.458984375], [61.806640625, 35.419921875], [61.58203125, 35.44921875], [61.40625, 35.56640625], [61.3671875, 35.64453125], [61.279296875, 35.6396484375], [61.455078125, 36.630859375], [61.9921875, 37.509765625], [61.3671875, 38.681640625], [60.28320312499997, 39.90234375], [60.25390625, 40.436197916666664], [62.15332031249999, 40.478515625], [62.51953125, 39.90234375], [62.83203124999997, 39.775390625], [63.4375, 39.453125], [63.720703125, 39.19921875], [64.1796875, 38.955078125], [64.3359375, 38.994140625], [64.66796875, 38.740234375], [65.0, 38.623046875], [65.29296874999997, 38.408203125], [65.57617187500003, 38.26171875], [65.76171875, 38.232421875], [65.87890625, 38.291015625], [65.95703125, 38.251953125], [66.044921875, 38.251953125], [66.162109375, 38.173828125], [66.25976562499997, 38.154296875], [66.318359375, 38.0859375], [66.640625, 38.0078125], [66.66015625, 37.939453125], [66.533203125, 37.79296875], [66.513671875, 37.51953125], [66.5625, 37.4609375], [66.513671875, 37.421875], [66.51692708333333, 37.376302083333336], [66.45507812500003, 37.32421875], [66.396484375, 37.353515625], [66.27929687500003, 37.333984375], [66.03515625, 37.4609375], [65.830078125, 37.509765625], [65.7763671875, 37.5634765625], [65.654296875, 37.5], [65.64453124999997, 37.36328125], [65.537109375, 37.255859375], [65.078125, 37.255859375], [64.78515625000003, 37.12890625], [64.78515625000003, 36.9140625], [64.609375, 36.640625], [64.609375, 36.416015625], [64.453125, 36.25], [64.32617187499997, 36.23046875], [64.287109375, 36.162109375], [64.189453125, 36.181640625], [64.091796875, 36.1328125], [64.052734375, 36.083984375], [64.0478515625, 36.0205078125]]]]}}, {"type": "Feature", "properties": {"FID": 258, "FIR_NAME": "NAIROBI", "ICAO_CODE": "HKNA", "TYPE": "FIR", "COUNTRY": "Kenya"}, "geometry": {"type": "MultiPolygon", "coordinates": [[[[43.990885416666664, -1.995442708333333], [43.990885416666664, -4.6875], [40.00651041666668, -4.700520833333329], [39.1796875, -4.658203125], [37.822265625, -3.681640625], [37.763671875, -3.623046875], [37.744140625, -3.544921875], [37.666015625, -3.49609375], [37.6171875, -3.505859375], [37.641601562499986, -3.39599609375], [37.705078125, -3.300781250000014], [37.67578125, -3.06640625], [37.548828125, -2.958984375], [36.328125, -2.3046875], [34.08203125, -1.03515625], [34.02343750000003, -1.03515625], [34.00390624999997, -0.986328125], [33.916015625, -0.992838541666667], [33.90625, -0.488281250000014], [33.96484375, -0.09765625], [33.90625, 0.1171875], [34.1015625, 0.3515625], [34.09179687499997, 0.439453125], [34.150390625, 0.595703125], [34.2578125, 0.64453125], [34.306640625, 0.712890625], [34.306640625, 0.771484375], [34.375, 0.80078125], [34.453125, 0.8984375], [34.501953125, 1.09375], [34.5703125, 1.103515625], [34.599609375, 1.162109375], [34.697265625, 1.220703125], [34.81445312500003, 1.240234375], [34.79492187499997, 1.40625], [34.853515625, 1.4453125], [34.86328125, 1.513671875], [34.9609375, 1.6015625], [34.99023437500003, 1.669921875], [34.99023437500003, 1.875], [35.01953125, 1.923828125], [34.97070312499997, 1.9921875], [34.99023437500003, 2.099609375], [34.873046875, 2.3828125], [34.931640625, 2.5], [34.892578125, 2.59765625], [34.84375, 2.59765625], [34.8046875, 2.646484375], [34.775390625, 2.8125], [34.697265625, 2.880859375], [34.6484375, 2.87109375], [34.580078125, 2.94921875], [34.560546875, 3.10546875], [34.44335937499997, 3.18359375], [34.39453125, 3.486328125], [34.453125, 3.53515625], [34.453125, 3.681640625], [34.375, 3.740234375], [34.296875, 3.720703125], [34.248046875, 3.7890625], [34.189453125, 3.798828125], [34.16015625, 3.837890625], [34.21875, 3.876953125], [34.09179687499997, 3.88671875], [34.12109375, 3.92578125], [34.111328125, 3.997395833333333], [35.986328125, 4.007161458333333], [41.881510416666664, 3.977864583333333], [41.34765625, 3.193359375], [40.9765625, 2.822265625], [40.986328125, -0.849609375], [41.533203125, -1.5625], [41.552734375, -1.66015625], [41.9921875, -1.9921875], [43.990885416666664, -1.995442708333333]]]]}}, {"type": "Feature", "properties": {"FID": 259, "FIR_NAME": "NAURU", "ICAO_CODE": "ANAU", "TYPE": "FIR", "COUNTRY": "Nauru"}, "geometry": {"type": "MultiPolygon", "coordinates": [[[[159.98697916666666, 0.009765625], [160.0, 3.505859375], [169.990234375, 3.502604166666667], [169.990234375, -10.0], [166.85872395833334, -11.787109375], [166.73828125, -10.498046874999986], [159.98697916666666, -4.820963541666667], [159.98697916666666, 0.009765625]]]]}}, {"type": "Feature", "properties": {"FID": 260, "FIR_NAME": "LOS ANGELES", "ICAO_CODE": "KZLA", "TYPE": "FIR", "COUNTRY": "United States"}, "geometry": {"type": "MultiPolygon", "coordinates": [[[[-111.83268229166667, 35.774739583333336], [-112.01171875, 35.439453125], [-112.6953125, 35.380859375], [-113.59375, 34.94140625], [-114.00390625, 34.66796875], [-114.00390625, 32.705078125], [-113.720703125, 32.744140625], [-113.681640625, 32.724609375], [-113.52213541666667, 32.109375], [-114.794921875, 32.490234375], [-114.814453125, 32.51953125], [-114.736328125, 32.685546875], [-114.74609375, 32.724609375], [-117.109375, 32.548828125], [-120.830078125, 30.758463541666668], [-121.71875, 32.16796875], [-123.28125, 34.557291666666664], [-120.91796875, 35.517578125], [-120.322265625, 35.703125], [-120.068359375, 35.751953125], [-119.51171875, 35.64453125], [-119.16015625, 36.142578125], [-118.59375, 36.15234375], [-118.57421875, 37.20703125], [-117.32421875, 37.20703125], [-117.03125, 37.373046875], [-117.099609375, 37.509765625], [-117.09635416666667, 37.887369791666664], [-116.123046875, 37.890625], [-114.208984375, 38.02734375], [-113.681640625, 37.900390625], [-113.662109375, 37.880859375], [-113.779296875, 37.744140625], [-113.76953125, 37.71484375], [-113.037109375, 37.509765625], [-112.0703125, 37.509765625], [-111.884765625, 37.418619791666664], [-111.513671875, 36.455078125], [-111.83268229166667, 35.774739583333336]]]]}}, {"type": "Feature", "properties": {"FID": 261, "FIR_NAME": null, "ICAO_CODE": null, "TYPE": "FIR", "COUNTRY": null}, "geometry": {"type": "MultiPolygon", "coordinates": [[[[-85.29622395833333, 35.654296875], [-85.244140625, 35.400390625], [-85.498046875, 34.853515625], [-85.9375, 34.814453125], [-86.08398437499999, 34.638671875], [-86.19140625, 34.384765625], [-86.70898437500001, 34.111328125], [-87.24934895833333, 34.114583333333336], [-87.001953125, 34.39453125], [-86.9921875, 35.341796875], [-85.29622395833333, 35.654296875]]]]}}, {"type": "Feature", "properties": {"FID": 262, "FIR_NAME": "DENVER", "ICAO_CODE": "KZDV", "TYPE": "FIR", "COUNTRY": "United States"}, "geometry": {"type": "MultiPolygon", "coordinates": [[[[-103.17708333333333, 44.973958333333336], [-101.50390625, 44.70703125], [-101.416015625, 43.720703125], [-100.1171875, 43.30078125], [-99.0234375, 42.01171875], [-99.0625, 39.98046875], [-98.81510416666667, 39.475911458333336], [-102.55208333333333, 37.5], [-104.970703125, 36.728515625], [-106.11328125, 36.71875], [-107.44140625, 36.2109375], [-108.22265625, 36.03515625], [-110.185546875, 35.712890625], [-111.83268229166667, 35.774739583333336], [-111.513671875, 36.455078125], [-111.884765625, 37.418619791666664], [-109.990234375, 38.212890625], [-109.990234375, 39.21875], [-110.29296875, 39.58984375], [-109.1796875, 40.0], [-109.111328125, 40.849609375], [-108.26171875, 41.38671875], [-107.060546875, 42.421875], [-107.0703125, 42.646484375], [-107.28515625, 43.88671875], [-106.26953125, 44.326171875], [-105.99609375, 45.244140625], [-104.248046875, 45.126953125], [-103.17708333333333, 44.973958333333336]]]]}}, {"type": "Feature", "properties": {"FID": 263, "FIR_NAME": "ALMATY", "ICAO_CODE": "UAAA", "TYPE": "FIR", "COUNTRY": "Kazakhstan"}, "geometry": {"type": "MultiPolygon", "coordinates": [[[[85.5908203125, 48.06640625], [85.52734375, 47.939453125], [85.615234375, 47.646484375], [85.595703125, 47.51953125], [85.693359375, 47.392578125], [85.693359375, 47.236328125], [85.5859375, 47.197265625], [85.517578125, 47.0703125], [85.224609375, 47.05078125], [84.951171875, 46.865234375], [84.74609375, 46.8359375], [84.775390625, 46.93359375], [84.677734375, 47.001953125], [84.501953125, 46.982421875], [84.43359375, 47.01171875], [84.1796875, 47.01171875], [84.130859375, 46.982421875], [83.876953125, 46.982421875], [83.544921875, 47.0703125], [83.14453125, 47.236328125], [83.046875, 47.2265625], [83.0078125, 46.962890625], [82.8125, 46.66015625], [82.6953125, 46.337890625], [82.587890625, 46.220703125], [82.5, 45.888671875], [82.3046875, 45.56640625], [82.353515625, 45.498046875], [82.568359375, 45.478515625], [82.646484375, 45.4296875], [82.646484375, 45.29296875], [82.55859375, 45.13671875], [82.48046875, 45.126953125], [82.314453125, 45.244140625], [81.93359375, 45.166015625], [81.884765625, 45.205078125], [81.826171875, 45.1953125], [81.796875, 45.224609375], [81.796875, 45.302734375], [81.728515625, 45.361328125], [81.6796875, 45.361328125], [81.5625, 45.302734375], [81.201171875, 45.234375], [81.07421875, 45.17578125], [80.458984375, 45.1171875], [80.41015625, 45.05859375], [80.263671875, 45.0390625], [80.1171875, 45.048828125], [79.853515625, 44.892578125], [79.990234375, 44.8046875], [80.25390625, 44.833984375], [80.517578125, 44.736328125], [80.37109375, 44.658203125], [80.400390625, 44.609375], [80.341796875, 44.462890625], [80.390625, 44.287109375], [80.361328125, 44.12109375], [80.4296875, 44.052734375], [80.4296875, 44.00390625], [80.732421875, 43.4765625], [80.72265625, 43.41796875], [80.654296875, 43.33984375], [80.771484375, 43.28125], [80.810546875, 43.173828125], [80.771484375, 43.115234375], [80.654296875, 43.154296875], [80.390625, 43.046875], [80.380859375, 42.998046875], [80.546875, 42.939453125], [80.56640625, 42.900390625], [80.244140625, 42.8125], [80.15625, 42.6171875], [80.234375, 42.5], [80.21484375, 42.44140625], [80.283203125, 42.275390625], [80.283203125, 42.2265625], [80.234375, 42.203776041666664], [79.951171875, 42.44140625], [79.716796875, 42.48046875], [79.43359375, 42.48046875], [79.345703125, 42.6171875], [79.2578125, 42.63671875], [79.208984375, 42.685546875], [79.189453125, 42.802734375], [79.0234375, 42.763671875], [78.76953125, 42.822265625], [78.69140625, 42.8125], [78.515625, 42.890625], [78.0859375, 42.861328125], [77.890625, 42.91015625], [77.822265625, 42.880859375], [77.71484375, 42.9296875], [77.578125, 42.900390625], [77.451171875, 42.939453125], [77.333984375, 42.900390625], [76.9921875, 42.998046875], [76.845703125, 42.98828125], [76.748046875, 42.9296875], [76.484375, 42.9296875], [76.4453125, 42.900390625], [76.298828125, 42.939453125], [75.9765625, 42.9296875], [75.849609375, 42.958984375], [75.80078125, 42.94921875], [75.732421875, 42.8515625], [75.654296875, 42.8125], [75.1953125, 42.861328125], [74.86328125, 42.998046875], [74.736328125, 42.998046875], [74.55078125, 43.14453125], [74.423828125, 43.1640625], [74.39453125, 43.203125], [74.287109375, 43.229166666666664], [74.1796875, 43.75], [74.8828125, 44.2529296875], [71.91080729166667, 45.091145833333336], [71.806640625, 47.890625], [71.826171875, 48.0078125], [74.306640625, 48.14453125], [76.162109375, 48.828125], [76.19140625, 49.814453125], [78.154296875, 50.693359375], [79.82421875, 51.03515625], [79.970703125, 50.83984375], [80.078125, 50.76171875], [80.0390625, 50.8203125], [80.048828125, 50.859375], [80.15625, 50.830078125], [80.205078125, 50.8984375], [80.41015625, 50.9375], [80.478515625, 50.99609375], [80.478515625, 51.07421875], [80.419921875, 51.123046875], [80.439453125, 51.2109375], [80.625, 51.220703125], [80.68359375, 51.318359375], [80.849609375, 51.26953125], [80.91796875, 51.298828125], [80.966796875, 51.2109375], [81.171875, 51.201171875], [81.064453125, 50.966796875], [81.181640625, 50.947265625], [81.40625, 50.9765625], [81.474609375, 50.859375], [81.435546875, 50.791015625], [81.455078125, 50.751953125], [81.71875, 50.751953125], [81.77734375, 50.80078125], [82.001953125, 50.78125], [82.16796875, 50.712890625], [82.275390625, 50.76171875], [82.529296875, 50.732421875], [82.6953125, 50.80078125], [82.724609375, 50.908203125], [83.017578125, 50.8984375], [83.134765625, 51.005859375], [83.447265625, 51.005859375], [83.73046875, 50.888671875], [83.828125, 50.888671875], [83.955078125, 50.810546875], [83.96484375, 50.72265625], [84.140625, 50.625], [84.21875, 50.517578125], [84.189453125, 50.44921875], [84.2578125, 50.361328125], [84.267578125, 50.2734375], [84.35546875, 50.224609375], [84.462890625, 50.263671875], [84.541015625, 50.205078125], [84.658203125, 50.205078125], [84.716796875, 50.15625], [84.794921875, 50.15625], [84.853515625, 50.09765625], [85.0, 50.087890625], [85.048828125, 50.029296875], [84.970703125, 49.990234375], [84.970703125, 49.921875], [85.087890625, 49.873046875], [85.087890625, 49.82421875], [85.1953125, 49.736328125], [85.205078125, 49.658203125], [85.263671875, 49.58984375], [85.390625, 49.62890625], [85.458984375, 49.599609375], [85.64453125, 49.62890625], [85.68359375, 49.5703125], [85.95703125, 49.5703125], [85.966796875, 49.4921875], [86.123046875, 49.541015625], [86.201171875, 49.482421875], [86.318359375, 49.619140625], [86.455078125, 49.658203125], [86.50390625, 49.7265625], [86.591796875, 49.755859375], [86.640625, 49.814453125], [86.7578125, 49.794921875], [86.787109375, 49.70703125], [86.6796875, 49.677734375], [86.611328125, 49.599609375], [86.650390625, 49.560546875], [86.748046875, 49.5703125], [86.8359375, 49.5166015625], [86.85546875, 49.443359375], [86.953125, 49.39453125], [86.953125, 49.3359375], [87.05078125, 49.2578125], [87.20703125, 49.2578125], [87.294921875, 49.21875], [87.333984375, 49.104817708333336], [87.16796875, 49.140625], [86.85546875, 49.111328125], [86.71875, 48.96484375], [86.806640625, 48.857421875], [86.748046875, 48.7890625], [86.77734375, 48.73046875], [86.572265625, 48.53515625], [86.34765625, 48.505859375], [86.201171875, 48.427734375], [86.015625, 48.447265625], [85.791015625, 48.41796875], [85.615234375, 48.18359375], [85.5908203125, 48.06640625]]]]}}, {"type": "Feature", "properties": {"FID": 264, "FIR_NAME": null, "ICAO_CODE": null, "TYPE": "FIR", "COUNTRY": null}, "geometry": {"type": "MultiPolygon", "coordinates": [[[[-74.6142578125, 41.59423828125], [-74.951171875, 41.73828125], [-75.03580729166667, 41.852213541666664], [-74.814453125, 41.767578125], [-74.6142578125, 41.59423828125]]]]}}, {"type": "Feature", "properties": {"FID": 265, "FIR_NAME": "MAGADAN OCEANIC", "ICAO_CODE": "UHMM", "TYPE": "FIR", "COUNTRY": "Russia"}, "geometry": {"type": "MultiPolygon", "coordinates": [[[[-169.00716145833334, 72.001953125], [-179.99674479166666, 72.265625], [-179.99674479166666, 86.123046875], [-169.00716145833334, 87.63671875], [-169.00716145833334, 72.001953125]]]]}}, {"type": "Feature", "properties": {"FID": 266, "FIR_NAME": "BEIRUT", "ICAO_CODE": "OLBB", "TYPE": "FIR", "COUNTRY": "Lebanon"}, "geometry": {"type": "MultiPolygon", "coordinates": [[[[36.4990234375, 34.0771484375], [36.416015625, 34.0625], [36.279296875, 33.92578125], [36.3671875, 33.876953125], [36.3671875, 33.837890625], [36.25, 33.8671875], [36.064453125, 33.828125], [35.9375, 33.662109375], [36.0546875, 33.583984375], [35.95703125000003, 33.544921875], [35.947265625, 33.486328125], [35.830078125, 33.41796875], [35.78125, 33.349609375], [35.598958333333336, 33.268229166666664], [35.52734375, 33.14453125], [35.419921875, 33.076171875], [35.3515625, 33.06640625], [35.302734375, 33.115234375], [34.90234375, 33.108723958333336], [34.94140625, 33.212890625], [34.72656250000003, 33.427734375], [34.58984375, 33.73046875], [34.580078125, 33.90625], [34.658203125, 34.12109375], [34.88281249999997, 34.39453125], [35.068359375, 34.51171875], [35.32226562499997, 34.58984375], [35.634765625, 34.5703125], [35.706380208333336, 34.62890625], [35.95703125000003, 34.658203125], [36.28906249999997, 34.638671875], [36.328125, 34.697265625], [36.40625, 34.619140625], [36.337890625, 34.521484375], [36.435546875, 34.51171875], [36.54296875, 34.43359375], [36.5234375, 34.375], [36.591796875, 34.31640625], [36.57226562500003, 34.27734375], [36.611328125, 34.208984375], [36.4990234375, 34.0771484375]]]]}}, {"type": "Feature", "properties": {"FID": 267, "FIR_NAME": "KUNMING", "ICAO_CODE": "ZPKM", "TYPE": "FIR", "COUNTRY": "China"}, "geometry": {"type": "MultiPolygon", "coordinates": [[[[95.4736328125, 29.08203125], [95.361328125, 29.04296875], [94.9951171875, 29.155273437500004], [94.82421875, 29.1796875], [94.794921875, 29.248046875], [94.66796875, 29.345703125], [94.560546875, 29.228515625], [94.423828125, 29.21875], [94.248046875, 29.1015625], [94.1796875, 28.974609375], [94.00390625, 28.828125], [94.013671875, 28.76953125], [93.9501953125, 28.676757812499996], [93.828125, 28.69140625], [93.623046875, 28.65234375], [93.505859375, 28.681640625], [93.37890625, 28.642578125], [93.203125, 28.4375], [93.232421875, 28.3984375], [93.212890625, 28.330078125], [93.056640625, 28.3203125], [93.0078125, 28.251953125], [92.958984375, 28.26171875], [92.880859375, 28.203125], [92.8125, 28.212890625], [92.724609375, 28.1640625], [92.67578125, 28.10546875], [92.71484375, 27.98828125], [92.63671875, 27.919921875], [92.587890625, 27.919921875], [92.470703125, 27.841796875], [92.353515625, 27.841796875], [92.32421875, 27.802734375], [92.255859375, 27.87109375], [92.24609375, 27.822265625], [92.119140625, 27.822265625], [91.982421875, 27.734375], [91.66015625, 27.7734375], [91.669921875, 27.9296875], [91.630859375, 27.96875], [91.42578125, 28.0078125], [91.30859375, 28.095703125], [91.220703125, 28.0859375], [91.11328125, 27.978515625], [91.025390625, 27.978515625], [90.91796875, 28.056640625], [90.751953125, 28.06640625], [90.693359375, 28.10546875], [90.615234375, 28.076171875], [90.37109375, 28.0859375], [90.341796875, 28.115234375], [90.390625, 28.203125], [90.37109375, 28.26171875], [89.990234375, 28.330078125], [89.873046875, 28.30078125], [89.775390625, 28.193359375], [89.619140625, 28.1640625], [89.482421875, 28.06640625], [89.35546875, 27.880859375], [89.21875, 27.802734375], [89.12109375, 27.578125], [88.96484375, 27.48046875], [88.896484375, 27.333984375], [88.779296875, 27.44140625], [88.759765625, 27.548828125], [88.876953125, 27.841796875], [88.828125, 27.939453125], [88.828125, 28.017578125], [88.61328125, 28.125], [88.525390625, 28.037109375], [88.4765625, 28.046875], [88.388671875, 27.98828125], [88.134765625, 27.958984375], [88.11848958333333, 27.890625], [87.8515625, 27.919921875], [87.734375, 27.8125], [87.587890625, 27.822265625], [87.55859375, 27.8515625], [87.40234375, 27.822265625], [87.392578125, 27.861328125], [87.314453125, 27.822265625], [87.177734375, 27.83203125], [87.021484375, 27.96875], [86.923828125, 27.958984375], [86.85546875, 28.02734375], [86.767578125, 28.02734375], [86.708984375, 28.115234375], [86.572265625, 28.115234375], [86.533203125, 27.958984375], [86.42578125, 27.919921875], [86.220703125, 28.0078125], [86.19140625, 28.076171875], [86.2109375, 28.125], [86.171875, 28.1640625], [86.09375, 28.095703125], [86.1328125, 27.939453125], [86.083984375, 27.900390625], [85.99609375, 27.890625], [85.966796875, 27.919921875], [85.9765625, 27.998046875], [85.908203125, 28.046875], [85.888671875, 28.14453125], [85.751953125, 28.232421875], [85.7080078125, 28.325195312499996], [85.625, 28.26171875], [85.44921875, 28.310546875], [85.390625, 28.271484375], [85.185546875, 28.3203125], [85.107421875, 28.310546875], [85.09765625, 28.447265625], [85.17578125, 28.53515625], [85.17578125, 28.61328125], [85.068359375, 28.65234375], [84.94140625, 28.544921875], [84.82421875, 28.5546875], [84.765625, 28.603515625], [84.70703125, 28.603515625], [84.70703125, 28.65234375], [84.62890625, 28.7109375], [84.482421875, 28.740234375], [84.384765625, 28.8671875], [84.228515625, 28.935546875], [84.248046875, 29.052734375], [84.189453125, 29.072265625], [84.150390625, 29.140625], [84.1796875, 29.208984375], [84.1015625, 29.267578125], [84.052734375, 29.2578125], [83.96484375, 29.306640625], [83.740234375, 29.248046875], [83.671875, 29.169921875], [83.5546875, 29.189453125], [83.525390625, 29.267578125], [83.369140625, 29.43359375], [83.369140625, 29.47265625], [83.33984375, 29.501953125], [83.28125, 29.482421875], [83.28125, 29.55078125], [83.18359375, 29.638671875], [83.076171875, 29.58984375], [82.98828125, 29.677734375], [82.8515625, 29.677734375], [82.548828125, 29.951171875], [82.236328125, 30.078125], [82.177734375, 30.068359375], [82.1484375, 30.1171875], [82.16796875, 30.1953125], [82.099609375, 30.244140625], [82.08984375, 30.3515625], [81.796875, 30.37109375], [81.5546875, 30.400390625], [84.052734375, 32.3046875], [87.38932291666667, 36.429036458333336], [89.0234375, 36.025390625], [91.9140625, 32.87109375], [96.630859375, 32.16796875], [98.59375, 31.826171875], [101.796875, 32.958984375], [103.88671875, 33.583984375], [105.8203125, 32.451171875], [107.32421875, 32.255859375], [109.51171875, 31.910807291666668], [109.39778645833333, 29.521484375], [109.306640625, 26.591796875], [105.810546875, 24.66796875], [105.51432291666667, 23.199869791666668], [105.3125, 23.37890625], [105.224609375, 23.26171875], [105.166015625, 23.271484375], [104.951171875, 23.173828125], [104.90234375, 23.18359375], [104.873046875, 23.115234375], [104.814453125, 23.095703125], [104.853515625, 22.939453125], [104.78515625, 22.91015625], [104.7265625, 22.822265625], [104.541015625, 22.822265625], [104.375, 22.6953125], [104.2578125, 22.744140625], [104.248046875, 22.841796875], [104.1015625, 22.802734375], [104.033203125, 22.71484375], [104.013671875, 22.548828125], [103.96484375, 22.509765625], [103.642578125, 22.79296875], [103.564453125, 22.71484375], [103.57421875, 22.646484375], [103.515625, 22.587890625], [103.447265625, 22.65625], [103.41796875, 22.744140625], [103.330078125, 22.802734375], [103.271484375, 22.67578125], [103.154296875, 22.607421875], [103.1640625, 22.548828125], [103.06640625, 22.490234375], [103.056640625, 22.44140625], [103.017578125, 22.44140625], [102.900390625, 22.51953125], [102.841796875, 22.6171875], [102.6953125, 22.6953125], [102.59765625, 22.724609375], [102.55859375, 22.705078125], [102.48046875, 22.783203125], [102.3828125, 22.67578125], [102.40234375, 22.63671875], [102.255859375, 22.490234375], [102.24609375, 22.431640625], [102.1875, 22.44140625], [102.13541666666667, 22.408854166666668], [102.08984375, 22.451171875], [102.001953125, 22.4609375], [101.9140625, 22.44140625], [101.875, 22.392578125], [101.748046875, 22.509765625], [101.66015625, 22.44140625], [101.669921875, 22.3828125], [101.62109375, 22.294921875], [101.533203125, 22.255859375], [101.591796875, 22.16796875], [101.572265625, 22.099609375], [101.62109375, 21.982421875], [101.689453125, 21.943359375], [101.77734375, 21.826171875], [101.748046875, 21.728515625], [101.826171875, 21.630859375], [101.7578125, 21.572265625], [101.73828125, 21.396484375], [101.748046875, 21.30859375], [101.8359375, 21.259765625], [101.77734375, 21.15234375], [101.71875, 21.15234375], [101.669921875, 21.201171875], [101.611328125, 21.181640625], [101.611328125, 21.23046875], [101.552734375, 21.259765625], [101.279296875, 21.19140625], [101.23046875, 21.259765625], [101.25, 21.376953125], [101.19140625, 21.42578125], [101.2109375, 21.552734375], [101.15885416666667, 21.559244791666668], [101.162109375, 21.640625], [101.09375, 21.77734375], [100.986328125, 21.708984375], [100.87890625, 21.689453125], [100.6640625, 21.484375], [100.576171875, 21.455078125], [100.46875, 21.46484375], [100.419921875, 21.533203125], [100.361328125, 21.54296875], [100.1953125, 21.4453125], [100.107421875, 21.533203125], [100.107421875, 21.6015625], [100.166015625, 21.66015625], [100.1171875, 21.69921875], [100.0, 21.69921875], [99.970703125, 21.728515625], [99.931640625, 21.845703125], [99.98046875, 21.9921875], [99.94140625, 22.060546875], [99.8828125, 22.0703125], [99.833984375, 22.03125], [99.74609375, 22.080078125], [99.697265625, 22.05078125], [99.6484375, 22.099609375], [99.501953125, 22.109375], [99.462890625, 22.138671875], [99.3359375, 22.099609375], [99.189453125, 22.138671875], [99.1796875, 22.1826171875], [99.267578125, 22.353515625], [99.2578125, 22.392578125], [99.375, 22.5], [99.375, 22.6171875], [99.326171875, 22.75390625], [99.423828125, 22.8515625], [99.443359375, 22.94921875], [99.55078125, 22.919921875], [99.560546875, 22.958984375], [99.51171875, 23.0078125], [99.501953125, 23.095703125], [99.345703125, 23.14453125], [99.1796875, 23.10546875], [99.0380859375, 23.1591796875], [98.876953125, 23.203125], [98.935546875, 23.310546875], [98.9013671875, 23.3447265625], [98.896484375, 23.466796875], [98.828125, 23.486328125], [98.798828125, 23.544921875], [98.876953125, 23.61328125], [98.818359375, 23.701171875], [98.818359375, 23.759765625], [98.69140625, 23.818359375], [98.69140625, 23.974609375], [98.857421875, 24.072265625], [98.896484375, 24.111328125], [98.88671875, 24.16015625], [98.61328125, 24.091796875], [98.515625, 24.140625], [98.369140625, 24.111328125], [98.193359375, 24.130859375], [97.91015625, 24.033203125], [97.841796875, 23.96484375], [97.666015625, 23.876953125], [97.5390625, 23.935546875], [97.529296875, 23.955078125], [97.734375, 24.140625], [97.724609375, 24.23828125], [97.75390625, 24.267578125], [97.65625, 24.326171875], [97.705078125, 24.365234375], [97.666015625, 24.443359375], [97.5390625, 24.443359375], [97.529296875, 24.47265625], [97.55859375, 24.5703125], [97.548828125, 24.74609375], [97.666015625, 24.833984375], [97.79296875, 24.853515625], [97.724609375, 24.94140625], [97.71484375, 25.078125], [97.783203125, 25.13671875], [97.822265625, 25.263671875], [97.8515625, 25.2734375], [97.919921875, 25.21484375], [98.06640625, 25.322265625], [98.125, 25.41015625], [98.115234375, 25.498046875], [98.154296875, 25.537109375], [98.1640625, 25.625], [98.3203125, 25.556640625], [98.37890625, 25.595703125], [98.388671875, 25.6640625], [98.525390625, 25.849609375], [98.6328125, 25.810546875], [98.7109375, 25.869140625], [98.662109375, 25.95703125], [98.59375, 26.005859375], [98.564453125, 26.103515625], [98.623046875, 26.15234375], [98.65234375, 26.11328125], [98.701171875, 26.1328125], [98.720703125, 26.2109375], [98.662109375, 26.2890625], [98.740234375, 26.40625], [98.740234375, 26.572265625], [98.76953125, 26.611328125], [98.76953125, 26.806640625], [98.73046875, 26.865234375], [98.73046875, 27.01171875], [98.759765625, 27.0703125], [98.701171875, 27.109375], [98.681640625, 27.216796875], [98.73046875, 27.32421875], [98.681640625, 27.451171875], [98.701171875, 27.578125], [98.662109375, 27.626953125], [98.59375, 27.607421875], [98.544921875, 27.666015625], [98.427734375, 27.685546875], [98.41796875, 27.578125], [98.3203125, 27.5390625], [98.22265625, 27.734375], [98.212890625, 27.83203125], [98.1640625, 27.87109375], [98.193359375, 27.9296875], [98.125, 27.978515625], [98.14453125, 28.14453125], [98.056640625, 28.22265625], [98.017578125, 28.212890625], [98.0078125, 28.28125], [97.890625, 28.388671875], [97.802734375, 28.349609375], [97.6953125, 28.525390625], [97.626953125, 28.49609375], [97.548828125, 28.5546875], [97.4609375, 28.388671875], [97.470703125, 28.310546875], [97.412109375, 28.30078125], [97.34049479166667, 28.22916666666666], [97.12890625, 28.388671875], [96.962890625, 28.33984375], [96.884765625, 28.388671875], [96.77734375, 28.37890625], [96.640625, 28.4765625], [96.4453125, 28.427734375], [96.40625, 28.359375], [96.357421875, 28.3984375], [96.298828125, 28.3984375], [96.279296875, 28.427734375], [96.357421875, 28.486328125], [96.337890625, 28.5546875], [96.474609375, 28.642578125], [96.484375, 28.701171875], [96.611328125, 28.759765625], [96.5234375, 28.9453125], [96.474609375, 28.984375], [96.4892578125, 29.0576171875], [96.34765625, 29.04296875], [96.171875, 28.90625], [96.142578125, 28.9453125], [96.171875, 29.013671875], [96.1376953125, 29.0869140625], [96.240234375, 29.169921875], [96.337890625, 29.1796875], [96.38671875, 29.267578125], [96.357421875, 29.296875], [96.25, 29.248046875], [96.09375, 29.462890625], [96.0546875, 29.47265625], [95.5859375, 29.2578125], [95.52734375, 29.208984375], [95.546875, 29.169921875], [95.48828125, 29.140625], [95.4736328125, 29.08203125]]]]}}, {"type": "Feature", "properties": {"FID": 268, "FIR_NAME": "CANARIAS", "ICAO_CODE": "GCCC", "TYPE": "FIR", "COUNTRY": null}, "geometry": {"type": "MultiPolygon", "coordinates": [[[[-15.716145833333334, 31.497395833333332], [-12.509765625, 30.0], [-13.1640625, 27.67578125], [-11.25, 27.672526041666668], [-11.9873046875, 25.93505859375], [-13.994140625, 21.341145833333332], [-16.943359375, 21.337890625], [-17.080078125, 20.91796875], [-17.0703125, 20.791015625], [-18.994140625, 19.013671875], [-20.0, 19.98046875], [-25.009765625, 24.00390625], [-25.009765625, 29.990234375], [-19.990234375, 30.009765625], [-17.438151041666668, 31.666666666666668], [-17.12890625, 31.533203125], [-16.6015625, 31.416015625], [-16.26953125, 31.40625], [-15.716145833333334, 31.497395833333332]]]]}}, {"type": "Feature", "properties": {"FID": 269, "FIR_NAME": "EMIRATES", "ICAO_CODE": "OMAE", "TYPE": "FIR", "COUNTRY": "United Arab Emirates"}, "geometry": {"type": "MultiPolygon", "coordinates": [[[[55.1953125, 22.698567708333332], [55.126953125, 22.63671875], [55.068359375, 22.63671875], [52.587890625, 22.939453125], [51.715494791666664, 23.981119791666668], [53.09570312500003, 25.8203125], [53.909505208333336, 26.070963541666668], [55.33203125, 25.64453125], [56.09049479166668, 26.337890625], [56.2109375, 25.595703125], [56.572265625, 25.0], [55.576171875, 24.00390625], [55.1953125, 22.698567708333332]]]]}}, {"type": "Feature", "properties": {"FID": 270, "FIR_NAME": "SYKTYVKAR", "ICAO_CODE": "UUYY", "TYPE": "FIR", "COUNTRY": "Russia"}, "geometry": {"type": "MultiPolygon", "coordinates": [[[[50.0, 65.82682291666667], [51.9140625, 66.796875], [55.133463541666664, 67.021484375], [55.380859375, 67.0166015625], [57.96875, 67.01171875], [58.9453125, 67.87109375], [59.6875, 68.466796875], [59.296875, 68.984375], [58.52539062499997, 69.51171875], [57.6171875, 70.68359375], [57.59765625, 70.791015625], [57.649739583333314, 71.171875], [66.25976562499999, 71.50065104166667], [65.68359375, 70.869140625], [65.66406250000003, 70.83984375], [65.693359375, 70.78125], [66.23046875, 69.892578125], [66.767578125, 68.88671875], [67.92968749999997, 68.466796875], [67.978515625, 68.41796875], [67.021484375, 67.40234375], [65.673828125, 67.080078125], [63.427734375, 66.474609375], [61.796875, 65.556640625], [60.09765625, 64.501953125], [60.03906250000003, 64.4140625], [59.70703125, 63.212890625], [59.495442708333314, 62.014973958333336], [57.216796875, 61.168619791666664], [55.71289062499997, 60.72265625], [51.9921875, 60.006510416666664], [49.9609375, 60.009765625], [48.65234375, 60.345052083333336], [48.1640625, 62.001953125], [46.75455729166666, 63.004557291666664], [48.291015625, 63.857421875], [50.234375, 64.82421875], [50.25390625, 64.8828125], [50.0, 65.82682291666667]]]]}}, {"type": "Feature", "properties": {"FID": 271, "FIR_NAME": "CAPETOWN", "ICAO_CODE": "FACA", "TYPE": "FIR", "COUNTRY": "South Africa"}, "geometry": {"type": "MultiPolygon", "coordinates": [[[[14.993489583333334, -30.48828125], [21.240234375, -30.48828125], [23.75, -31.328125], [26.20117187500003, -30.888671874999986], [28.28125, -30.46875], [29.51171875, -31.601562500000014], [31.985677083333314, -32.99153645833333], [27.998046875, -36.9921875], [15.0, -36.9921875], [14.993489583333334, -30.48828125]]]]}}, {"type": "Feature", "properties": {"FID": 272, "FIR_NAME": "SKOPJE", "ICAO_CODE": "LWSS", "TYPE": "FIR", "COUNTRY": "North Macedonia"}, "geometry": {"type": "MultiPolygon", "coordinates": [[[[20.979817708333332, 40.869140625], [20.9375, 40.927734375], [20.73242187499997, 40.91796875], [20.68359375, 41.0546875], [20.64453124999997, 41.103515625], [20.60546875, 41.09375], [20.57617187500003, 41.123046875], [20.5859375, 41.15234375], [20.52734375, 41.2109375], [20.498046875000014, 41.3330078125], [20.55664062499997, 41.416015625], [20.498046875, 41.455078125], [20.458984375, 41.552734375], [20.546875, 41.591796875], [20.5078125, 41.748046875], [20.55664062499997, 41.796875], [20.602213541666675, 41.920572916666664], [20.90820312499997, 42.109375], [21.328125, 42.1484375], [21.78710937499997, 42.294921875], [22.373046875, 42.330729166666664], [22.55859375, 42.12890625], [22.66601562499997, 42.0703125], [22.8515625, 42.0263671875], [22.939453125, 41.806640625], [23.02734375, 41.73828125], [22.94921875000003, 41.640625], [22.955729166666675, 41.360677083333336], [22.77343750000003, 41.337890625], [22.724609375, 41.15234375], [22.66601562499997, 41.19140625], [22.578125, 41.123046875], [22.265625, 41.171875], [22.1875, 41.171875], [22.12890625, 41.1328125], [22.05078124999997, 41.162109375], [21.943359375, 41.123046875], [21.77734375, 40.9375], [21.69921874999997, 40.947265625], [21.58203125, 40.87890625], [21.416015625, 40.927734375], [21.337890625, 40.87890625], [20.979817708333332, 40.869140625]]]]}}, {"type": "Feature", "properties": {"FID": 274, "FIR_NAME": "NICOSIA", "ICAO_CODE": "LCCC", "TYPE": "FIR", "COUNTRY": "Cyprus"}, "geometry": {"type": "MultiPolygon", "coordinates": [[[[29.990234375, 36.09375], [33.58398437500003, 35.91796875], [35.654296875, 35.92447916666667], [35.52734375, 35.537109375], [35.68359375, 35.33203125], [35.706380208333336, 34.62890625], [35.634765625, 34.5703125], [35.32226562499997, 34.58984375], [35.068359375, 34.51171875], [34.88281249999997, 34.39453125], [34.658203125, 34.12109375], [34.580078125, 33.90625], [34.58984375, 33.73046875], [34.72656250000003, 33.427734375], [34.94140625, 33.212890625], [34.90234375, 33.108723958333336], [34.609375, 33.095703125], [34.53125, 32.744140625], [34.326171875, 32.646484375], [34.140625, 32.490234375], [33.984375, 32.20703125], [33.951822916666664, 31.858723958333332], [29.986979166666675, 33.518880208333336], [29.990234375, 36.09375]]]]}}, {"type": "Feature", "properties": {"FID": 275, "FIR_NAME": "KRASNOYARSK", "ICAO_CODE": "UNKL", "TYPE": "FIR", "COUNTRY": "Russia"}, "geometry": {"type": "MultiPolygon", "coordinates": [[[[89.64192708333333, 49.918619791666664], [89.443359375, 50.99609375], [88.28125, 51.54296875], [89.04296875, 52.83203125], [88.662109375, 54.609375], [89.072265625, 56.07421875], [88.154296875, 57.373046875], [87.9296875, 58.75], [87.001953125, 59.208984375], [85.4296875, 59.921875], [82.99479166666667, 60.930989583333336], [83.779296875, 62.08984375], [84.78515625, 63.4375], [84.78515625, 63.4765625], [83.92578125, 64.892578125], [82.8125, 66.513671875], [79.990234375, 68.681640625], [79.2578125, 69.8828125], [78.564453125, 70.87890625], [75.99609375, 71.884765625], [74.462890625, 72.98828125], [70.90820312499999, 73.67513020833333], [70.693359375, 74.423828125], [70.693359375, 74.51171875], [72.861328125, 74.7265625], [76.1328125, 75.0], [78.8671875, 75.185546875], [81.85546875, 75.341796875], [83.45703125, 75.83984375], [85.546875, 76.416015625], [87.939453125, 77.001953125], [89.501953125, 77.34375], [93.203125, 77.59765625], [95.87890625, 77.744140625], [101.62109375, 77.958984375], [104.58984375, 78.02734375], [108.564453125, 78.06640625], [114.74609375, 78.00455729166667], [114.71028645833333, 76.337890625], [114.7265625, 73.84765625], [114.19921875, 73.49609375], [113.8818359375, 73.2861328125], [112.9345703125, 72.65625], [112.568359375, 72.40234375], [111.9921875, 72.001953125], [108.115234375, 70.17578125], [106.494140625, 69.248046875], [106.9140625, 66.953125], [106.99544270833333, 65.5078125], [106.9921875, 62.01171875], [108.01106770833333, 61.272786458333336], [106.650390625, 60.751953125], [104.462890625, 59.404296875], [102.490234375, 58.056640625], [100.751953125, 57.94921875], [97.529296875, 57.451171875], [97.98828125, 55.9375], [96.89453125, 54.912109375], [96.005859375, 54.013671875], [98.984375, 53.0078125], [98.99088541666667, 52.12890625], [98.876953125, 52.12890625], [98.8671875, 52.05078125], [98.759765625, 51.884765625], [98.65234375, 51.796875], [98.3203125, 51.71875], [98.2421875, 51.58203125], [98.232421875, 51.474609375], [98.056640625, 51.474609375], [97.9296875, 51.318359375], [97.94921875, 51.220703125], [97.822265625, 51.005859375], [97.880859375, 50.927734375], [98.0078125, 50.859375], [97.958984375, 50.78125], [98.076171875, 50.625], [98.3203125, 50.52734375], [98.28125, 50.4296875], [98.28125, 50.29296875], [98.095703125, 50.048828125], [97.861328125, 49.94140625], [97.763671875, 49.98046875], [97.587890625, 49.931640625], [97.578125, 49.84375], [97.333984375, 49.736328125], [97.16796875, 49.765625], [96.9921875, 49.90234375], [96.71875, 49.931640625], [96.591796875, 49.873046875], [96.54296875, 49.931640625], [96.494140625, 49.94140625], [96.34765625, 49.90234375], [96.26953125, 49.9609375], [96.103515625, 50.009765625], [96.044921875, 50.009765625], [95.947265625, 49.951171875], [95.8984375, 50.01953125], [95.810546875, 50.029296875], [95.7421875, 49.9609375], [95.595703125, 49.951171875], [95.5078125, 49.90234375], [95.390625, 49.970703125], [95.068359375, 49.9609375], [94.9609375, 50.068359375], [94.78515625, 50.068359375], [94.62890625, 50.029296875], [94.4921875, 50.17578125], [94.375, 50.234375], [94.345703125, 50.4296875], [94.267578125, 50.576171875], [93.53515625, 50.595703125], [93.4375, 50.634765625], [93.076171875, 50.60546875], [92.96875, 50.673828125], [92.96875, 50.80078125], [92.79296875, 50.80078125], [92.75390625, 50.712890625], [92.63671875, 50.693359375], [92.55859375, 50.771484375], [92.48046875, 50.78125], [92.40234375, 50.87890625], [92.333984375, 50.869140625], [92.294921875, 50.76171875], [92.197265625, 50.703125], [91.85546875, 50.72265625], [91.748046875, 50.693359375], [91.6015625, 50.576171875], [91.46484375, 50.537109375], [91.4453125, 50.478515625], [91.30859375, 50.48828125], [91.171875, 50.439453125], [91.015625, 50.439453125], [90.849609375, 50.322265625], [90.76171875, 50.3125], [90.693359375, 50.224609375], [90.5078125, 50.234375], [90.25390625, 50.126953125], [90.05859375, 50.09765625], [89.990234375, 49.98046875], [89.64192708333333, 49.918619791666664]]]]}}, {"type": "Feature", "properties": {"FID": 276, "FIR_NAME": null, "ICAO_CODE": null, "TYPE": "FIR", "COUNTRY": null}, "geometry": {"type": "MultiPolygon", "coordinates": [[[[8.349609375, 35.46875], [8.30078125, 35.322265625], [8.447265625000028, 35.224609375], [8.330078125, 35.068359375], [8.310546875, 34.970703125], [8.2421875, 34.921875], [8.24462890625, 34.6630859375], [7.900390625, 34.42626953125], [7.650773010644303, 35.31863112242919], [8.349609375, 35.46875]]]]}}, {"type": "Feature", "properties": {"FID": 277, "FIR_NAME": "REIMS", "ICAO_CODE": "LFEE", "TYPE": "FIR", "COUNTRY": "France"}, "geometry": {"type": "MultiPolygon", "coordinates": [[[[6.953125, 47.2802734375], [6.806640625, 47.138671875], [6.708984375, 47.099609375], [6.69921875, 47.05078125], [6.630859375, 47.001953125], [6.4453125, 46.953125], [6.4453125, 46.787109375], [6.15234375, 46.62109375], [6.08398437500001, 46.510416666666664], [4.814453125, 46.507161458333336], [4.3359375, 47.431640625], [5.166015625, 48.173828125], [5.712890625, 48.26171875], [4.8046875, 48.955078125], [5.970052083333314, 49.462890625], [6.09375, 49.462890625], [6.162109375000028, 49.51171875], [6.357421875, 49.475911458333336], [6.513671875000028, 49.443359375], [6.572265625, 49.384765625], [6.572265625, 49.3359375], [6.728515625, 49.169921875], [6.826171875, 49.16015625], [6.85546875, 49.228515625], [6.923828125, 49.228515625], [7.01171875, 49.19921875], [7.041015625000028, 49.12109375], [7.109375, 49.150390625], [7.285156249999972, 49.12109375], [7.373046874999972, 49.1796875], [7.475585937499986, 49.1552734375], [7.548828124999972, 49.08203125], [7.59765625, 49.091796875], [7.636718749999972, 49.052734375], [7.939453125, 49.052734375], [8.178710937500014, 48.9697265625], [8.076171874999972, 48.798828125], [7.96875, 48.759765625], [7.9296875, 48.701171875], [7.8125, 48.6328125], [7.802734375, 48.525390625], [7.724609374999972, 48.3984375], [7.744140625000028, 48.33984375], [7.685546875, 48.30078125], [7.666015625, 48.232421875], [7.568359375000028, 48.125], [7.55859375, 48.046875], [7.6171875, 47.978515625], [7.548828124999972, 47.880859375], [7.529296875, 47.724609375], [7.5, 47.6953125], [7.529296875, 47.55078125], [7.392578125000028, 47.44140625], [7.2265625, 47.431640625], [7.16796875, 47.4609375], [7.1728515625, 47.4951171875], [6.982421875, 47.490234375], [7.001953125, 47.4609375], [6.884765625, 47.373046875], [7.05078125, 47.353515625], [6.953125, 47.2802734375]]]]}}, {"type": "Feature", "properties": {"FID": 278, "FIR_NAME": "MEMPHIS", "ICAO_CODE": "KZME", "TYPE": "FIR", "COUNTRY": "United States"}, "geometry": {"type": "MultiPolygon", "coordinates": [[[[-88.3203125, 37.727864583333336], [-87.41210937500001, 37.28515625], [-86.15234375, 37.3046875], [-85.5859375, 36.89453125], [-85.39713541666667, 36.18815104166667], [-85.29622395833333, 35.654296875], [-86.9921875, 35.341796875], [-87.001953125, 34.39453125], [-87.24934895833333, 34.114583333333336], [-87.55859375, 34.013671875], [-87.63671875, 33.330078125], [-87.98828125, 33.056640625], [-87.861328125, 32.6953125], [-88.359375, 32.32421875], [-88.330078125, 31.526692708333332], [-90.380859375, 31.66015625], [-91.279296875, 31.904296875], [-91.70247395833333, 32.298177083333336], [-91.923828125, 33.02734375], [-93.1640625, 33.955078125], [-93.564453125, 34.04296875], [-94.55078125, 34.541015625], [-94.765625, 34.677734375], [-95.009765625, 35.068359375], [-95.009765625, 35.654296875], [-95.60872395833333, 36.025390625], [-95.41015625, 36.2109375], [-94.677734375, 36.4453125], [-93.2421875, 36.73828125], [-90.546875, 37.158203125], [-88.828125, 37.5390625], [-88.3203125, 37.727864583333336]]]]}}, {"type": "Feature", "properties": {"FID": 279, "FIR_NAME": "RECIFE", "ICAO_CODE": "SBRE", "TYPE": "FIR", "COUNTRY": "Brazil"}, "geometry": {"type": "MultiPolygon", "coordinates": [[[[-42.600911458333336, -20.44596354166667], [-42.490234375, -19.550781249999986], [-42.509765625, -19.072265625], [-42.451171875, -18.769531250000014], [-42.51953125, -18.603515625], [-41.9140625, -17.55859375], [-41.728515625, -17.011718750000014], [-42.67578125, -16.40625], [-42.91015625, -16.328125], [-44.111328125, -15.605468750000014], [-44.55078125, -14.82421875], [-45.0390625, -14.1796875], [-45.5859375, -13.349609375], [-46.884765625, -12.03125], [-47.692057291666664, -10.2734375], [-46.69921875, -8.876953125], [-45.771484375, -8.115234375], [-44.82421875, -6.328125], [-44.189453125, -5.908203125], [-43.408203125, -4.716796875], [-43.212890625, -4.521484374999986], [-42.529296875, -4.169921874999986], [-40.791015625, 0.934244791666667], [-35.498046875, -1.728515625], [-32.1484375, -3.251953125], [-31.806640625, -4.0625], [-33.232421875, -6.806640624999986], [-33.837890625, -8.45703125], [-35.56640625, -11.318359375], [-37.607421875, -15.17578125], [-38.06640625, -16.708984375], [-39.013671875, -18.408203124999986], [-37.685546875, -18.8671875], [-39.378255208333336, -21.175130208333332], [-39.814453125, -20.7421875], [-40.01953125, -20.869140624999986], [-40.234375, -20.9375], [-40.56640625, -20.8984375], [-40.830078125, -20.68359375], [-40.986328125, -20.400390625], [-41.9921875, -20.615234375000014], [-42.28515625, -20.556640625], [-42.600911458333336, -20.44596354166667]]]]}}, {"type": "Feature", "properties": {"FID": 280, "FIR_NAME": "ASHGABAT", "ICAO_CODE": "UTAA", "TYPE": "FIR", "COUNTRY": "Turkmenistan"}, "geometry": {"type": "MultiPolygon", "coordinates": [[[[55.458984375, 38.098958333333336], [55.56640625, 39.296875], [56.43554687500003, 40.05859375], [57.591145833333336, 40.325520833333336], [60.25390625, 40.436197916666664], [60.28320312499997, 39.90234375], [61.3671875, 38.681640625], [61.9921875, 37.509765625], [61.455078125, 36.630859375], [61.279296875, 35.6396484375], [61.220703125, 35.68359375], [61.25, 35.771484375], [61.23046875, 35.908203125], [61.142578125, 35.9814453125], [61.220703125, 36.142578125], [61.18164062500003, 36.2890625], [61.142578125, 36.328125], [61.18164062500003, 36.58203125], [61.142578125, 36.66015625], [60.3515625, 36.650390625], [60.029296875, 37.041015625], [59.912109375, 37.060546875], [59.78515625, 37.138671875], [59.619140625, 37.138671875], [59.5703125, 37.20703125], [59.482421875, 37.216796875], [59.482421875, 37.255859375], [59.375, 37.353515625], [59.375, 37.490234375], [59.326171875, 37.548828125], [59.23828125, 37.51953125], [59.05273437499997, 37.63671875], [58.828125, 37.705078125], [58.78906249999997, 37.666015625], [58.662109375, 37.65625], [58.54492187500003, 37.71484375], [58.4765625, 37.646484375], [58.36914062500003, 37.646484375], [58.33984375, 37.67578125], [58.22265625, 37.685546875], [58.19335937500003, 37.783203125], [58.14453125, 37.8125], [58.046875, 37.8125], [57.71484375, 37.9296875], [57.431640625, 37.94921875], [57.34375, 38.0078125], [57.36328125, 38.095703125], [57.20703124999997, 38.291015625], [57.060546875, 38.203125], [56.845703125, 38.232421875], [56.748046875, 38.291015625], [56.630859375, 38.251953125], [56.4453125, 38.271484375], [56.318359375, 38.193359375], [56.34765625000003, 38.134765625], [56.318359375, 38.095703125], [56.24023437499997, 38.076171875], [56.162109375, 38.10546875], [55.986328125, 38.076171875], [55.76171875, 38.134765625], [55.458984375, 38.098958333333336]]]]}}, {"type": "Feature", "properties": {"FID": 281, "FIR_NAME": "LAHORE", "ICAO_CODE": "OPLR", "TYPE": "FIR", "COUNTRY": "Pakistan"}, "geometry": {"type": "MultiPolygon", "coordinates": [[[[66.34765625, 29.993489583333332], [66.23046875, 30.087890625], [66.318359375, 30.234375], [66.34765624999997, 30.44921875], [66.27929687500003, 30.60546875], [66.357421875, 30.859375], [66.40625, 30.95703125], [66.58203125, 30.99609375], [66.6796875, 31.09375], [66.728515625, 31.220703125], [66.953125, 31.328125], [67.03125, 31.328125], [67.03125, 31.259765625], [67.080078125, 31.240234375], [67.392578125, 31.220703125], [67.626953125, 31.279296875], [67.705078125, 31.337890625], [67.77343750000003, 31.337890625], [67.77343750000003, 31.40625], [67.63671875, 31.416015625], [67.578125, 31.533203125], [67.724609375, 31.533203125], [67.87109375, 31.640625], [67.96875, 31.640625], [68.06640625, 31.708984375], [68.154296875, 31.8359375], [68.22265625, 31.826171875], [68.271484375, 31.77734375], [68.49609375, 31.73828125], [68.56445312500003, 31.767578125], [68.4375, 31.796875], [68.5546875, 31.8359375], [68.63281249999997, 31.787109375], [68.701171875, 31.787109375], [68.7109375, 31.728515625], [68.80859374999997, 31.611328125], [68.9453125, 31.66015625], [69.00390625000003, 31.650390625], [69.31640625, 31.953125], [69.26757812500003, 32.12890625], [69.287109375, 32.333984375], [69.23828125, 32.44140625], [69.2578125, 32.5], [69.365234375, 32.568359375], [69.453125, 32.67578125], [69.39453125, 32.783203125], [69.501953125, 32.880859375], [69.4921875, 33.02734375], [69.5703125, 33.095703125], [69.70703125000003, 33.0859375], [69.78515625, 33.134765625], [69.833984375, 33.095703125], [69.892578125, 33.095703125], [70.01953125, 33.14453125], [70.068359375, 33.212890625], [70.13671875, 33.203125], [70.3125, 33.33984375], [70.3125, 33.388671875], [70.166015625, 33.525390625], [70.1953125, 33.6328125], [70.14648437500003, 33.671875], [70.13671875, 33.73046875], [69.990234375, 33.75], [69.90234375, 33.8671875], [69.86328124999997, 33.935546875], [69.90234375, 34.04296875], [69.990234375, 34.0625], [70.33203125, 33.96484375], [70.595703125, 33.955078125], [70.859375, 33.96484375], [70.908203125, 34.0234375], [70.966796875, 34.013671875], [71.083984375, 34.072265625], [71.07421875, 34.12109375], [71.1328125, 34.1796875], [71.11328125000003, 34.27734375], [71.15234375, 34.35546875], [70.986328125, 34.482421875], [70.9765625, 34.55078125], [71.07421875, 34.560546875], [71.083984375, 34.66796875], [71.2109375, 34.74609375], [71.30859375, 34.892578125], [71.474609375, 34.951171875], [71.53320312499997, 35.01953125], [71.5234375, 35.087890625], [71.650390625, 35.1953125], [71.54296875, 35.302734375], [71.640625, 35.44921875], [71.591796875, 35.5078125], [71.611328125, 35.56640625], [71.50390625, 35.625], [71.53320312499997, 35.712890625], [71.37695312500003, 35.947265625], [71.279296875, 35.9765625], [71.18164062499997, 36.064453125], [71.337890625, 36.2109375], [71.55273437500003, 36.328125], [71.62109374999997, 36.46484375], [71.796875, 36.40625], [71.796875, 36.50390625], [71.88476562499997, 36.50390625], [72.06054687499997, 36.591796875], [72.08984375, 36.650390625], [72.1875, 36.669921875], [72.1875, 36.728515625], [72.48046875, 36.767578125], [72.578125, 36.8359375], [73.75, 36.9140625], [74.052734375, 36.826171875], [74.111328125, 36.845703125], [74.140625, 36.904296875], [74.248046875, 36.904296875], [74.423828125, 37.01171875], [74.47265625, 37.021484375], [74.55078125, 36.97265625], [74.560546875, 37.037760416666664], [74.6875, 37.0703125], [74.7265625, 37.03125], [74.814453125, 37.03125], [74.89257812500003, 36.923828125], [74.96093749999997, 36.9921875], [75.126953125, 37.01171875], [75.205078125, 36.962890625], [75.37109375, 36.93359375], [75.41992187500003, 36.865234375], [75.41992187500003, 36.767578125], [75.46875, 36.728515625], [75.5859375, 36.77734375], [75.732421875, 36.748046875], [75.830078125, 36.689453125], [76.005859375, 36.4453125], [75.986328125, 36.318359375], [76.025390625, 36.240234375], [75.986328125, 36.2109375], [75.986328125, 36.162109375], [75.908203125, 36.11328125], [75.91796875, 36.083984375], [75.986328125, 36.005859375], [76.064453125, 36.015625], [76.123046875, 35.9765625], [76.171875, 35.8203125], [76.416015625, 35.83984375], [76.5625, 35.91796875], [76.5625, 35.80078125], [76.591796875, 35.76171875], [76.689453125, 35.732421875], [76.767578125, 35.6640625], [76.845703125, 35.6640625], [76.923828125, 35.595703125], [77.0703125, 35.595703125], [77.158203125, 35.537109375], [77.28515625, 35.546875], [77.40234375, 35.478515625], [77.724609375, 35.475260416666664], [77.060546875, 35.1171875], [77.05078125, 35.01953125], [76.953125, 34.94140625], [76.9140625, 34.697265625], [76.875, 34.66796875], [76.796875, 34.677734375], [76.69921875, 34.755859375], [76.54296875, 34.736328125], [76.46484375, 34.775390625], [76.26953125, 34.6875], [76.2109375, 34.609375], [76.123046875, 34.599609375], [76.015625, 34.638671875], [75.888671875, 34.58984375], [75.810546875, 34.521484375], [75.68359375000003, 34.51171875], [75.361328125, 34.5703125], [75.263671875, 34.62890625], [75.01953125, 34.6484375], [74.36523437500003, 34.78515625], [73.935546875, 34.6484375], [73.9453125, 34.580078125], [73.7890625, 34.384765625], [73.828125, 34.3359375], [73.955078125, 34.31640625], [73.99414062499997, 34.27734375], [74.01367187500003, 34.189453125], [73.90625, 34.12109375], [73.90625, 34.08203125], [73.96484375, 34.0234375], [74.25781249999997, 34.0234375], [74.287109375, 33.994140625], [74.27734375000003, 33.935546875], [74.21875, 33.876953125], [74.033203125, 33.828125], [73.974609375, 33.720703125], [74.01367187500003, 33.642578125], [74.16992187499997, 33.544921875], [74.111328125, 33.33984375], [74.00390625, 33.251953125], [74.0234375, 33.18359375], [74.1796875, 33.046875], [74.3359375, 32.998046875], [74.35546875, 32.783203125], [74.47265625, 32.79296875], [74.5703125, 32.763671875], [74.62890625000003, 32.7734375], [74.677734375, 32.841796875], [74.70703125, 32.83203125], [74.6484375, 32.587890625], [74.7265625, 32.470703125], [74.86328125, 32.490234375], [74.970703125, 32.4609375], [75.029296875, 32.490234375], [75.146484375, 32.412109375], [75.283203125, 32.373046875], [75.380859375, 32.236328125], [75.322265625, 32.20703125], [75.29296875, 32.12890625], [75.24414062500003, 32.099609375], [75.009765625, 32.041015625], [74.90234375, 32.060546875], [74.833984375, 31.97265625], [74.677734375, 31.923828125], [74.580078125, 31.85546875], [74.55078125, 31.767578125], [74.482421875, 31.71875], [74.609375, 31.552734375], [74.58984375, 31.50390625], [74.638671875, 31.435546875], [74.54101562500003, 31.357421875], [74.52148437499997, 31.142578125], [74.560546875, 31.083984375], [74.609375, 31.123046875], [74.677734375, 31.123046875], [74.69726562499997, 31.07421875], [74.658203125, 31.044921875], [74.55078125, 31.044921875], [74.54101562500003, 30.99609375], [74.4921875, 30.95703125], [74.43359374999997, 30.95703125], [74.39453125, 30.888671875], [74.31640625, 30.8984375], [74.25781249999997, 30.78125], [74.04296875, 30.595703125], [74.052734375, 30.537109375], [73.857421875, 30.380859375], [73.955078125, 30.263671875], [73.955078125, 30.185546875], [73.90625, 30.126953125], [73.48958333333333, 30.003255208333332], [66.34765625, 29.993489583333332]]]]}}, {"type": "Feature", "properties": {"FID": 282, "FIR_NAME": "COMODORO RIVADAVIA", "ICAO_CODE": "SAVF", "TYPE": "FIR", "COUNTRY": "Argentina"}, "geometry": {"type": "MultiPolygon", "coordinates": [[[[-73.115234375, -49.2626953125], [-73.17382812500001, -49.248046875], [-73.17382812500001, -49.189453125], [-72.99804687500001, -48.974609375], [-72.783203125, -48.935546875], [-72.55859375000001, -48.779296875], [-72.607421875, -48.466796875], [-72.40234375, -48.388671875], [-72.37304687499999, -48.33984375], [-72.29492187500001, -48.330078125], [-72.32421875, -48.28125], [-72.3046875, -48.173828125], [-72.333984375, -48.076171875], [-72.54882812499999, -47.919921875], [-72.431640625, -47.705078125], [-72.333984375, -47.59765625], [-72.314453125, -47.5], [-72.36328125, -47.470703125], [-72.353515625, -47.44140625], [-72.255859375, -47.40234375], [-72.177734375, -47.412109375], [-72.109375, -47.36328125], [-72.02148437499999, -47.265625], [-72.03125, -47.197265625], [-71.89453125, -47.2265625], [-71.865234375, -47.197265625], [-71.865234375, -47.138671875], [-72.001953125, -47.05078125], [-71.93684895833333, -46.995442708333336], [-71.962890625, -46.943359375], [-71.94335937500001, -46.806640625], [-71.826171875, -46.787109375], [-71.66992187499999, -46.669921875], [-71.67968750000001, -46.50390625], [-71.75781249999999, -46.38671875], [-71.748046875, -46.25], [-71.904296875, -46.142578125], [-71.75781249999999, -46.103515625], [-71.611328125, -45.966796875], [-71.66992187499999, -45.869140625], [-71.76757812500001, -45.830078125], [-71.748046875, -45.78125], [-71.796875, -45.72265625], [-71.75781249999999, -45.556640625], [-71.66992187499999, -45.517578125], [-71.49414062499999, -45.5078125], [-71.474609375, -45.46875], [-71.50390625000001, -45.41015625], [-71.38671875, -45.37109375], [-71.30859375, -45.2734375], [-71.357421875, -45.205078125], [-71.46484375, -45.146484375], [-71.58203124999999, -44.970703125], [-71.708984375, -44.970703125], [-71.75781249999999, -44.921875], [-71.904296875, -44.94140625], [-71.97265625, -44.90234375], [-72.060546875, -44.90234375], [-72.08984375, -44.765625], [-72.041015625, -44.74609375], [-71.826171875, -44.78515625], [-71.75781249999999, -44.74609375], [-71.62109375, -44.775390625], [-71.484375, -44.736328125], [-71.376953125, -44.794921875], [-71.2890625, -44.794921875], [-71.23046874999999, -44.736328125], [-71.23046874999999, -44.62890625], [-71.11328125, -44.541015625], [-71.181640625, -44.43359375], [-71.24023437500001, -44.4140625], [-71.689453125, -44.384765625], [-71.796875, -44.404296875], [-71.85546875000001, -44.375], [-71.796875, -44.306640625], [-71.826171875, -44.27734375], [-71.806640625, -44.1796875], [-71.865234375, -44.111328125], [-71.76757812500001, -44.072265625], [-71.650390625, -43.916015625], [-71.75781249999999, -43.818359375], [-71.75781249999999, -43.759765625], [-71.81640625, -43.75], [-71.69921875, -43.671875], [-71.708984375, -43.59375], [-71.796875, -43.53515625], [-71.865234375, -43.53515625], [-71.85546875000001, -43.466796875], [-71.94335937500001, -43.427734375], [-71.89453125, -43.3203125], [-71.73828125, -43.28125], [-71.73828125, -43.173828125], [-71.8359375, -43.125], [-72.05078125, -43.10546875], [-72.1484375, -42.98828125], [-72.109375, -42.890625], [-72.138671875, -42.548828125], [-72.03125, -42.48046875], [-72.0703125, -42.431640625], [-72.05078125, -42.36328125], [-72.138671875, -42.28515625], [-72.03125, -42.12890625], [-71.97265625, -42.119140625], [-71.94335937500001, -42.16796875], [-71.904296875, -42.16796875], [-71.73828125, -42.08984375], [-71.796875, -41.845703125], [-71.923828125, -41.640625], [-71.84570312499999, -41.5625], [-71.884765625, -41.513671875], [-71.865234375, -41.455078125], [-71.66015625, -41.6015625], [-71.435546875, -41.689453125], [-70.947265625, -41.689453125], [-70.72265625, -41.6015625], [-70.56640625, -41.474609375], [-70.44921875000001, -41.318359375], [-70.390625, -41.298828125], [-63.125, -39.27734375], [-48.53515625, -45.99609375], [-10.013020833333334, -45.99609375], [-10.009765625, -89.98697916666667], [-67.2705078125, -89.9853515625], [-67.27539062499999, -56.376953125], [-65.751953125, -56.376953125], [-65.7421875, -55.37109375], [-66.14257812500001, -55.15625], [-66.640625, -55.13671875], [-66.84570312500001, -54.990234375], [-67.255859375, -54.90234375], [-68.6328125, -54.912109375], [-68.6328125, -52.705078125], [-68.623046875, -52.626953125], [-68.466796875, -52.421875], [-68.447265625, -52.333984375], [-68.837890625, -52.275390625], [-69.20898437499999, -52.138671875], [-69.51171875, -52.12890625], [-69.990234375, -51.9921875], [-71.94335937500001, -51.982421875], [-71.953125, -51.865234375], [-71.982421875, -51.8359375], [-72.1875, -51.708984375], [-72.28515624999999, -51.69921875], [-72.353515625, -51.572265625], [-72.44140625, -51.552734375], [-72.34375, -51.46484375], [-72.314453125, -51.2890625], [-72.255859375, -51.25], [-72.40234375, -51.123046875], [-72.333984375, -51.025390625], [-72.265625, -50.99609375], [-72.255859375, -50.830078125], [-72.34375, -50.7421875], [-72.29492187500001, -50.654296875], [-72.38281250000001, -50.60546875], [-72.51953125, -50.595703125], [-72.607421875, -50.6640625], [-72.666015625, -50.6640625], [-72.75390625, -50.60546875], [-72.939453125, -50.673828125], [-73.037109375, -50.751953125], [-73.154296875, -50.76171875], [-73.193359375, -50.712890625], [-73.18359375, -50.64453125], [-73.26171875000001, -50.56640625], [-73.271484375, -50.341796875], [-73.310546875, -50.2734375], [-73.544921875, -50.1171875], [-73.4765625, -50.0], [-73.564453125, -49.912109375], [-73.45703125, -49.765625], [-73.53515625, -49.6875], [-73.515625, -49.609375], [-73.583984375, -49.541015625], [-73.53515625, -49.482421875], [-73.544921875, -49.43359375], [-73.45703125, -49.375], [-73.447265625, -49.296875], [-73.14453125, -49.296875], [-73.115234375, -49.2626953125]]]]}}, {"type": "Feature", "properties": {"FID": 284, "FIR_NAME": "NADI EAST", "ICAO_CODE": "NFFF", "TYPE": "FIR", "COUNTRY": null}, "geometry": {"type": "MultiPolygon", "coordinates": [[[[169.990234375, 3.502604166666667], [179.98697916666666, 3.505859375], [179.98697916666666, -24.990234375], [171.42578125, -24.990234375], [167.98828125, -27.998046875000014], [163.00130208333334, -29.990234375], [162.998046875, -17.666015625], [161.25, -13.997395833333334], [162.998046875, -13.994140625], [166.85872395833334, -11.787109375], [169.990234375, -10.0], [169.990234375, 3.502604166666667]]]]}}, {"type": "Feature", "properties": {"FID": 285, "FIR_NAME": "ADDIS ABABA", "ICAO_CODE": "HAAA", "TYPE": "FIR", "COUNTRY": "Ethiopia"}, "geometry": {"type": "MultiPolygon", "coordinates": [[[[36.448567708333336, 14.241536458333334], [36.57226562500003, 14.306640625], [36.73828125, 14.3359375], [36.83593750000003, 14.3359375], [37.01171875000003, 14.267578125], [37.08007812499997, 14.306640625], [37.08007812499997, 14.375], [37.12890625, 14.443359375], [37.27539062500003, 14.462890625], [37.3828125, 14.365234375], [37.392578125, 14.306640625], [37.55859375, 14.111328125], [37.91015625, 14.8828125], [38.017578125, 14.736328125], [38.13476562499997, 14.6875], [38.24218750000003, 14.697265625], [38.3203125, 14.541015625], [38.447265625, 14.423828125], [38.876953125, 14.501953125], [39.00390625, 14.58984375], [39.0234375, 14.658203125], [39.091796875, 14.6484375], [39.169921875, 14.580078125], [39.228515625, 14.443359375], [39.296875, 14.501953125], [39.47265625000003, 14.51171875], [39.53125, 14.580078125], [39.677734375, 14.501953125], [39.78515625, 14.521484375], [39.91210937500003, 14.43359375], [39.990234375, 14.47265625], [40.15625, 14.47265625], [40.26367187500003, 14.43359375], [40.556640625, 14.21875], [40.80078125, 14.16015625], [41.044921875, 13.90625], [41.19140625, 13.642578125], [41.728515625, 13.26171875], [41.81640625, 13.1640625], [41.93359375000003, 12.91015625], [41.9921875, 12.8515625], [42.17773437499997, 12.763671875], [42.392578125, 12.48046875], [42.44140624999997, 12.529296875], [42.490234375, 12.529296875], [42.685546875, 12.373046875], [42.744140625, 12.392578125], [42.8125, 12.44140625], [42.79296874999997, 12.509765625], [42.88085937499997, 12.626953125], [43.186848958333336, 12.757161458333334], [44.04296875000003, 12.16796875], [44.182942708333336, 11.7578125], [44.19921874999997, 11.474609375], [44.150390625, 11.259765625], [44.04296875000003, 11.064453125], [43.93554687499997, 10.95703125], [43.828125, 10.91796875], [43.75976562499997, 10.9765625], [43.57421875, 11.38671875], [43.32031249999997, 11.66015625], [43.271484375, 11.50390625], [42.9296875, 11.005859375], [42.91015625, 10.927734375], [42.83203125, 10.87890625], [42.822265625, 10.830078125], [42.75390625, 10.78125], [42.72460937500003, 10.68359375], [42.65625, 10.64453125], [42.79296874999997, 10.439453125], [42.83203125, 10.244140625], [43.0078125, 10.087890625], [43.0859375, 9.921875], [43.212890625, 9.8828125], [43.271484375, 9.6484375], [43.388671875, 9.55078125], [43.45703125, 9.404296875], [43.564453125, 9.345703125], [43.623046875, 9.35546875], [44.052734375, 8.994140625], [46.9921875, 8.0078125], [47.9541015625, 8.0029296875], [46.2109375, 6.279296875], [44.951171875, 4.912109375], [43.984375, 4.970703125], [43.876953125, 4.921875], [43.681640625, 4.90234375], [43.154296875, 4.677734375], [42.96875, 4.521484375], [42.9296875, 4.384765625], [42.8515625, 4.306640625], [42.392578125, 4.208984375], [42.1875, 4.21875], [42.080078125, 4.189453125], [41.93359375000003, 4.072265625], [41.881510416666664, 3.977864583333333], [35.986328125, 4.007161458333333], [32.998046875, 8.017578125], [35.9765625, 12.96875], [36.448567708333336, 14.241536458333334]]]]}}, {"type": "Feature", "properties": {"FID": 287, "FIR_NAME": "AMMAN", "ICAO_CODE": "OJAC", "TYPE": "FIR", "COUNTRY": "Jordan"}, "geometry": {"type": "MultiPolygon", "coordinates": [[[[34.962565104166664, 29.431966145833332], [34.9609375, 29.5703125], [35.068359375, 29.853515625], [35.068359375, 29.9609375], [35.15625, 30.126953125], [35.13671875, 30.25390625], [35.17578125, 30.390625], [35.14648437499997, 30.439453125], [35.34179687500003, 30.91796875], [35.400390625, 30.95703125], [35.400390625, 31.025390625], [35.44921875, 31.103515625], [35.44921875, 31.171875], [35.390625, 31.26953125], [35.458984375, 31.376953125], [35.46875, 31.494140625], [35.390625, 31.50390625], [35.205078125, 31.376953125], [34.912109375, 31.357421875], [34.88281249999997, 31.38671875], [34.98046875, 31.640625], [35.21484375, 31.767578125], [35.205078125, 31.81640625], [34.9609375, 31.845703125], [35.01953125, 31.9140625], [34.98046875, 31.97265625], [35.0, 32.0703125], [34.9609375, 32.197265625], [35.01953125, 32.24609375], [35.009765625, 32.333984375], [35.078125, 32.48046875], [35.21484375, 32.55859375], [35.283203125, 32.51953125], [35.400390625, 32.509765625], [35.42968750000003, 32.421875], [35.537109375, 32.412109375], [35.56640625, 32.490234375], [35.556640625, 32.646484375], [35.60872395833335, 32.6953125], [35.78125, 32.763671875], [35.91796875, 32.734375], [35.9765625, 32.666015625], [36.02539062499997, 32.65625], [36.083984375, 32.529296875], [36.19140625, 32.5390625], [36.38671875, 32.392578125], [36.83593750000003, 32.32421875], [38.7890625, 33.375651041666664], [39.072265625, 32.548828125], [39.0625, 32.5], [38.984375, 32.48046875], [39.0234375, 32.34375], [39.072265625, 32.314453125], [39.248046875, 32.36328125], [39.287109375, 32.236328125], [39.21549479166668, 32.171223958333336], [38.984375, 32.001953125], [37.001953125, 31.50390625], [37.98828125, 30.517578125], [37.646484375, 30.322265625], [37.48046875, 30.0], [36.74804687500003, 29.873046875], [36.494140625, 29.501953125], [36.07421875, 29.19921875], [34.962565104166664, 29.431966145833332]]]]}}, {"type": "Feature", "properties": {"FID": 288, "FIR_NAME": "VANCOUVER", "ICAO_CODE": "CZVR", "TYPE": "FIR", "COUNTRY": "Canada"}, "geometry": {"type": "MultiPolygon", "coordinates": [[[[-127.998046875, 48.336588541666664], [-130.9375, 49.775390625], [-133.740234375, 50.99609375], [-135.029296875, 52.737630208333336], [-135.9765625, 53.96484375], [-135.9765625, 54.013671875], [-132.705078125, 54.66796875], [-130.64453125, 54.716796875], [-130.64453125, 54.78515625], [-130.48828125, 54.833984375], [-130.3125, 54.951171875], [-130.126953125, 55.185546875], [-129.98046875, 55.29296875], [-130.13671875, 55.595703125], [-130.1171875, 55.68359375], [-130.15625, 55.78125], [-130.0390625, 55.87890625], [-130.009765625, 55.986328125], [-130.1171875, 56.1328125], [-130.2734375, 56.103515625], [-130.419921875, 56.142578125], [-130.478515625, 56.25], [-130.625, 56.26953125], [-130.791015625, 56.376953125], [-131.083984375, 56.40625], [-131.591796875, 56.62109375], [-131.8359375, 56.611328125], [-131.904296875, 56.7578125], [-131.89453125, 56.81640625], [-132.119140625, 56.884765625], [-132.06380208333334, 57.01171875], [-129.8828125, 56.826171875], [-127.529296875, 56.58203125], [-125.625, 56.34765625], [-123.251953125, 56.005859375], [-120.99609375, 54.6875], [-119.033203125, 53.427734375], [-117.6953125, 52.08984375], [-116.09375, 50.341796875], [-115.908203125, 50.380859375], [-115.634765625, 50.37109375], [-115.390625, 50.29296875], [-115.263671875, 50.205078125], [-115.17578125, 50.09765625], [-115.146484375, 50.0], [-115.146484375, 49.501953125], [-115.498046875, 49.013671875], [-123.2958984375, 48.9990234375], [-123.02734375, 48.84765625], [-123.017578125, 48.779296875], [-123.271484375, 48.69140625], [-123.22265625, 48.544921875], [-123.125, 48.41796875], [-123.251953125, 48.291015625], [-123.515625, 48.232421875], [-124.0625, 48.310546875], [-124.7265625, 48.505859375], [-127.998046875, 48.336588541666664]]]]}}, {"type": "Feature", "properties": {"FID": 289, "FIR_NAME": "MUSCAT", "ICAO_CODE": "OOMM", "TYPE": "FIR", "COUNTRY": "Oman"}, "geometry": {"type": "MultiPolygon", "coordinates": [[[[56.09049479166668, 26.337890625], [56.440429687500014, 26.6796875], [56.748046875, 26.15234375], [56.748046875, 25.595703125], [57.509765625, 25.0], [61.324869791666664, 24.677734375], [61.34765625, 23.505859375], [64.47265625, 23.502604166666668], [59.986979166666664, 19.794921875], [56.97265625, 17.65625], [53.515625, 15.68359375], [53.466796875, 15.72265625], [53.37890625, 15.91796875], [53.125, 16.630859375], [52.8125, 17.28515625], [52.74414062500003, 17.3046875], [52.763671875, 17.392578125], [51.998697916666664, 19.000651041666668], [55.0, 20.009765625], [55.654296875, 21.97265625], [55.634765625, 22.05078125], [55.1953125, 22.698567708333332], [55.576171875, 24.00390625], [56.572265625, 25.0], [56.2109375, 25.595703125], [56.09049479166668, 26.337890625]]]]}}, {"type": "Feature", "properties": {"FID": 290, "FIR_NAME": "SWEDEN", "ICAO_CODE": "ESAA", "TYPE": "FIR", "COUNTRY": "Sweden"}, "geometry": {"type": "MultiPolygon", "coordinates": [[[[20.611979166666668, 69.06575520833333], [20.8984375, 68.994140625], [20.92773437500003, 68.955078125], [20.87890625, 68.916015625], [20.91796875, 68.88671875], [21.07421875, 68.876953125], [21.2890625, 68.759765625], [21.376953125, 68.759765625], [21.484375, 68.671875], [21.66015625, 68.642578125], [21.73828125, 68.583984375], [21.904296875, 68.57421875], [22.041015625, 68.486328125], [22.31445312499997, 68.486328125], [22.8125, 68.3984375], [23.125, 68.2421875], [23.154296875, 68.125], [23.28125, 68.154296875], [23.38867187500003, 68.046875], [23.642578125, 67.958984375], [23.642578125, 67.919921875], [23.525390625, 67.900390625], [23.466796875, 67.841796875], [23.47656250000003, 67.734375], [23.54492187499997, 67.587890625], [23.47656250000003, 67.568359375], [23.427734375, 67.48046875], [23.47656250000003, 67.44140625], [23.583984375, 67.4609375], [23.759765625, 67.412109375], [23.74023437500003, 67.36328125], [23.76953125, 67.32421875], [23.73046875, 67.28515625], [23.603515625, 67.265625], [23.57421875, 67.158203125], [23.994140625, 66.81640625], [23.88671875, 66.748046875], [23.876953125, 66.5625], [23.63281249999997, 66.4453125], [23.671875, 66.38671875], [23.662109375, 66.298828125], [23.73046875, 66.19140625], [23.92578125, 66.142578125], [24.04296875, 66.005859375], [24.04296875, 65.947265625], [24.16015624999997, 65.83984375], [24.111328125, 65.5078125], [22.87109375, 64.677734375], [21.513671875, 63.6328125], [20.673828125, 63.486328125], [20.17578125, 63.18359375], [20.11718749999997, 63.0859375], [19.482421875, 61.650390625], [19.15039062499997, 60.37109375], [19.08203125000003, 60.205078125], [19.990234375, 59.560546875], [20.989583333333325, 59.000651041666664], [20.641276041666647, 58.41796875], [19.814453125, 56.9921875], [18.525390625, 56.357421875], [18.037109375, 56.103515625], [17.555338541666668, 55.856119791666664], [15.859375, 54.921875], [15.126953125000028, 54.921875], [15.0, 54.84375], [14.814453125, 54.8046875], [14.55078125, 54.82421875], [14.348958333333334, 54.908854166666664], [12.845052083333352, 54.925130208333336], [12.607421875, 55.4296875], [12.890625, 55.64453125], [12.705078125, 55.830078125], [12.65625, 55.91796875], [12.65625, 56.015625], [12.314453125000028, 56.279296875], [11.5625, 57.24609375], [10.494791666666666, 58.499348958333336], [10.634765625, 58.896484375], [11.09375, 58.955078125], [11.1279296875, 58.9892578125], [11.11328125, 59.0234375], [11.162109375, 59.072265625], [11.30859375, 59.111328125], [11.42578125, 58.984375], [11.42578125, 58.896484375], [11.630859375, 58.92578125], [11.669921875, 59.0234375], [11.73828125, 59.091796875], [11.748046875, 59.19921875], [11.787109375000028, 59.248046875], [11.669921875, 59.599609375], [11.89453125, 59.70703125], [11.89453125, 59.78515625], [11.826171875, 59.853515625], [11.943359374999972, 59.90234375], [12.138671875000028, 59.892578125], [12.44140625, 60.05859375], [12.5, 60.166015625], [12.48046875, 60.302734375], [12.587890625, 60.41015625], [12.587890625, 60.52734375], [12.373046875, 60.76171875], [12.216796875, 61.005859375], [12.392578125, 61.064453125], [12.63671875, 61.064453125], [12.841796875000028, 61.34765625], [12.8125, 61.396484375], [12.578125, 61.54296875], [12.392578125, 61.58203125], [12.12890625, 61.73828125], [12.28515625, 62.28515625], [12.01171875, 62.607421875], [12.080078125, 62.744140625], [12.03125, 62.91015625], [12.158203125, 63.02734375], [11.943359374999972, 63.291015625], [12.1875, 63.49609375], [12.1484375, 63.603515625], [12.275390625, 63.662109375], [12.646484374999972, 63.96484375], [12.802734375, 64.0234375], [13.193359375000028, 64.1015625], [13.994140625, 64.033203125], [14.140625, 64.1796875], [14.150390625, 64.31640625], [14.111328125, 64.47265625], [13.876953124999972, 64.51171875], [13.662109375, 64.599609375], [14.12109375, 64.990234375], [14.27734375, 65.087890625], [14.365234375, 65.25390625], [14.482421875, 65.322265625], [14.492187499999972, 65.595703125], [14.53125, 65.64453125], [14.521484375, 65.693359375], [14.62890625, 65.8203125], [14.501953125, 66.1328125], [15.019531249999972, 66.15234375], [15.454101562499986, 66.2939453125], [15.371093749999972, 66.494140625], [15.625, 66.611328125], [16.015625, 66.904296875], [16.35742187500003, 67.041015625], [16.396484375, 67.1484375], [16.35742187500003, 67.24609375], [16.083984375, 67.421875], [16.19140625, 67.509765625], [16.396484375, 67.529296875], [16.591796875, 67.6953125], [16.73828125, 67.91015625], [17.16796875, 68.02734375], [17.265625, 68.095703125], [17.55859375, 68.046875], [17.87109375, 67.94921875], [18.14453125, 68.173828125], [18.046875, 68.388671875], [18.076171875, 68.49609375], [18.134765625, 68.525390625], [18.369140625, 68.544921875], [18.57421875, 68.486328125], [18.96484375, 68.49609375], [19.87304687500003, 68.349609375], [19.951171875, 68.349609375], [20.1953125, 68.4765625], [19.98046875, 68.5498046875], [20.17578125, 68.65234375], [20.341796875, 68.7890625], [20.3125, 68.92578125], [20.126953125, 69.0380859375], [20.611979166666668, 69.06575520833333]]]]}}, {"type": "Feature", "properties": {"FID": 291, "FIR_NAME": "WINNIPEG", "ICAO_CODE": "CZWG", "TYPE": "FIR", "COUNTRY": "Canada"}, "geometry": {"type": "MultiPolygon", "coordinates": [[[[-91.5771484375, 48.1103515625], [-91.69921875, 48.125], [-91.73828125, 48.212890625], [-91.865234375, 48.212890625], [-91.9921875, 48.26171875], [-92.0703125, 48.369140625], [-92.275390625, 48.359375], [-92.3046875, 48.330078125], [-92.28515625, 48.26171875], [-92.373046875, 48.232421875], [-92.48046875, 48.359375], [-92.4609375, 48.408203125], [-92.51953125, 48.45703125], [-92.71484375, 48.466796875], [-92.6953125, 48.505859375], [-92.63671875, 48.515625], [-92.65625, 48.5546875], [-92.744140625, 48.544921875], [-92.96875, 48.6328125], [-93.26171875, 48.65234375], [-93.45703125, 48.603515625], [-93.49609375, 48.544921875], [-93.80859375, 48.525390625], [-93.80859375, 48.583984375], [-93.8671875, 48.642578125], [-94.208984375, 48.65234375], [-94.306640625, 48.720703125], [-94.58984375, 48.720703125], [-94.697265625, 48.7890625], [-94.6875, 48.896484375], [-94.833984375, 49.31640625], [-94.951171875, 49.375], [-95.15625, 49.375], [-95.17578125, 49.00390625], [-103.173828125, 49.000651041666664], [-110.01302083333333, 49.016927083333336], [-110.009765625, 53.408203125], [-109.638671875, 53.486328125], [-109.31640625, 53.59375], [-109.052734375, 53.73046875], [-108.828125, 53.90625], [-108.671875, 54.111328125], [-108.603515625, 54.287109375], [-108.59375, 54.501953125], [-108.681640625, 54.775390625], [-108.31805973645585, 54.99138261319597], [-106.97256798420794, 55.70994272461153], [-105.60416911431422, 56.40680135615215], [-104.345703125, 56.982421875], [-102.392578125, 57.91015625], [-100.439453125, 58.740234375], [-97.734375, 59.833984375], [-94.033203125, 61.123046875], [-92.109375, 61.69921875], [-89.5703125, 62.40234375], [-87.783203125, 62.8515625], [-85.48828125, 63.37890625], [-82.5390625, 63.974609375], [-80.01953124999999, 64.4140625], [-80.00651041666667, 62.763671875], [-80.01302083333333, 53.470052083333336], [-81.58203125, 52.763671875], [-83.14453125, 52.01171875], [-84.95117187500001, 50.888671875], [-86.9921875, 49.55078125], [-87.01171875, 47.79296875], [-88.36914062499999, 48.310546875], [-88.7109375, 48.2421875], [-89.33593749999999, 47.978515625], [-89.47265625, 48.017578125], [-89.736328125, 48.02734375], [-89.912109375, 47.998046875], [-90.09765625, 48.115234375], [-90.76171875, 48.10546875], [-90.859375, 48.251953125], [-91.07421875, 48.193359375], [-91.259765625, 48.0859375], [-91.572265625, 48.056640625], [-91.5771484375, 48.1103515625]]]]}}, {"type": "Feature", "properties": {"FID": 292, "FIR_NAME": "KIROV", "ICAO_CODE": "USKK", "TYPE": "FIR", "COUNTRY": "Russia"}, "geometry": {"type": "MultiPolygon", "coordinates": [[[[51.9921875, 60.006510416666664], [52.177734375, 57.4609375], [52.197265625, 56.429036458333336], [51.796875, 56.376953125], [50.771484375, 56.474609375], [47.9296875, 57.3046875], [46.751302083333314, 57.24609375], [46.904296875, 58.02734375], [46.904296875, 58.18359375], [45.0, 58.779296875], [45.51757812499997, 59.541015625], [46.30859375, 60.074869791666664], [48.65234375, 60.345052083333336], [49.9609375, 60.009765625], [51.9921875, 60.006510416666664]]]]}}, {"type": "Feature", "properties": {"FID": 293, "FIR_NAME": "SHYMKENT", "ICAO_CODE": "UAII", "TYPE": "FIR", "COUNTRY": "Kazakhstan"}, "geometry": {"type": "MultiPolygon", "coordinates": [[[[65.66406250000003, 43.02734375], [63.857421875, 42.509765625], [63.587239583333336, 42.620442708333336], [62.0703125, 43.45703125], [61.171875, 44.189453125], [61.025390625, 44.4140625], [60.123697916666686, 44.879557291666664], [61.728515625, 46.201171875], [64.51497395833334, 47.200520833333336], [69.404296875, 45.419921875], [71.91080729166667, 45.091145833333336], [74.8828125, 44.2529296875], [74.1796875, 43.75], [74.287109375, 43.229166666666664], [74.052734375, 43.193359375], [73.974609375, 43.232421875], [73.90625, 43.125], [73.828125, 43.134765625], [73.57421875000003, 43.037109375], [73.505859375, 42.900390625], [73.525390625, 42.8125], [73.427734375, 42.646484375], [73.427734375, 42.568359375], [73.525390625, 42.44140625], [73.515625, 42.412109375], [73.33984375, 42.44140625], [73.3203125, 42.51953125], [73.193359375, 42.529296875], [73.154296875, 42.568359375], [72.91015625, 42.548828125], [72.83203125, 42.578125], [72.75390625, 42.666015625], [72.490234375, 42.6953125], [72.28515625, 42.783203125], [72.099609375, 42.763671875], [71.88476562499997, 42.841796875], [71.71875, 42.83203125], [71.611328125, 42.7734375], [71.42578125, 42.8125], [71.35742187499997, 42.75390625], [71.26953124999997, 42.763671875], [71.23046875, 42.71484375], [71.162109375, 42.6953125], [71.15234375, 42.607421875], [71.083984375, 42.607421875], [71.05468750000001, 42.5341796875], [71.064453125, 42.470703125], [70.986328125, 42.490234375], [70.95703125, 42.392578125], [70.869140625, 42.314453125], [70.94970703125, 42.24853515625], [70.83984375, 42.197265625], [70.751953125, 42.20703125], [70.625, 42.03125], [70.537109375, 42.041015625], [70.47851562499997, 42.109375], [70.361328125, 42.0703125], [70.12695312499997, 41.826171875], [69.98046875, 41.77734375], [69.94140625, 41.728515625], [69.62890625, 41.6796875], [69.42382812499997, 41.5625], [69.404296875, 41.484375], [69.23828125, 41.474609375], [69.07226562499997, 41.396484375], [68.96484375, 41.220703125], [68.74023437500003, 41.1328125], [68.662109375, 41.025390625], [68.525390625, 41.044921875], [68.41796875, 41.123046875], [68.232421875, 41.1328125], [68.18359375, 41.09375], [68.134765625, 41.1328125], [67.77343750000003, 41.181640625], [67.353515625, 41.1328125], [66.78710937499997, 41.162109375], [66.640625, 41.25], [66.533203125, 41.865234375], [65.99609374999997, 41.962890625], [65.99609374999997, 42.36328125], [66.08398437499997, 42.373046875], [66.11328125, 42.939453125], [65.759765625, 42.9453125], [65.703125, 43.037109375], [65.66406250000003, 43.02734375]]]]}}, {"type": "Feature", "properties": {"FID": 294, "FIR_NAME": "AUCKLAND OCEANIC", "ICAO_CODE": "NZZO", "TYPE": "FIR", "COUNTRY": "New Zealand"}, "geometry": {"type": "MultiPolygon", "coordinates": [[[[-157.001953125, -4.993489583333333], [-156.9921875, -29.990234375], [-131.005859375, -29.993489583333332], [-131.0107421875, -89.9853515625], [-180.0, -89.98046875], [-179.99674479166666, -24.951171875], [-175.01953125, -14.111328125000014], [-171.015625, -4.993489583333333], [-157.001953125, -4.993489583333333]]]]}}, {"type": "Feature", "properties": {"FID": 295, "FIR_NAME": "WUHAN", "ICAO_CODE": "ZHWH", "TYPE": "FIR", "COUNTRY": "China"}, "geometry": {"type": "MultiPolygon", "coordinates": [[[[109.51171875, 31.910807291666668], [110.859375, 33.53515625], [110.46875, 34.1015625], [110.25716145833333, 34.547526041666664], [113.3203125, 35.87890625], [115.390625, 36.666666666666664], [115.439453125, 35.263671875], [115.8984375, 34.53125], [115.80078125, 32.900390625], [115.927734375, 30.087890625], [114.55078125, 29.039713541666668], [113.0859375, 29.39453125], [109.39778645833333, 29.521484375], [109.51171875, 31.910807291666668]]]]}}, {"type": "Feature", "properties": {"FID": 296, "FIR_NAME": "MALTA", "ICAO_CODE": "LMMM", "TYPE": "FIR", "COUNTRY": "Malta"}, "geometry": {"type": "MultiPolygon", "coordinates": [[[[18.99414062500001, 36.507161458333336], [23.528645833333332, 34.348958333333336], [11.497395833333323, 34.345703125], [11.50390625, 36.510416666666664], [18.99414062500001, 36.507161458333336]]]]}}, {"type": "Feature", "properties": {"FID": 297, "FIR_NAME": "MONCTON", "ICAO_CODE": "CZQM", "TYPE": "FIR", "COUNTRY": "Canada"}, "geometry": {"type": "MultiPolygon", "coordinates": [[[[-66.99869791666667, 41.881510416666664], [-67.001953125, 44.4921875], [-67.109375, 44.521484375], [-66.9140625, 44.765625], [-66.9140625, 44.814453125], [-66.982421875, 44.86328125], [-66.982421875, 44.921875], [-67.177734375, 45.185546875], [-67.28515625000001, 45.205078125], [-67.36328124999999, 45.13671875], [-67.48046875, 45.263671875], [-67.431640625, 45.390625], [-67.5, 45.48828125], [-67.44140625, 45.52734375], [-67.44140625, 45.595703125], [-67.666015625, 45.625], [-67.734375, 45.68359375], [-67.8125, 45.693359375], [-67.8125, 45.80078125], [-67.7734375, 45.830078125], [-67.80273437499999, 45.869140625], [-67.7734375, 45.908203125], [-67.79296875, 47.060546875], [-67.96875, 47.20703125], [-68.24218749999999, 47.36328125], [-68.369140625, 47.36328125], [-68.3984375, 47.294921875], [-68.54817708333333, 47.307942708333336], [-68.349609375, 47.451171875], [-68.017578125, 47.529296875], [-67.939453125, 47.744140625], [-66.93359375000001, 47.880859375], [-66.9140625, 47.919921875], [-66.943359375, 48.02734375], [-66.904296875, 48.14453125], [-66.767578125, 48.271484375], [-66.591796875, 48.33984375], [-66.38671875, 48.349609375], [-66.15234375, 48.291015625], [-65.99609375, 48.1640625], [-65.947265625, 48.017578125], [-65.908203125, 47.998046875], [-64.619140625, 47.8515625], [-61.995442708333336, 48.509114583333336], [-61.25, 48.1640625], [-59.091796875, 47.060546875], [-56.50390625, 45.634765625], [-56.4453125, 45.537109375], [-56.061197916666664, 44.466145833333336], [-59.9609375, 43.623046875], [-66.99869791666667, 41.881510416666664]]]]}}, {"type": "Feature", "properties": {"FID": 298, "FIR_NAME": "MAGNITOGORSK", "ICAO_CODE": "USCM", "TYPE": "FIR", "COUNTRY": "Russia"}, "geometry": {"type": "MultiPolygon", "coordinates": [[[[60.98307291666665, 53.922526041666664], [61.103515625, 53.896484375], [61.220703125, 53.828125], [61.123046875, 53.73046875], [61.07421874999997, 53.720703125], [61.018066406249986, 53.6376953125], [61.30859375, 53.5546875], [61.38671875, 53.603515625], [61.5234375, 53.603515625], [61.5625, 53.5546875], [61.54296875, 53.505859375], [61.42578124999997, 53.447265625], [61.2890625, 53.525390625], [61.25, 53.515625], [61.2255859375, 53.4619140625], [61.142578125, 53.369140625], [61.2109375, 53.291015625], [61.34765625, 53.291015625], [61.51367187499997, 53.22265625], [61.6796875, 53.26171875], [61.806640625, 53.173828125], [62.099609375, 53.134765625], [62.138671875, 53.06640625], [62.08984375, 52.978515625], [61.9921875, 52.94921875], [61.85546875, 52.998046875], [61.611328125, 52.958984375], [61.46484375, 53.037109375], [61.38671875, 52.998046875], [61.171875, 53.02734375], [61.03515625, 52.9736328125], [61.03515625, 52.91015625], [60.83984375, 52.783203125], [60.72265624999997, 52.75390625], [60.693359375, 52.685546875], [60.732421875, 52.646484375], [60.83007812500003, 52.63671875], [60.83007812500003, 52.5390625], [60.966796875, 52.490234375], [60.966796875, 52.431640625], [61.03515625, 52.333984375], [60.76171875, 52.216796875], [60.712890625, 52.158203125], [60.498046875, 52.16796875], [60.224609375, 52.001953125], [60.060546875, 51.951171875], [58.310546875, 52.587890625], [57.568359375, 53.271484375], [58.28125, 53.880208333333336], [60.98307291666665, 53.922526041666664]], [[61.018066406249986, 53.6376953125], [60.91796875000003, 53.671875], [60.89843749999997, 53.6328125], [61.018066406249986, 53.6376953125]]]]}}, {"type": "Feature", "properties": {"FID": 299, "FIR_NAME": "SAMARKAND", "ICAO_CODE": "UTSD", "TYPE": "FIR", "COUNTRY": "Uzbekistan"}, "geometry": {"type": "MultiPolygon", "coordinates": [[[[66.51692708333333, 37.376302083333336], [66.513671875, 37.421875], [66.5625, 37.4609375], [66.513671875, 37.51953125], [66.533203125, 37.79296875], [66.66015625, 37.939453125], [66.640625, 38.0078125], [66.318359375, 38.0859375], [66.25976562499997, 38.154296875], [66.162109375, 38.173828125], [66.044921875, 38.251953125], [65.95703125, 38.251953125], [65.87890625, 38.291015625], [65.76171875, 38.232421875], [65.57617187500003, 38.26171875], [65.29296874999997, 38.408203125], [65.0, 38.623046875], [64.66796875, 38.740234375], [64.3359375, 38.994140625], [64.1796875, 38.955078125], [63.720703125, 39.19921875], [63.4375, 39.453125], [62.83203124999997, 39.775390625], [62.51953125, 39.90234375], [62.15332031249999, 40.478515625], [63.870442708333336, 41.402994791666664], [65.966796875, 41.015625], [67.51953125, 40.263671875], [67.75390624999997, 40.146484375], [67.783203125, 40.09765625], [67.50325520833334, 39.602864583333336], [67.40234374999997, 39.51171875], [67.49023437499997, 39.35546875], [67.373046875, 39.287109375], [67.451171875, 39.228515625], [67.63671875, 39.1796875], [67.71484375, 39.033203125], [67.978515625, 39.033203125], [68.125, 38.9453125], [68.14453125, 38.8671875], [68.0859375, 38.828125], [68.115234375, 38.76953125], [68.056640625, 38.720703125], [68.06640625, 38.53515625], [68.173828125, 38.388671875], [68.37890625, 38.232421875], [68.36914062499997, 38.134765625], [68.310546875, 38.046875], [67.900390625, 37.666015625], [67.8125, 37.529296875], [67.77018229166669, 37.2265625], [67.59765625000003, 37.255859375], [67.548828125, 37.2265625], [67.48046875, 37.28515625], [67.3828125, 37.216796875], [67.24609375000003, 37.1875], [67.099609375, 37.3046875], [67.080078125, 37.353515625], [67.001953125, 37.392578125], [66.669921875, 37.34375], [66.51692708333333, 37.376302083333336]]]]}}, {"type": "Feature", "properties": {"FID": 300, "FIR_NAME": null, "ICAO_CODE": null, "TYPE": "FIR", "COUNTRY": null}, "geometry": {"type": "MultiPolygon", "coordinates": [[[[61.018066406249986, 53.6376953125], [60.89843749999997, 53.6328125], [60.91796875000003, 53.671875], [61.018066406249986, 53.6376953125]]]]}}, {"type": "Feature", "properties": {"FID": 301, "FIR_NAME": "YAKUTSK", "ICAO_CODE": "UEEE", "TYPE": "FIR", "COUNTRY": "Russia"}, "geometry": {"type": "MultiPolygon", "coordinates": [[[[119.326171875, 58.424479166666664], [114.87955729166667, 59.612630208333336], [116.40625, 60.6640625], [117.685546875, 61.42578125], [116.40625, 63.056640625], [113.828125, 64.423828125], [106.99544270833333, 65.5078125], [106.9140625, 66.953125], [106.494140625, 69.248046875], [108.115234375, 70.17578125], [111.9921875, 72.001953125], [112.568359375, 72.40234375], [112.9345703125, 72.65625], [113.8818359375, 73.2861328125], [114.19921875, 73.49609375], [114.7265625, 73.84765625], [114.71028645833333, 76.337890625], [131.982421875, 74.3359375], [134.423828125, 74.169921875], [137.87109375, 73.8671875], [140.380859375, 73.603515625], [143.583984375, 73.203125], [147.55859375, 72.998046875], [152.119140625, 72.646484375], [155.185546875, 72.34375], [157.91015625, 72.01171875], [167.98828125, 72.50651041666667], [167.998046875, 70.517578125], [167.96875, 70.48828125], [165.0, 68.681640625], [162.001953125, 66.5625], [158.017578125, 66.5625], [157.98828125, 66.5234375], [157.978515625, 65.751953125], [155.869140625, 65.380859375], [153.53515625, 64.912109375], [151.142578125, 64.375], [149.677734375, 64.00390625], [145.5078125, 63.57421875], [144.99674479166666, 62.01171875], [142.001953125, 62.01171875], [141.279296875, 61.591796875], [138.80859375, 60.146484375], [138.134765625, 59.74609375], [135.33203125, 59.1796875], [131.9921875, 58.004557291666664], [130.634765625, 58.759765625], [126.748046875, 59.853515625], [123.955078125, 60.146484375], [123.8671875, 60.13671875], [123.486328125, 59.00390625], [119.326171875, 58.424479166666664]]]]}}, {"type": "Feature", "properties": {"FID": 302, "FIR_NAME": "NEW YORK OCEANIC WEST", "ICAO_CODE": "KZWY", "TYPE": "FIR", "COUNTRY": "United States"}, "geometry": {"type": "MultiPolygon", "coordinates": [[[[-61.513671875, 18.011067708333332], [-61.904296875, 20.0], [-64.00390625, 22.001953125], [-65.029296875, 22.099609375], [-66.73828125, 22.01171875], [-67.65299479166667, 21.256510416666668], [-68.50585937499999, 25.009765625], [-73.203125, 25.009765625], [-74.853515625, 27.841796875], [-76.27604166666667, 27.84505208333334], [-77.01497395833333, 30.013020833333332], [-76.99869791666667, 32.255859375], [-76.81640625, 32.20703125], [-72.67578125, 35.107421875], [-72.67578125, 37.216796875], [-72.64648437500001, 37.24609375], [-71.689453125, 37.51953125], [-69.931640625, 38.349609375], [-67.001953125, 39.016927083333336], [-60.009765625, 38.994140625], [-60.009765625, 18.011067708333332], [-61.513671875, 18.011067708333332]], [[-64.7314453125, 35.3173828125], [-65.21484375, 35.302734375], [-65.68359375, 35.234375], [-66.19140625, 35.087890625], [-66.62109375, 34.912109375], [-67.01171874999999, 34.6875], [-67.37304687500001, 34.4140625], [-67.72460937500001, 34.0625], [-67.97851562499999, 33.701171875], [-68.173828125, 33.310546875], [-68.30078125, 32.890625], [-68.349609375, 32.36328125], [-68.33984375000001, 32.08984375], [-68.26171875, 31.6796875], [-68.095703125, 31.240234375], [-67.90039062500001, 30.888671875], [-67.646484375, 30.556640625], [-67.255859375, 30.17578125], [-66.9140625, 29.921875], [-66.6015625, 29.74609375], [-66.103515625, 29.53125], [-65.64453125, 29.404296875], [-65.2734375, 29.345703125], [-64.70703125, 29.31640625], [-64.072265625, 29.384765625], [-63.75, 29.453125], [-63.310546875, 29.599609375], [-62.822265625, 29.84375], [-62.470703125, 30.078125], [-62.158203125, 30.341796875], [-61.835937500000014, 30.703125], [-61.591796875, 31.07421875], [-61.474609374999986, 31.318359375], [-61.308593750000014, 31.826171875], [-61.25, 32.28515625], [-61.26953125, 32.685546875], [-61.337890625, 33.017578125], [-61.513671875, 33.49609375], [-61.787109375, 33.935546875], [-61.982421875, 34.169921875], [-62.294921875, 34.462890625], [-62.783203125, 34.8046875], [-63.28125, 35.0390625], [-63.720703125, 35.185546875], [-64.150390625, 35.2734375], [-64.7314453125, 35.3173828125]]]]}}, {"type": "Feature", "properties": {"FID": 303, "FIR_NAME": "KAZAN", "ICAO_CODE": "UMKD", "TYPE": "FIR", "COUNTRY": "Russia"}, "geometry": {"type": "MultiPolygon", "coordinates": [[[[53.65234375, 56.500651041666664], [53.232421875, 54.43359375], [48.30078125, 54.873046875], [46.572265625, 54.827473958333336], [46.42578125, 55.615234375], [46.751302083333314, 57.24609375], [47.9296875, 57.3046875], [50.771484375, 56.474609375], [51.796875, 56.376953125], [52.197265625, 56.429036458333336], [53.65234375, 56.500651041666664]]]]}}, {"type": "Feature", "properties": {"FID": 304, "FIR_NAME": "SAL OCEANIC", "ICAO_CODE": "GVSC", "TYPE": "FIR", "COUNTRY": "Cape Verde"}, "geometry": {"type": "MultiPolygon", "coordinates": [[[[-20.0, 19.98046875], [-20.009765625, 15.0], [-21.370442708333332, 12.978515625], [-24.4140625, 13.681640625], [-37.49267578125, 17.00439453125], [-35.1953125, 18.41796875], [-31.1328125, 20.771484375], [-27.080078125, 22.958984375], [-25.009765625, 24.00390625], [-20.0, 19.98046875]]]]}}, {"type": "Feature", "properties": {"FID": 305, "FIR_NAME": "PETROPAVLOVSK-KAMCHATSKY", "ICAO_CODE": "UHPP", "TYPE": "FIR", "COUNTRY": "Russia"}, "geometry": {"type": "MultiPolygon", "coordinates": [[[[-179.99674479166666, 60.01953125], [-179.99674479166666, 61.494140625], [-177.77994791666666, 61.334635416666664], [-179.99674479166666, 60.01953125]]]]}}, {"type": "Feature", "properties": {"FID": 306, "FIR_NAME": null, "ICAO_CODE": null, "TYPE": "FIR", "COUNTRY": null}, "geometry": {"type": "MultiPolygon", "coordinates": [[[[31.733054577464788, 52.19011333626761], [31.77734375, 52.16796875], [31.74609375, 52.177734375], [31.733054577464788, 52.19011333626761]]]]}}, {"type": "Feature", "properties": {"FID": 307, "FIR_NAME": null, "ICAO_CODE": null, "TYPE": "FIR", "COUNTRY": null}, "geometry": {"type": "MultiPolygon", "coordinates": [[[[31.74609375, 52.177734375], [31.69921875, 52.20703125], [31.733054577464788, 52.19011333626761], [31.74609375, 52.177734375]]]]}}, {"type": "Feature", "properties": {"FID": 309, "FIR_NAME": null, "ICAO_CODE": null, "TYPE": "FIR", "COUNTRY": null}, "geometry": {"type": "MultiPolygon", "coordinates": [[[[33.536783854166664, -10.25390625], [33.32031250000003, -10.058593749999986], [33.37890625, -9.892578125000014], [33.349609375, -9.82421875], [33.22265625, -9.716796875000014], [33.21289062499997, -9.609375], [33.115234375, -9.58984375], [33.0859375, -9.6484375], [33.046875, -9.609375], [32.998046875, -9.619140624999986], [33.0078125, -9.501953125], [32.939453125, -9.462890625], [32.9296875, -9.397786458333334], [32.98828125, -9.365234375000014], [33.115234375, -9.482421875], [33.18359375, -9.501953125], [33.30078124999997, -9.47265625], [33.37890625, -9.521484375], [33.4375, -9.609375], [33.57421875, -9.580078125], [33.626302083333336, -9.602864583333334], [33.536783854166664, -10.25390625]]]]}}, {"type": "Feature", "properties": {"FID": 310, "FIR_NAME": null, "ICAO_CODE": null, "TYPE": "FIR", "COUNTRY": null}, "geometry": {"type": "MultiPolygon", "coordinates": [[[[-79.00716145833333, 26.42578125], [-79.111328125, 26.4453125], [-79.22851562499999, 26.54296875], [-79.267578125, 26.62109375], [-79.267578125, 26.71875], [-79.23828125000001, 26.796875], [-79.16015625, 26.875], [-79.05273437499999, 26.923828125], [-78.91927083333333, 26.920572916666668], [-79.00716145833333, 26.42578125]]]]}}, {"type": "Feature", "properties": {"FID": 312, "FIR_NAME": null, "ICAO_CODE": null, "TYPE": "FIR", "COUNTRY": null}, "geometry": {"type": "MultiPolygon", "coordinates": [[[[7.568359375000028, 33.759765625], [7.51953125, 33.80859375], [7.548828124999972, 34.013671875], [7.529296875, 34.072265625], [7.636718749999972, 34.189453125], [7.734375, 34.1796875], [7.783203125, 34.208984375], [7.900390625, 34.42626953125], [8.291015625, 32.867838541666664], [8.10546875, 33.046875], [8.10546875, 33.10546875], [7.802734375, 33.22265625], [7.744140625000028, 33.427734375], [7.607421875, 33.603515625], [7.568359375000028, 33.759765625]]]]}}, {"type": "Feature", "properties": {"FID": 313, "FIR_NAME": "CHENNAI", "ICAO_CODE": "VOMF", "TYPE": "FIR", "COUNTRY": "India"}, "geometry": {"type": "MultiPolygon", "coordinates": [[[[94.41731770833333, 10.009765625], [94.4140625, 6.009114583333333], [91.99544270833333, 6.002604166666667], [81.9921875, 10.009765625], [80.0, 10.009765625], [77.98502604166667, 6.002604166666667], [74.00390625, 6.005859375], [73.984375, 7.509765625], [71.99218750000001, 7.513020833333333], [71.99218750000003, 14.990234375], [73.57421875000003, 15.01953125], [73.0029296875, 16.2841796875], [75.9765625, 16.669921875], [75.99609375, 19.31640625], [77.12890625, 19.716796875], [81.98893229166667, 18.733723958333332], [82.83203125, 18.671875], [85.8984375, 15.703125], [91.98893229166667, 14.016927083333334], [94.404296875, 13.49609375], [94.41731770833333, 10.009765625]]]]}}, {"type": "Feature", "properties": {"FID": 314, "FIR_NAME": "KALININGRAD", "ICAO_CODE": "UMKK", "TYPE": "FIR", "COUNTRY": "Russia"}, "geometry": {"type": "MultiPolygon", "coordinates": [[[[20.95703125, 55.283203125], [21.26953125, 55.25390625], [21.376953125, 55.29296875], [21.45507812500003, 55.21484375], [21.62109375, 55.1953125], [21.845703125, 55.09765625], [21.9921875, 55.09765625], [22.041015625, 55.0390625], [22.28515625, 55.078125], [22.48046875, 55.05859375], [22.568359375, 55.087890625], [22.63671875, 54.970703125], [22.71484375, 54.970703125], [22.822265625, 54.912109375], [22.86132812500003, 54.84375], [22.83203125, 54.78515625], [22.734375, 54.7265625], [22.6953125, 54.599609375], [22.68554687500003, 54.482421875], [22.77343750000003, 54.375], [21.98242187500003, 54.3359375], [20.68359375, 54.365234375], [19.6875, 54.453125], [19.58984374999997, 54.482421875], [19.401041666666668, 54.612630208333336], [17.555338541666668, 55.856119791666664], [18.037109375, 56.103515625], [20.625, 55.377604166666664], [20.95703125, 55.283203125]]]]}}, {"type": "Feature", "properties": {"FID": 315, "FIR_NAME": "NADI WEST", "ICAO_CODE": "NFFF", "TYPE": "FIR", "COUNTRY": null}, "geometry": {"type": "MultiPolygon", "coordinates": [[[[-171.015625, -4.993489583333333], [-175.01953125, -14.111328125000014], [-179.99674479166666, -24.951171875], [-179.99674479166666, -4.990234375], [-171.015625, -4.993489583333333]]]]}}, {"type": "Feature", "properties": {"FID": 316, "FIR_NAME": "ROCHAMBEAU", "ICAO_CODE": "SOOO", "TYPE": "FIR", "COUNTRY": "French Guiana"}, "geometry": {"type": "MultiPolygon", "coordinates": [[[[-47.972005208333336, 4.996744791666667], [-51.5869140625, 4.334309895833333], [-51.66015625, 4.0625], [-51.77734375, 3.984375], [-51.806640625, 3.896484375], [-51.93359375, 3.779296875], [-51.93359375, 3.740234375], [-51.982421875, 3.720703125], [-52.001953125, 3.623046875], [-52.167968750000014, 3.349609375], [-52.353515625, 3.154296875], [-52.34375, 3.06640625], [-52.412109375, 2.94921875], [-52.40234375, 2.91015625], [-52.451171875, 2.880859375], [-52.568359375, 2.63671875], [-52.568359375, 2.529296875], [-52.666015625, 2.40234375], [-52.8515625, 2.294921875], [-52.949218749999986, 2.1875], [-53.06640625, 2.197265625], [-53.095703125, 2.2265625], [-53.2421875, 2.2412109375], [-53.33984375, 2.353515625], [-53.37890625, 2.3046875], [-53.53515625, 2.255859375], [-53.720703125, 2.314453125], [-53.759765625, 2.3828125], [-53.916015624999986, 2.28515625], [-53.955078125, 2.216796875], [-54.0625, 2.197265625], [-54.130859375, 2.119140625], [-54.189453125000014, 2.177734375], [-54.277343750000014, 2.158203125], [-54.365234375000014, 2.20703125], [-54.47265625, 2.216796875], [-54.576822916666664, 2.327473958333333], [-54.53125, 2.34375], [-54.482421875, 2.431640625], [-54.423828125, 2.44140625], [-54.267578124999986, 2.724609375], [-54.19921875, 2.79296875], [-54.169921875, 2.96875], [-54.208984375, 3.1640625], [-54.0234375, 3.41796875], [-54.0234375, 3.544921875], [-53.994140625, 3.59375], [-54.0625, 3.65234375], [-54.111328125, 3.76953125], [-54.19921875, 3.818359375], [-54.365234375000014, 4.04296875], [-54.345703125, 4.150390625], [-54.4140625, 4.19921875], [-54.404296875, 4.31640625], [-54.462890625, 4.51171875], [-54.423828125, 4.609375], [-54.443359374999986, 4.716796875], [-54.482421875, 4.74609375], [-54.4921875, 4.892578125], [-54.453125, 4.951171875], [-54.462890625, 5.01953125], [-54.306640625, 5.244140625], [-54.140625, 5.380859375], [-54.013671875000014, 5.546875], [-54.00390625, 9.332682291666666], [-48.0078125, 10.0], [-45.5859375, 10.859375], [-42.392578125, 11.943359375], [-37.509765625, 13.505859375], [-35.009765625, 7.669270833333333], [-37.080078125, 6.6015625], [-37.34375, 6.416015625], [-39.990234375, 5.009765625], [-47.972005208333336, 4.996744791666667]]]]}}, {"type": "Feature", "properties": {"FID": 317, "FIR_NAME": "BAHRAIN", "ICAO_CODE": "OBBB", "TYPE": "FIR", "COUNTRY": "Bahrain"}, "geometry": {"type": "MultiPolygon", "coordinates": [[[[48.87044270833334, 28.258463541666668], [49.651692708333314, 28.743489583333332], [50.869140625, 27.138671875], [51.15234375, 26.923828125], [53.909505208333336, 26.070963541666668], [53.09570312500003, 25.8203125], [51.715494791666664, 23.981119791666668], [51.58203124999997, 24.130859375], [51.5625, 24.716796875], [51.42578125000003, 24.6484375], [51.3671875, 24.53125], [51.30859375, 24.4921875], [51.07421875000003, 24.482421875], [50.91796875, 24.560546875], [50.80078125, 24.755859375], [50.78125, 24.90234375], [50.654296875, 25.146484375], [50.60546875, 25.498046875], [50.29296875, 25.888671875], [50.26367187499997, 26.09375], [50.3125, 26.181640625], [50.322265625, 26.337890625], [50.37109375000003, 26.42578125], [50.380859375, 26.533203125], [50.44921875, 26.591796875], [49.111328125, 27.861328125], [48.87044270833334, 28.258463541666668]]]]}}, {"type": "Feature", "properties": {"FID": 318, "FIR_NAME": "KATHMANDU", "ICAO_CODE": "VNSM", "TYPE": "FIR", "COUNTRY": "Nepal"}, "geometry": {"type": "MultiPolygon", "coordinates": [[[[83.67513020833333, 27.428385416666668], [83.583984375, 27.48046875], [83.388671875, 27.48046875], [83.359375, 27.36328125], [83.28125, 27.34375], [83.154296875, 27.4609375], [83.037109375, 27.451171875], [82.919921875, 27.5], [82.783203125, 27.5], [82.744140625, 27.5390625], [82.6953125, 27.71484375], [82.44140625, 27.67578125], [82.03125, 27.9296875], [81.875, 27.861328125], [81.474609375, 28.0859375], [81.416015625, 28.173828125], [81.318359375, 28.134765625], [81.30859375, 28.193359375], [81.181640625, 28.37890625], [80.927734375, 28.447265625], [80.87890625, 28.515625], [80.791015625, 28.525390625], [80.556640625, 28.69140625], [80.498046875, 28.662109375], [80.498046875, 28.583984375], [80.419921875, 28.642578125], [80.361328125, 28.6328125], [80.234375, 28.759765625], [80.185546875, 28.759765625], [80.048828125, 28.84765625], [80.048828125, 28.92578125], [80.126953125, 29.00390625], [80.13671875, 29.1015625], [80.244140625, 29.150390625], [80.234375, 29.208984375], [80.283203125, 29.228515625], [80.29296875, 29.3115234375], [80.234375, 29.443359375], [80.41015625, 29.62890625], [80.37109375, 29.755859375], [80.52734375, 29.84375], [80.595703125, 29.9609375], [80.732421875, 30.01953125], [80.955078125, 30.19921875], [81.103515625, 30.029296875], [81.23046875, 30.01953125], [81.298828125, 30.09765625], [81.2890625, 30.13671875], [81.376953125, 30.185546875], [81.40625, 30.380859375], [81.5546875, 30.400390625], [81.796875, 30.37109375], [82.08984375, 30.3515625], [82.099609375, 30.244140625], [82.16796875, 30.1953125], [82.1484375, 30.1171875], [82.177734375, 30.068359375], [82.236328125, 30.078125], [82.548828125, 29.951171875], [82.8515625, 29.677734375], [82.98828125, 29.677734375], [83.076171875, 29.58984375], [83.18359375, 29.638671875], [83.28125, 29.55078125], [83.28125, 29.482421875], [83.33984375, 29.501953125], [83.369140625, 29.47265625], [83.369140625, 29.43359375], [83.525390625, 29.267578125], [83.5546875, 29.189453125], [83.671875, 29.169921875], [83.740234375, 29.248046875], [83.96484375, 29.306640625], [84.052734375, 29.2578125], [84.1015625, 29.267578125], [84.1796875, 29.208984375], [84.150390625, 29.140625], [84.189453125, 29.072265625], [84.248046875, 29.052734375], [84.228515625, 28.935546875], [84.384765625, 28.8671875], [84.482421875, 28.740234375], [84.62890625, 28.7109375], [84.70703125, 28.65234375], [84.70703125, 28.603515625], [84.765625, 28.603515625], [84.82421875, 28.5546875], [84.94140625, 28.544921875], [85.068359375, 28.65234375], [85.17578125, 28.61328125], [85.17578125, 28.53515625], [85.09765625, 28.447265625], [85.107421875, 28.310546875], [85.185546875, 28.3203125], [85.390625, 28.271484375], [85.44921875, 28.310546875], [85.625, 28.26171875], [85.7080078125, 28.325195312499996], [85.751953125, 28.232421875], [85.888671875, 28.14453125], [85.908203125, 28.046875], [85.9765625, 27.998046875], [85.966796875, 27.919921875], [85.99609375, 27.890625], [86.083984375, 27.900390625], [86.1328125, 27.939453125], [86.09375, 28.095703125], [86.171875, 28.1640625], [86.2109375, 28.125], [86.19140625, 28.076171875], [86.220703125, 28.0078125], [86.42578125, 27.919921875], [86.533203125, 27.958984375], [86.572265625, 28.115234375], [86.708984375, 28.115234375], [86.767578125, 28.02734375], [86.85546875, 28.02734375], [86.923828125, 27.958984375], [87.021484375, 27.96875], [87.177734375, 27.83203125], [87.314453125, 27.822265625], [87.392578125, 27.861328125], [87.40234375, 27.822265625], [87.55859375, 27.8515625], [87.587890625, 27.822265625], [87.734375, 27.8125], [87.8515625, 27.919921875], [88.11848958333333, 27.890625], [88.18359375, 27.8515625], [88.173828125, 27.763671875], [88.037109375, 27.5], [88.056640625, 27.333984375], [87.98828125, 27.119140625], [88.1640625, 26.884765625], [88.18359375, 26.708984375], [88.125, 26.62109375], [88.095703125, 26.455078125], [88.017578125, 26.376953125], [87.87109375, 26.474609375], [87.59765625, 26.38671875], [87.451171875, 26.4453125], [87.314453125, 26.357421875], [87.236328125, 26.416015625], [87.138671875, 26.40625], [87.080078125, 26.474609375], [87.05078125, 26.591796875], [86.865234375, 26.46484375], [86.7578125, 26.455078125], [86.728515625, 26.42578125], [86.318359375, 26.62109375], [86.201171875, 26.591796875], [86.044921875, 26.669921875], [85.849609375, 26.58203125], [85.72265625, 26.669921875], [85.72265625, 26.796875], [85.625, 26.875], [85.44921875, 26.796875], [85.41015625, 26.806640625], [85.341796875, 26.748046875], [85.283203125, 26.748046875], [85.17578125, 26.796875], [85.166015625, 26.875], [85.0390625, 26.85546875], [84.951171875, 26.962890625], [84.833984375, 27.021484375], [84.658203125, 27.041015625], [84.638671875, 27.0703125], [84.677734375, 27.1484375], [84.677734375, 27.236328125], [84.580078125, 27.353515625], [84.31640625, 27.3828125], [84.12109375, 27.529296875], [84.033203125, 27.451171875], [83.84765625, 27.451171875], [83.828125, 27.431640625], [83.8671875, 27.392578125], [83.857421875, 27.36328125], [83.67513020833333, 27.428385416666668]]]]}}, {"type": "Feature", "properties": {"FID": 319, "FIR_NAME": null, "ICAO_CODE": null, "TYPE": "FIR", "COUNTRY": null}, "geometry": {"type": "MultiPolygon", "coordinates": [[[[-77.82958984375, 39.86083984375], [-77.373046875, 39.8828125], [-77.36653645833333, 39.78515625], [-77.65625, 39.78515625], [-77.82958984375, 39.86083984375]]]]}}, {"type": "Feature", "properties": {"FID": 320, "FIR_NAME": null, "ICAO_CODE": null, "TYPE": "FIR", "COUNTRY": null}, "geometry": {"type": "MultiPolygon", "coordinates": [[[[126.89778645833333, 51.287434895833336], [126.8359375, 51.25], [126.796875, 51.30859375], [126.8359375, 51.34765625], [126.89778645833333, 51.287434895833336]]]]}}, {"type": "Feature", "properties": {"FID": 321, "FIR_NAME": "HONG KONG", "ICAO_CODE": "VHHK", "TYPE": "FIR", "COUNTRY": "Hong Kong"}, "geometry": {"type": "MultiPolygon", "coordinates": [[[[113.994140625, 16.6796875], [111.50390625, 19.4921875], [111.49088541666667, 20.5078125], [111.50390625, 21.40625], [111.6796875, 21.416015625], [111.767578125, 21.50390625], [112.05078125, 21.572265625], [112.16796875, 21.50390625], [112.314453125, 21.54296875], [112.5, 21.54296875], [112.763671875, 21.484375], [112.9296875, 21.50390625], [113.046875, 21.767578125], [113.212890625, 21.796875], [113.515625, 21.97265625], [113.544921875, 22.001953125], [113.525390625, 22.197265625], [113.544921875, 22.216796875], [113.69140625, 22.16796875], [113.7890625, 22.36328125], [113.935546875, 22.5390625], [114.052734375, 22.509765625], [114.140625, 22.568359375], [114.384765625, 22.6171875], [114.47265625, 22.5390625], [114.51171875, 22.36328125], [114.541015625, 22.34375], [114.7265625, 22.470703125], [114.853515625, 22.421875], [114.931640625, 22.44140625], [115.01953125, 22.568359375], [115.13671875, 22.65625], [115.5859375, 22.5390625], [115.703125, 22.666015625], [115.810546875, 22.626953125], [116.103515625, 22.71484375], [116.318359375, 22.8515625], [116.5234375, 22.83203125], [116.640625, 22.958984375], [116.69921875, 23.0859375], [116.845703125, 23.134765625], [116.89453125, 23.193359375], [116.904296875, 23.330078125], [117.1484375, 23.310546875], [117.2265625, 23.33984375], [117.216796875, 23.515625], [117.314453125, 23.61328125], [117.490234375, 23.505859375], [117.49348958333333, 23.017578125], [117.49348958333333, 21.005859375], [113.994140625, 16.6796875]]]]}}, {"type": "Feature", "properties": {"FID": 322, "FIR_NAME": null, "ICAO_CODE": null, "TYPE": "FIR", "COUNTRY": null}, "geometry": {"type": "MultiPolygon", "coordinates": [[[[33.10965401785713, -14.029017857142858], [33.0859375, -13.96484375], [33.154296875, -13.925781249999986], [33.10965401785713, -14.029017857142858]]]]}}, {"type": "Feature", "properties": {"FID": 324, "FIR_NAME": null, "ICAO_CODE": null, "TYPE": "FIR", "COUNTRY": null}, "geometry": {"type": "MultiPolygon", "coordinates": [[[[8.33984375, 32.65625], [8.408203125, 32.4755859375], [8.349609375, 32.51953125], [8.33984375, 32.65625]]]]}}, {"type": "Feature", "properties": {"FID": 325, "FIR_NAME": "CHELYABINSK", "ICAO_CODE": "USCC", "TYPE": "FIR", "COUNTRY": "Russia"}, "geometry": {"type": "MultiPolygon", "coordinates": [[[[57.880859375, 55.709635416666664], [59.443359375, 56.083984375], [60.0, 55.91796875], [61.00585937500003, 55.908203125], [61.73828125, 55.908203125], [62.197265625, 56.181640625], [64.35546875, 56.044921875], [65.40039062500003, 55.48828125], [64.83723958333333, 54.397786458333336], [64.74609375, 54.345703125], [64.58984374999997, 54.39453125], [64.423828125, 54.345703125], [63.984375, 54.31640625], [64.013671875, 54.23828125], [63.916015625, 54.208984375], [63.701171875, 54.267578125], [63.41796875, 54.1796875], [63.173828125, 54.19921875], [63.125, 54.169921875], [63.125, 54.1015625], [62.65625, 54.091796875], [62.55859375, 54.04296875], [62.59765625, 53.984375], [62.548828125, 53.9453125], [62.5390625, 53.88671875], [62.40234375, 53.96484375], [62.4609375, 54.013671875], [62.44140625, 54.04296875], [62.03125, 54.033203125], [62.021484375, 53.955078125], [61.9921875, 53.9453125], [61.85546875, 53.955078125], [61.8359375, 54.013671875], [61.66015625, 54.013671875], [61.58203125, 53.96484375], [61.552734375, 54.013671875], [61.484375, 54.0234375], [61.435546875, 54.072265625], [61.318359375, 54.072265625], [61.220703125, 54.033203125], [61.23046875, 53.92578125], [61.123046875, 53.974609375], [61.03515625, 53.96484375], [60.98307291666665, 53.922526041666664], [58.28125, 53.880208333333336], [58.642578125, 54.208984375], [57.880859375, 55.709635416666664]]]]}}, {"type": "Feature", "properties": {"FID": 326, "FIR_NAME": "KOTLAS", "ICAO_CODE": "ULKK", "TYPE": "FIR", "COUNTRY": "Russia"}, "geometry": {"type": "MultiPolygon", "coordinates": [[[[46.30859375, 60.074869791666664], [44.248046875, 60.419921875], [42.55859375, 61.11328125], [40.341796875, 61.243489583333336], [41.005859375, 62.01171875], [43.916015625, 62.890625], [44.0625, 62.9296875], [46.75455729166666, 63.004557291666664], [48.1640625, 62.001953125], [48.65234375, 60.345052083333336], [46.30859375, 60.074869791666664]]]]}}, {"type": "Feature", "properties": {"FID": 327, "FIR_NAME": null, "ICAO_CODE": null, "TYPE": "FIR", "COUNTRY": null}, "geometry": {"type": "MultiPolygon", "coordinates": [[[[8.369140625, 46.34033203125], [8.310546875, 46.435546875], [8.427734374999972, 46.474609375], [8.45703125, 46.42578125], [8.369140625, 46.34033203125]]]]}}, {"type": "Feature", "properties": {"FID": 328, "FIR_NAME": "HOUSTON OCEANIC", "ICAO_CODE": "KZHU", "TYPE": "FIR", "COUNTRY": "United States"}, "geometry": {"type": "MultiPolygon", "coordinates": [[[[-86.00260416666667, 24.000651041666668], [-88.01757812499999, 24.51171875], [-92.998046875, 24.501953125], [-95.92122395833333, 26.009114583333332], [-95.15625, 27.5390625], [-93.984375, 28.26171875], [-89.0234375, 28.26171875], [-88.01106770833333, 28.154296875], [-87.67578125000001, 27.5], [-85.99934895833333, 27.008463541666668], [-85.44921875, 26.630859375], [-85.09765625, 26.2109375], [-85.009765625, 25.13671875], [-85.009765625, 24.007161458333332], [-86.00260416666667, 24.000651041666668]]]]}}, {"type": "Feature", "properties": {"FID": 329, "FIR_NAME": null, "ICAO_CODE": null, "TYPE": "FIR", "COUNTRY": null}, "geometry": {"type": "MultiPolygon", "coordinates": [[[[-13.994140625, 21.341145833333332], [-11.9873046875, 25.93505859375], [-12.01171875, 23.466796875], [-12.16796875, 23.427734375], [-12.36328125, 23.330078125], [-12.607421875, 23.291015625], [-12.98828125, 23.046875], [-13.115234375, 22.900390625], [-13.154296875, 22.734375], [-13.0859375, 22.5390625], [-13.0078125, 21.34765625], [-13.994140625, 21.341145833333332]]]]}}, {"type": "Feature", "properties": {"FID": 332, "FIR_NAME": "NEW ZEALAND", "ICAO_CODE": "NZZI", "TYPE": "FIR", "COUNTRY": "New Zealand"}, "geometry": {"type": "MultiPolygon", "coordinates": [[[[167.158203125, -44.35546875], [168.0859375, -43.564453125], [170.380859375, -41.42578125], [170.478515625, -40.72265625], [170.751953125, -40.068359375], [171.201171875, -39.453125], [171.54296875, -39.130859375], [171.07421875, -38.53515625], [170.810546875, -37.978515625], [170.76171875, -37.861328125], [170.64453125, -37.158203125], [170.703125, -36.50390625], [170.9375, -35.830078125], [171.328125, -35.21484375], [171.89453125, -34.6484375], [172.51953125, -34.228515624999986], [173.291015625, -33.896484375], [174.08203125, -33.710937500000014], [174.326171875, -33.69140625], [174.970703125, -33.662109375], [175.615234375, -33.73046875], [176.54296875, -33.974609375000014], [177.24609375, -34.316406249999986], [177.87109375, -34.775390625], [178.3984375, -35.361328125], [178.740234375, -35.966796875], [178.935546875, -36.640625], [178.955078125, -37.392578124999986], [178.92578125, -37.529296875], [179.7265625, -38.447265625], [178.486328125, -40.0390625], [175.8984375, -42.1875], [169.86328125, -47.01171875], [168.28125, -48.134765625], [168.2421875, -48.134765625], [167.861328125, -47.8515625], [165.302734375, -45.908203125], [166.4453125, -44.9609375], [167.158203125, -44.35546875]]]]}}, {"type": "Feature", "properties": {"FID": 333, "FIR_NAME": null, "ICAO_CODE": null, "TYPE": "FIR", "COUNTRY": null}, "geometry": {"type": "MultiPolygon", "coordinates": [[[[132.51953125, 4.007161458333333], [132.96875, 3.518880208333333], [132.001953125, 3.505859375], [131.9921875, 4.000651041666667], [132.51953125, 4.007161458333333]]]]}}, {"type": "Feature", "properties": {"FID": 334, "FIR_NAME": null, "ICAO_CODE": null, "TYPE": "FIR", "COUNTRY": null}, "geometry": {"type": "MultiPolygon", "coordinates": [[[[26.015625, 5.211588541666667], [26.015625, 5.1953125], [25.966796875, 5.234375], [26.015625, 5.211588541666667]]]]}}, {"type": "Feature", "properties": {"FID": 335, "FIR_NAME": "NEW YORK OCEANIC WEST", "ICAO_CODE": "KZWY", "TYPE": "FIR", "COUNTRY": "United States"}, "geometry": {"type": "MultiPolygon", "coordinates": [[[[-64.7314453125, 35.3173828125], [-64.150390625, 35.2734375], [-63.720703125, 35.185546875], [-63.28125, 35.0390625], [-62.783203125, 34.8046875], [-62.294921875, 34.462890625], [-61.982421875, 34.169921875], [-61.787109375, 33.935546875], [-61.513671875, 33.49609375], [-61.337890625, 33.017578125], [-61.26953125, 32.685546875], [-61.25, 32.28515625], [-61.308593750000014, 31.826171875], [-61.474609374999986, 31.318359375], [-61.591796875, 31.07421875], [-61.835937500000014, 30.703125], [-62.158203125, 30.341796875], [-62.470703125, 30.078125], [-62.822265625, 29.84375], [-63.310546875, 29.599609375], [-63.75, 29.453125], [-64.072265625, 29.384765625], [-64.70703125, 29.31640625], [-65.2734375, 29.345703125], [-65.64453125, 29.404296875], [-66.103515625, 29.53125], [-66.6015625, 29.74609375], [-66.9140625, 29.921875], [-67.255859375, 30.17578125], [-67.646484375, 30.556640625], [-67.90039062500001, 30.888671875], [-68.095703125, 31.240234375], [-68.26171875, 31.6796875], [-68.33984375000001, 32.08984375], [-68.349609375, 32.36328125], [-68.30078125, 32.890625], [-68.173828125, 33.310546875], [-67.97851562499999, 33.701171875], [-67.72460937500001, 34.0625], [-67.37304687500001, 34.4140625], [-67.01171874999999, 34.6875], [-66.62109375, 34.912109375], [-66.19140625, 35.087890625], [-65.68359375, 35.234375], [-65.21484375, 35.302734375], [-64.7314453125, 35.3173828125]]]]}}, {"type": "Feature", "properties": {"FID": 336, "FIR_NAME": null, "ICAO_CODE": null, "TYPE": "FIR", "COUNTRY": null}, "geometry": {"type": "MultiPolygon", "coordinates": [[[[8.344726562500014, 36.201171875], [8.356505040179412, 36.43880436477723], [8.369042509891212, 36.43701329767555], [8.402665423840746, 36.423564132095734], [8.406868288084437, 36.39246293669242], [8.381651102622287, 36.34455028431434], [8.368201937042475, 36.30084049617994], [8.36568021849626, 36.25629013519681], [8.35979620855509, 36.226870085490965], [8.344726562500014, 36.201171875]]]]}}, {"type": "Feature", "properties": {"FID": 337, "FIR_NAME": null, "ICAO_CODE": null, "TYPE": "FIR", "COUNTRY": null}, "geometry": {"type": "MultiPolygon", "coordinates": [[[[8.363999072798784, 36.58999755614593], [8.356505040179412, 36.43880436477723], [8.327854440303035, 36.44289730761672], [8.306840119084576, 36.44205673476798], [8.26481147664766, 36.44289730761672], [8.21437710572336, 36.45382475465032], [8.170667317588965, 36.47483907586878], [8.166464453345274, 36.49921568848219], [8.185797628866256, 36.51350542691074], [8.222782834210742, 36.52527344679308], [8.275738923681258, 36.536200893826674], [8.320289284664389, 36.55301235080144], [8.363999072798784, 36.58999755614593]]]]}}, {"type": "Feature", "properties": {"FID": 338, "FIR_NAME": null, "ICAO_CODE": null, "TYPE": "FIR", "COUNTRY": null}, "geometry": {"type": "MultiPolygon", "coordinates": [[[[8.395182291666679, 36.603732638888886], [8.363999072798784, 36.58999755614593], [8.369042509891216, 36.716924056305416], [8.473878229986266, 36.72153114011592], [8.488403854412056, 36.70095317217939], [8.476635834529718, 36.669851976776066], [8.451418649067568, 36.6353884899778], [8.427882609302895, 36.62025817870051], [8.395182291666679, 36.603732638888886]]]]}}, {"type": "Feature", "properties": {"FID": 339, "FIR_NAME": null, "ICAO_CODE": null, "TYPE": "FIR", "COUNTRY": null}, "geometry": {"type": "MultiPolygon", "coordinates": [[[[8.6328125, 36.728515625], [8.473878229986266, 36.72153114011592], [8.468230106042334, 36.72953264903649], [8.449737503370091, 36.74970639740621], [8.448896930521354, 36.76903957292719], [8.478316980227195, 36.77408301001962], [8.518664476966634, 36.776604728565836], [8.573301712134628, 36.776604728565836], [8.634663530092526, 36.78753217559944], [8.636337226266674, 36.78843597153348], [8.6328125, 36.728515625]]]]}}, {"type": "Feature", "properties": {"FID": 340, "FIR_NAME": null, "ICAO_CODE": null, "TYPE": "FIR", "COUNTRY": null}, "geometry": {"type": "MultiPolygon", "coordinates": [[[[8.636337226266674, 36.78843597153348], [8.639322916666666, 36.839192708333336], [8.675851599680705, 36.83208253658257], [8.676692172529442, 36.81022764251537], [8.636337226266674, 36.78843597153348]]]]}}, {"type": "Feature", "properties": {"FID": 999, "FIR_NAME": "TEHRAN", "ICAO_CODE": null, "TYPE": "FIR", "COUNTRY": null}, "geometry": {"type": "MultiPolygon", "coordinates": [[[[48.701171875, 29.86653645833334], [48.466796875, 29.990234375], [48.388671875, 30.126953125], [48.408203125, 30.205078125], [48.271484375, 30.341796875], [48.203125, 30.33203125], [48.14453125, 30.439453125], [48.02734375, 30.498046875], [48.02734375, 30.99609375], [47.685546875, 31.015625], [47.685546875, 31.396484375], [47.8515625, 31.81640625], [47.783203125, 31.865234375], [47.685546875, 32.021484375], [47.5, 32.16796875], [47.51953125, 32.236328125], [47.412109375, 32.34375], [47.431640625, 32.392578125], [47.353515625, 32.48046875], [47.08984375, 32.490234375], [46.73828125, 32.763671875], [46.435546875, 32.939453125], [46.26953125, 32.978515625], [46.11328125, 32.96875], [46.09375, 33.0078125], [46.142578125, 33.06640625], [46.04492187499997, 33.115234375], [46.13281249999997, 33.134765625], [46.19140625, 33.193359375], [46.171875, 33.271484375], [46.04492187499997, 33.388671875], [46.03515625, 33.45703125], [45.986328125, 33.505859375], [45.86914062499997, 33.505859375], [45.9375, 33.564453125], [45.88867187500003, 33.6328125], [45.7568359375, 33.61328125], [45.634765625, 33.740234375], [45.634765625, 33.779296875], [45.5078125, 33.935546875], [45.41015625, 33.9794921875], [45.458984375, 34.033203125], [45.458984375, 34.08203125], [45.556640625, 34.150390625], [45.576171875, 34.267578125], [45.576171875, 34.31640625], [45.53710937500003, 34.35546875], [45.48828125, 34.345703125], [45.42968749999997, 34.443359375], [45.52734375, 34.51171875], [45.5078125, 34.58984375], [45.52734375, 34.609375], [45.5859375, 34.5703125], [45.71289062500003, 34.5703125], [45.703125, 34.66796875], [45.64453125, 34.736328125], [45.673828125, 34.8046875], [45.771484375, 34.86328125], [45.78125, 34.921875], [45.86914062499997, 34.921875], [45.86914062499997, 35.029296875], [45.927734375, 35.09765625], [46.015625, 35.068359375], [46.123046875, 35.09765625], [46.15234375000003, 35.1171875], [46.142578125, 35.166015625], [46.19140625, 35.205078125], [46.11328125, 35.25390625], [46.13281249999997, 35.33203125], [45.986328125, 35.478515625], [45.9912109375, 35.5810546875], [46.025390625, 35.693359375], [46.259765625, 35.732421875], [46.337890625, 35.8203125], [46.2890625, 35.83984375], [46.171875, 35.810546875], [46.11328125, 35.869140625], [46.06445312500003, 35.869140625], [45.751953125, 35.8203125], [45.634765625, 35.966796875], [45.53710937500003, 36.015625], [45.3515625, 35.99609375], [45.33203125, 36.03515625], [45.36132812500003, 36.103515625], [45.3125, 36.162109375], [45.3125, 36.240234375], [45.263671875, 36.318359375], [45.27343750000003, 36.38671875], [45.234375, 36.435546875], [45.078125, 36.435546875], [45.00976562500003, 36.54296875], [45.05859375, 36.689453125], [45.0, 36.7578125], [44.83398437500003, 36.81640625], [44.90234374999997, 36.89453125], [44.90234374999997, 37.03125], [44.765625, 37.109375], [44.768880208333336, 37.174479166666664], [44.765625, 37.236328125], [44.81445312499997, 37.275390625], [44.8046875, 37.314453125], [44.580078125, 37.451171875], [44.599609375, 37.607421875], [44.55078124999997, 37.666015625], [44.609375, 37.71484375], [44.599609375, 37.744140625], [44.521484375, 37.79296875], [44.453125, 37.783203125], [44.384765625, 37.87109375], [44.21875, 37.91015625], [44.248046875, 38.0078125], [44.375, 38.1640625], [44.39453125000003, 38.271484375], [44.47265625, 38.359375], [44.423828125, 38.3984375], [44.35546875, 38.37890625], [44.296875, 38.408203125], [44.30664062500003, 38.642578125], [44.267578125, 38.671875], [44.2578125, 38.740234375], [44.296875, 38.84765625], [44.19921874999997, 38.90625], [44.16015625, 38.994140625], [44.189453125, 39.0478515625], [44.208984375, 39.140625], [44.091796875, 39.21875], [44.091796875, 39.287109375], [44.033203125, 39.39453125], [44.08203125, 39.423828125], [44.21875, 39.423828125], [44.27734375, 39.39453125], [44.404296875, 39.423828125], [44.46289062499997, 39.697265625], [44.599609375, 39.78515625], [44.78759765625, 39.6875], [44.8828125, 39.609375], [44.921875, 39.482421875], [45.078125, 39.35546875], [45.13671875, 39.23828125], [45.322265625, 39.1796875], [45.439453125, 39.00390625], [45.830078125, 38.916015625], [45.859375, 38.88671875], [46.0546875, 38.88671875], [46.15559895833334, 38.857421875], [46.337890625, 38.916015625], [46.5234375, 38.896484375], [46.67968750000003, 39.033203125], [46.71875, 39.033203125], [46.81640625, 39.150390625], [47.01171874999997, 39.189453125], [47.08984375, 39.306640625], [47.27539062499997, 39.375], [47.373046875, 39.47265625], [47.51953125, 39.51171875], [47.8125, 39.6875], [47.98828125, 39.716796875], [48.34960937500003, 39.404296875], [48.15429687499997, 39.326171875], [48.115234375, 39.27734375], [48.17382812500003, 39.1796875], [48.291015625, 39.111328125], [48.3203125, 39.033203125], [48.26171875000003, 38.984375], [48.08593750000003, 38.96484375], [48.0078125, 38.90625], [48.0078125, 38.857421875], [48.22265625, 38.740234375], [48.232421875, 38.681640625], [48.3203125, 38.61328125], [48.427734375, 38.6328125], [48.447265625, 38.57421875], [48.623046875, 38.3984375], [48.8671875, 38.45703125], [51.49088541666665, 37.884114583333336], [53.80859375, 37.373046875], [54.228515625, 37.333984375], [54.560546875, 37.4609375], [54.67773437500003, 37.451171875], [54.78515625, 37.529296875], [54.8046875, 37.607421875], [54.775390625, 37.646484375], [54.85351562500003, 37.7734375], [54.970703125, 37.822265625], [55.126953125, 37.958984375], [55.20507812500003, 37.96875], [55.458984375, 38.098958333333336], [55.76171875, 38.134765625], [55.986328125, 38.076171875], [56.162109375, 38.10546875], [56.24023437499997, 38.076171875], [56.318359375, 38.095703125], [56.34765625000003, 38.134765625], [56.318359375, 38.193359375], [56.4453125, 38.271484375], [56.630859375, 38.251953125], [56.748046875, 38.291015625], [56.845703125, 38.232421875], [57.060546875, 38.203125], [57.20703124999997, 38.291015625], [57.36328125, 38.095703125], [57.34375, 38.0078125], [57.431640625, 37.94921875], [57.71484375, 37.9296875], [58.046875, 37.8125], [58.14453125, 37.8125], [58.19335937500003, 37.783203125], [58.22265625, 37.685546875], [58.33984375, 37.67578125], [58.36914062500003, 37.646484375], [58.4765625, 37.646484375], [58.54492187500003, 37.71484375], [58.662109375, 37.65625], [58.78906249999997, 37.666015625], [58.828125, 37.705078125], [59.05273437499997, 37.63671875], [59.23828125, 37.51953125], [59.326171875, 37.548828125], [59.375, 37.490234375], [59.375, 37.353515625], [59.482421875, 37.255859375], [59.482421875, 37.216796875], [59.5703125, 37.20703125], [59.619140625, 37.138671875], [59.78515625, 37.138671875], [59.912109375, 37.060546875], [60.029296875, 37.041015625], [60.3515625, 36.650390625], [61.142578125, 36.66015625], [61.18164062500003, 36.58203125], [61.142578125, 36.328125], [61.18164062500003, 36.2890625], [61.220703125, 36.142578125], [61.142578125, 35.9814453125], [61.23046875, 35.908203125], [61.25, 35.771484375], [61.220703125, 35.68359375], [61.279296875, 35.6396484375], [61.279296875, 35.537109375], [61.19140625, 35.41015625], [61.18164062500003, 35.3125], [61.09375, 35.2734375], [61.1328125, 35.09765625], [61.064453125, 34.94140625], [61.064453125, 34.82421875], [60.9765625, 34.736328125], [60.966796875, 34.6484375], [60.91796875000003, 34.6484375], [60.83984375, 34.5703125], [60.72265624999997, 34.53125], [60.89843749999997, 34.3359375], [60.68359375, 34.326171875], [60.498046875, 34.140625], [60.546875, 33.84765625], [60.546875, 33.7890625], [60.498046875, 33.740234375], [60.5078125, 33.671875], [60.65429687500003, 33.57421875], [60.888671875, 33.564453125], [60.9375, 33.525390625], [60.849609375, 33.49609375], [60.849609375, 33.427734375], [60.5859375, 33.173828125], [60.576171875, 33.06640625], [60.849609375, 32.255859375], [60.83007812500003, 32.08984375], [60.791015625, 32.041015625], [60.8203125, 31.962890625], [60.80078125, 31.66015625], [60.83984375, 31.513671875], [61.70898437500003, 31.38671875], [61.767578125, 31.318359375], [61.7578125, 31.25], [61.845703125, 31.015625], [61.796875, 30.95703125], [61.796875, 30.83984375], [60.869140625, 29.8828125], [60.888671875, 29.86002604166667], [61.35742187500003, 29.375], [61.34765625, 29.287109375], [61.416015625, 29.16015625], [61.46484375, 29.150390625], [61.50390625, 29.091796875], [61.484375, 29.052734375], [61.53320312500003, 29.013671875], [61.572265625, 28.88671875], [61.89453125, 28.564453125], [62.03125, 28.505859375], [62.39257812499997, 28.427734375], [62.58789062500003, 28.2421875], [62.7734375, 28.26171875], [62.75390625, 27.98828125], [62.8125, 27.79296875], [62.83203124999997, 27.548828125], [62.783203125, 27.270507812499996], [62.8125, 27.236328125], [62.958984375, 27.2265625], [63.193359375, 27.275390625], [63.30078125, 27.197265625], [63.3203125, 27.1484375], [63.2421875, 27.080078125], [63.28125, 26.884765625], [63.203125, 26.845703125], [63.18359374999997, 26.650390625], [62.8125, 26.66015625], [62.626953125, 26.591796875], [62.4609375, 26.58203125], [62.30468749999997, 26.513671875], [62.265625, 26.3671875], [62.12890624999997, 26.38671875], [62.109375, 26.318359375], [61.86523437499997, 26.25], [61.806640625, 26.123046875], [61.767578125, 25.8203125], [61.6796875, 25.791015625], [61.69921875, 25.68359375], [61.66015625, 25.634765625], [61.630859375, 25.263671875], [61.60156249999997, 25.205078125], [61.5625, 25.244140625], [61.53320312500003, 25.21484375], [61.509433005358716, 25.19841554401504], [61.50461045427539, 25.170685875285916], [61.498582265421234, 25.145367482098454], [61.44915111681714, 25.123666002223487], [61.38997395833332, 25.126953125], [61.324869791666664, 24.677734375], [57.509765625, 25.0], [56.748046875, 25.595703125], [56.748046875, 26.15234375], [56.440429687500014, 26.6796875], [56.09049479166668, 26.337890625], [55.33203125, 25.64453125], [53.909505208333336, 26.070963541666668], [51.15234375, 26.923828125], [50.869140625, 27.138671875], [49.651692708333314, 28.743489583333332], [49.453125, 29.013671875], [49.64843749999997, 29.228515625], [48.701171875, 29.86653645833334]]]]}}, {"type": "Feature", "properties": {"FID": 998, "FIR_NAME": "KARACHI", "ICAO_CODE": "OPKR", "TYPE": "FIR", "COUNTRY": "Pakistan"}, "geometry": {"type": "MultiPolygon", "coordinates": [[[[64.47265625, 23.502604166666668], [61.34765625, 23.505859375], [61.324869791666664, 24.677734375], [61.38997395833332, 25.126953125], [61.44915111681714, 25.123666002223487], [61.498582265421234, 25.145367482098454], [61.50461045427539, 25.170685875285916], [61.509433005358716, 25.19841554401504], [61.53320312500003, 25.21484375], [61.5625, 25.244140625], [61.60156249999997, 25.205078125], [61.630859375, 25.263671875], [61.66015625, 25.634765625], [61.69921875, 25.68359375], [61.6796875, 25.791015625], [61.767578125, 25.8203125], [61.806640625, 26.123046875], [61.86523437499997, 26.25], [62.109375, 26.318359375], [62.12890624999997, 26.38671875], [62.265625, 26.3671875], [62.30468749999997, 26.513671875], [62.4609375, 26.58203125], [62.626953125, 26.591796875], [62.8125, 26.66015625], [63.18359374999997, 26.650390625], [63.203125, 26.845703125], [63.28125, 26.884765625], [63.2421875, 27.080078125], [63.3203125, 27.1484375], [63.30078125, 27.197265625], [63.193359375, 27.275390625], [62.958984375, 27.2265625], [62.8125, 27.236328125], [62.783203125, 27.270507812499996], [62.83203124999997, 27.548828125], [62.8125, 27.79296875], [62.75390625, 27.98828125], [62.7734375, 28.26171875], [62.58789062500003, 28.2421875], [62.39257812499997, 28.427734375], [62.03125, 28.505859375], [61.89453125, 28.564453125], [61.572265625, 28.88671875], [61.53320312500003, 29.013671875], [61.484375, 29.052734375], [61.50390625, 29.091796875], [61.46484375, 29.150390625], [61.416015625, 29.16015625], [61.34765625, 29.287109375], [61.35742187500003, 29.375], [60.888671875, 29.86002604166667], [62.451171875, 29.4140625], [63.59375, 29.51171875], [64.130859375, 29.404296875], [64.19921875, 29.501953125], [64.365234375, 29.560546875], [64.67773437499997, 29.599609375], [65.05859375, 29.55078125], [66.2109375, 29.84375], [66.27929687500003, 29.8828125], [66.34765625, 29.993489583333332], [73.48958333333333, 30.003255208333332], [73.388671875, 29.94140625], [73.28125, 29.599609375], [73.10546875, 29.287109375], [72.98828125, 29.16015625], [72.94921875, 29.052734375], [72.3828125, 28.7890625], [72.294921875, 28.701171875], [72.1875, 28.388671875], [71.923828125, 28.14453125], [71.875, 27.958984375], [71.62109374999997, 27.880859375], [71.25, 27.861328125], [70.91796874999997, 27.724609375], [70.791015625, 27.71484375], [70.712890625, 27.763671875], [70.65429687499997, 27.87109375], [70.65429687499997, 27.939453125], [70.556640625, 28.02734375], [70.47851562499997, 28.056640625], [70.361328125, 28.02734375], [70.1171875, 27.83203125], [70.03906249999997, 27.607421875], [69.82421875, 27.3828125], [69.580078125, 27.1875], [69.501953125, 27.001953125], [69.501953125, 26.7578125], [69.7265625, 26.669921875], [69.8046875, 26.591796875], [70.09765625, 26.6015625], [70.185546875, 26.533203125], [70.166015625, 26.23046875], [70.087890625, 26.103515625], [70.078125, 25.986328125], [70.2734375, 25.712890625], [70.419921875, 25.68359375], [70.625, 25.72265625], [70.67382812500003, 25.68359375], [70.67382812500003, 25.400390625], [70.87890625, 25.15625], [70.92122395833331, 25.006510416666668], [71.07421875, 24.70703125], [70.9765625, 24.62890625], [70.986328125, 24.482421875], [71.09863281249999, 24.4287109375], [71.015625, 24.365234375], [70.927734375, 24.375], [70.869140625, 24.2919921875], [70.80078125, 24.248046875], [70.615234375, 24.2578125], [70.576171875, 24.296875], [70.56640624999997, 24.443359375], [70.12695312499997, 24.31640625], [70.029296875, 24.1796875], [69.716796875, 24.1796875], [69.58984375, 24.287109375], [69.306640625, 24.306640625], [69.208984375, 24.267578125], [69.08203125, 24.306640625], [68.974609375, 24.267578125], [68.90625, 24.326171875], [68.857421875, 24.248046875], [68.798828125, 24.345703125], [68.74023437500003, 24.31640625], [68.73046875, 23.974609375], [68.359375, 23.974609375], [68.3203125, 23.92578125], [68.28125, 23.9453125], [68.26171875, 23.9111328125], [68.21289062500003, 23.876953125], [68.18359375, 23.701171875], [68.10546874999997, 23.61328125], [68.12988281250001, 23.5107421875], [64.47265625, 23.502604166666668]]]]}}, {"type": "Feature", "properties": {"FID": 997, "FIR_NAME": "BRAZZAVILLE", "ICAO_CODE": "FCCC", "TYPE": "FIR", "COUNTRY": null}, "geometry": {"type": "MultiPolygon", "coordinates": [[[[6.572265625, 3.004557291666667], [8.544921875, 4.70703125], [8.5546875, 4.794921875], [8.6328125, 4.833984375], [8.61328125, 4.90234375], [8.818359375, 5.185546875], [8.857421875, 5.517578125], [8.916015625, 5.5859375], [8.828125, 5.712890625], [8.876953125, 5.76171875], [8.857421875, 5.83984375], [8.9453125, 5.91796875], [8.994140625, 5.908203125], [9.111328125, 6.07421875], [9.296875, 6.220703125], [9.365234375, 6.337890625], [9.423828125, 6.337890625], [9.47265625, 6.416015625], [9.560546875, 6.4453125], [9.599609375, 6.5234375], [9.716796875, 6.552734375], [9.78515625, 6.796875], [9.873046875, 6.787109375], [10.146484375, 7.021484375], [10.224609375, 6.884765625], [10.498046875, 6.884765625], [10.5908203125, 7.1240234375], [10.625, 7.05078125], [10.849609375, 6.953125], [10.87890625, 6.8359375], [10.927734375, 6.787109375], [11.005859375, 6.787109375], [11.064453124999972, 6.728515625], [11.083984375000028, 6.50390625], [11.1328125, 6.435546875], [11.3671875, 6.455078125], [11.42578125, 6.58203125], [11.503906249999972, 6.611328125], [11.5625, 6.6796875], [11.572265625, 6.884765625], [11.826171875, 7.08984375], [11.89453125, 7.109375], [11.748046875, 7.275390625], [12.03125, 7.587890625], [12.021484375, 7.71484375], [12.210286458333314, 8.0078125], [24.9609375, 8.001302083333334], [25.078125, 7.900390625], [25.17578125, 7.91015625], [25.25390625, 7.8515625], [25.29296875, 7.666015625], [25.17578125, 7.578125], [25.1953125, 7.51953125], [25.32226562500003, 7.431640625], [25.37109375, 7.34375], [25.60546875, 7.216796875], [25.80078125, 7.158203125], [25.927734375, 7.041015625], [26.03515625, 7.01171875], [26.09375, 6.85546875], [26.162109375, 6.826171875], [26.26953124999997, 6.708984375], [26.396484375, 6.650390625], [26.298828125, 6.494140625], [26.298828125, 6.396484375], [26.5234375, 6.2109375], [26.435546875, 6.09375], [26.50390625, 6.11328125], [26.5625, 6.03515625], [26.806640625, 5.986328125], [26.845703125, 5.8984375], [26.90429687500003, 5.8984375], [26.93359375, 5.859375], [26.99218750000003, 5.869140625], [27.05078125, 5.791015625], [27.099609375, 5.80078125], [27.197265625, 5.712890625], [27.2265625, 5.60546875], [27.275390625, 5.5859375], [27.2265625, 5.439453125], [27.24609375, 5.341796875], [27.294921875, 5.234375], [27.428385416666675, 5.071614583333333], [27.08007812500003, 5.21484375], [26.943359375, 5.15625], [26.865234375, 5.0390625], [26.796875, 5.048828125], [26.748046875, 5.09765625], [26.611328124999986, 5.078125], [26.484375, 5.048828125], [26.38671875, 5.146484375], [26.28906250000003, 5.146484375], [26.162109375, 5.244140625], [26.015625, 5.211588541666667], [26.001592197715443, 5.217380768025015], [25.990138638892542, 5.22220331910834], [25.978685080069646, 5.227628689077082], [25.972656891215486, 5.230039964618745], [25.95698360019468, 5.221600500222925], [25.932870844778048, 5.205927209202115], [25.915991915986407, 5.191459555952138], [25.900921443851015, 5.179403178243823], [25.89308479834061, 5.197487744806295], [25.870780499580228, 5.224614594650004], [25.84960937500003, 5.224609375], [25.8203125, 5.205078125], [25.546875, 5.380859375], [25.361328125, 5.3125], [25.30273437499997, 5.1953125], [25.327148437500014, 5.146484375], [25.29296875, 5.029296875], [25.185546875, 5.0], [25.13671875, 5.01953125], [25.068359375, 4.951171875], [24.97070312500003, 5.0], [24.78515625, 4.921875], [24.658203125, 4.921875], [24.658203125, 4.9609375], [24.580078125, 5.0390625], [24.453125, 5.1171875], [24.423828125, 5.0927734375], [24.384765625, 5.1171875], [24.35546875000003, 5.068359375], [24.39453125, 5.0390625], [24.27734375, 5.0], [24.2578125, 4.9609375], [24.208984375, 4.9609375], [24.150390625, 4.912109375], [24.07226562499997, 4.921875], [23.9453125, 4.853515625], [23.92578125, 4.814453125], [23.80859374999997, 4.82421875], [23.759765625, 4.78515625], [23.56445312500003, 4.736328125], [23.447265625, 4.66796875], [23.41796875, 4.599609375], [23.271484375, 4.62890625], [23.1640625, 4.736328125], [23.0859375, 4.716796875], [23.02734375, 4.74609375], [22.96875, 4.833984375], [22.880859375, 4.82421875], [22.86132812500003, 4.736328125], [22.783203125, 4.7265625], [22.724609375, 4.638671875], [22.68554687500003, 4.4921875], [22.587890625, 4.47265625], [22.578125, 4.4140625], [22.607421875, 4.375], [22.5390625, 4.296875], [22.5390625, 4.228515625], [22.431640625, 4.140625], [22.31445312499997, 4.130859375], [22.177734375, 4.16015625], [22.08984375, 4.228515625], [21.845703125, 4.248046875], [21.728515625, 4.306640625], [21.494140625, 4.2578125], [21.38671875, 4.267578125], [21.26953125, 4.345703125], [21.19140625000003, 4.296875], [20.966796875, 4.443359375], [20.82031249999997, 4.453125], [20.791015625, 4.423828125], [20.57617187500003, 4.4140625], [20.439453125, 4.541015625], [20.44921875, 4.62890625], [20.33203125, 4.775390625], [20.234375, 4.8046875], [20.009765625, 4.98046875], [19.892578125, 5.0], [19.82421875, 5.09765625], [19.70703125, 5.146484375], [19.43359375000003, 5.146484375], [19.1796875, 4.951171875], [19.1015625, 4.94140625], [19.00390625, 4.765625], [18.81835937500003, 4.560546875], [18.76953125, 4.423828125], [18.671875, 4.365234375], [18.564453125, 4.375], [18.525390625, 4.31640625], [18.61328125, 4.1796875], [18.64257812500003, 4.04296875], [18.583984375, 3.759765625], [18.6328125, 3.193359375], [18.525390625, 3.06640625], [18.330078125, 2.59765625], [18.22265625, 2.509765625], [18.212890625, 2.412109375], [18.09570312499997, 2.275390625], [18.056640625, 1.875], [18.06640625, 1.5234375], [17.861328125, 1.005859375], [17.900390625, 0.83984375], [17.890625, 0.595703125], [17.958984375, 0.48828125], [17.958984375, 0.4296875], [17.94921875, 0.361328125], [17.802734375, 0.17578125], [17.705078125, -0.126953124999986], [17.734375, -0.4296875], [17.705078125, -0.546875], [17.373046875, -0.95703125], [17.255859375, -1.03515625], [17.14843750000003, -1.044921875], [17.03125, -1.103515625000014], [16.86523437499997, -1.23046875], [16.70898437500003, -1.46484375], [16.66015625, -1.621093749999986], [16.50390625, -1.884765624999986], [16.18164062500003, -2.177734375], [16.18164062500003, -2.40234375], [16.23046875, -2.65625], [16.171875, -2.880859375], [16.18164062500003, -3.2421875], [16.220703125, -3.330078125], [16.1328125, -3.505859375], [16.044921875, -3.603515625], [15.917968750000028, -3.896484375], [15.83984375, -3.96484375], [15.712890625, -3.974609375], [15.537109375, -4.04296875], [15.439453125, -4.267578125000014], [15.33203125, -4.267578125000014], [15.214843750000028, -4.326171875], [15.1171875, -4.462890625], [14.921875, -4.638671875], [14.833984375, -4.8046875], [14.677734375, -4.90234375], [14.492187499999972, -4.833984375], [14.443359375, -4.873046874999986], [14.404296874999972, -4.86328125], [14.423828125000028, -4.658203125], [14.35546875, -4.560546875], [14.443359375, -4.4921875], [14.47265625, -4.423828125], [14.39453125, -4.3359375], [14.39453125, -4.27734375], [14.306640625, -4.296875], [14.169921875, -4.384765625], [14.0625, -4.384765625], [13.955078125, -4.4921875], [13.88671875, -4.482421875], [13.818359375, -4.4140625], [13.740234375, -4.433593749999986], [13.720703125000028, -4.677734375], [13.623046875, -4.7265625], [13.59375, -4.775390625], [13.53515625, -4.74609375], [13.408203125, -4.873046874999986], [13.37890625, -4.794921875000014], [13.203125, -4.6875], [13.125, -4.5703125], [13.085937499999972, -4.580078125], [13.076171875, -4.619140625000014], [12.910156249999972, -4.47265625], [12.87109375, -4.39453125], [12.763671875, -4.384765625], [12.63671875, -4.55078125], [12.402343750000028, -4.599609375], [12.32421875, -4.785156249999986], [12.207031249999972, -4.755859375], [12.158203125, -4.892578125], [12.021484375, -5.009765625], [12.01171875, -5.078125], [8.818359375, -5.488281249999986], [6.585286458333314, -4.169921875], [6.572265625, 3.004557291666667]]]]}}, {"type": "Feature", "properties": {"FID": 996, "FIR_NAME": "KINSHASA", "ICAO_CODE": "FZZA", "TYPE": "FIR", "COUNTRY": null}, "geometry": {"type": "MultiPolygon", "coordinates": [[[[29.42382812499999, -4.436848958333329], [29.423828125, -4.55078125], [29.3359375, -4.765625], [29.3359375, -4.931640625], [29.462890625, -5.1953125], [29.51171875, -5.410156250000014], [29.62890625000003, -5.703125], [29.609375, -5.80078125], [29.51171875, -5.908203125], [29.482421875, -6.005859375], [29.53125, -6.259765625], [29.658203125, -6.455078124999986], [29.70703125, -6.6015625], [29.89257812500003, -6.7578125], [30.01953125, -6.806640624999986], [30.09765625, -6.875], [29.876302083333314, -8.10546875], [27.98828125, -11.992187499999986], [25.49804687500003, -11.992187499999986], [24.319661458333332, -11.005859375], [21.988932291666675, -8.984375], [21.98242187500003, -7.32421875], [16.005859375, -5.882161458333333], [15.146484375, -5.849609375000014], [14.560546875, -5.8984375], [14.21875, -5.87890625], [14.1796875, -5.849609375000014], [14.0234375, -5.869140625], [13.974609375, -5.830078125], [13.7109375, -5.859375], [13.447265625, -5.839843749999986], [13.349609374999972, -5.888671875], [13.02734375, -5.859375], [12.822265624999972, -5.95703125], [12.734375, -5.95703125], [12.48046875, -6.044921875], [12.36328125, -6.123046875], [12.226562500000028, -6.162109375], [12.109375, -6.142578125], [11.9921875, -6.044921875], [11.89453125, -5.908203125], [11.89453125, -5.712890625], [12.001953125, -5.673828125000014], [12.197265625, -5.771484375], [12.314453125000028, -5.72265625], [12.509765625, -5.72265625], [12.5390625, -5.126953125], [12.451171875, -5.058593750000014], [12.578125, -5.009765625], [12.626953125, -4.921875], [12.6953125, -4.921875], [12.822265624999972, -4.7265625], [13.06640625, -4.66796875], [13.076171875, -4.619140625000014], [13.085937499999972, -4.580078125], [13.125, -4.5703125], [13.203125, -4.6875], [13.37890625, -4.794921875000014], [13.408203125, -4.873046874999986], [13.53515625, -4.74609375], [13.59375, -4.775390625], [13.623046875, -4.7265625], [13.720703125000028, -4.677734375], [13.740234375, -4.433593749999986], [13.818359375, -4.4140625], [13.88671875, -4.482421875], [13.955078125, -4.4921875], [14.0625, -4.384765625], [14.169921875, -4.384765625], [14.306640625, -4.296875], [14.39453125, -4.27734375], [14.39453125, -4.3359375], [14.47265625, -4.423828125], [14.443359375, -4.4921875], [14.35546875, -4.560546875], [14.423828125000028, -4.658203125], [14.404296874999972, -4.86328125], [14.443359375, -4.873046874999986], [14.492187499999972, -4.833984375], [14.677734375, -4.90234375], [14.833984375, -4.8046875], [14.921875, -4.638671875], [15.1171875, -4.462890625], [15.214843750000028, -4.326171875], [15.33203125, -4.267578125000014], [15.439453125, -4.267578125000014], [15.537109375, -4.04296875], [15.712890625, -3.974609375], [15.83984375, -3.96484375], [15.917968750000028, -3.896484375], [16.044921875, -3.603515625], [16.1328125, -3.505859375], [16.220703125, -3.330078125], [16.18164062500003, -3.2421875], [16.171875, -2.880859375], [16.23046875, -2.65625], [16.18164062500003, -2.40234375], [16.18164062500003, -2.177734375], [16.50390625, -1.884765624999986], [16.66015625, -1.621093749999986], [16.70898437500003, -1.46484375], [16.86523437499997, -1.23046875], [17.03125, -1.103515625000014], [17.14843750000003, -1.044921875], [17.255859375, -1.03515625], [17.373046875, -0.95703125], [17.705078125, -0.546875], [17.734375, -0.4296875], [17.705078125, -0.126953124999986], [17.802734375, 0.17578125], [17.94921875, 0.361328125], [17.958984375, 0.4296875], [17.958984375, 0.48828125], [17.890625, 0.595703125], [17.900390625, 0.83984375], [17.861328125, 1.005859375], [18.06640625, 1.5234375], [18.056640625, 1.875], [18.09570312499997, 2.275390625], [18.212890625, 2.412109375], [18.22265625, 2.509765625], [18.330078125, 2.59765625], [18.525390625, 3.06640625], [18.6328125, 3.193359375], [18.583984375, 3.759765625], [18.64257812500003, 4.04296875], [18.61328125, 4.1796875], [18.525390625, 4.31640625], [18.564453125, 4.375], [18.671875, 4.365234375], [18.76953125, 4.423828125], [18.81835937500003, 4.560546875], [19.00390625, 4.765625], [19.1015625, 4.94140625], [19.1796875, 4.951171875], [19.43359375000003, 5.146484375], [19.70703125, 5.146484375], [19.82421875, 5.09765625], [19.892578125, 5.0], [20.009765625, 4.98046875], [20.234375, 4.8046875], [20.33203125, 4.775390625], [20.44921875, 4.62890625], [20.439453125, 4.541015625], [20.57617187500003, 4.4140625], [20.791015625, 4.423828125], [20.82031249999997, 4.453125], [20.966796875, 4.443359375], [21.19140625000003, 4.296875], [21.26953125, 4.345703125], [21.38671875, 4.267578125], [21.494140625, 4.2578125], [21.728515625, 4.306640625], [21.845703125, 4.248046875], [22.08984375, 4.228515625], [22.177734375, 4.16015625], [22.31445312499997, 4.130859375], [22.431640625, 4.140625], [22.5390625, 4.228515625], [22.5390625, 4.296875], [22.607421875, 4.375], [22.578125, 4.4140625], [22.587890625, 4.47265625], [22.68554687500003, 4.4921875], [22.724609375, 4.638671875], [22.783203125, 4.7265625], [22.86132812500003, 4.736328125], [22.880859375, 4.82421875], [22.96875, 4.833984375], [23.02734375, 4.74609375], [23.0859375, 4.716796875], [23.1640625, 4.736328125], [23.271484375, 4.62890625], [23.41796875, 4.599609375], [23.447265625, 4.66796875], [23.56445312500003, 4.736328125], [23.759765625, 4.78515625], [23.80859374999997, 4.82421875], [23.92578125, 4.814453125], [23.9453125, 4.853515625], [24.07226562499997, 4.921875], [24.150390625, 4.912109375], [24.208984375, 4.9609375], [24.2578125, 4.9609375], [24.27734375, 5.0], [24.39453125, 5.0390625], [24.35546875000003, 5.068359375], [24.384765625, 5.1171875], [24.423828125, 5.0927734375], [24.453125, 5.1171875], [24.580078125, 5.0390625], [24.658203125, 4.9609375], [24.658203125, 4.921875], [24.78515625, 4.921875], [24.97070312500003, 5.0], [25.068359375, 4.951171875], [25.13671875, 5.01953125], [25.185546875, 5.0], [25.29296875, 5.029296875], [25.327148437500014, 5.146484375], [25.30273437499997, 5.1953125], [25.361328125, 5.3125], [25.546875, 5.380859375], [25.8203125, 5.205078125], [25.84960937500003, 5.224609375], [25.870780499580228, 5.224614594650004], [25.89308479834061, 5.197487744806295], [25.900921443851015, 5.179403178243823], [25.915991915986407, 5.191459555952138], [25.932870844778048, 5.205927209202115], [25.95698360019468, 5.221600500222925], [25.972656891215486, 5.230039964618745], [25.978685080069646, 5.227628689077082], [25.990138638892542, 5.22220331910834], [26.001592197715443, 5.217380768025015], [26.015625, 5.211588541666667], [26.162109375, 5.244140625], [26.28906250000003, 5.146484375], [26.38671875, 5.146484375], [26.484375, 5.048828125], [26.611328124999986, 5.078125], [26.748046875, 5.09765625], [26.796875, 5.048828125], [26.865234375, 5.0390625], [26.943359375, 5.15625], [27.08007812500003, 5.21484375], [27.428385416666675, 5.071614583333333], [27.5390625, 4.921875], [27.65625, 4.90234375], [27.69531250000003, 4.8046875], [27.7734375, 4.775390625], [27.76367187499997, 4.66796875], [27.79296875, 4.609375], [27.861328125, 4.560546875], [28.017578125, 4.5703125], [28.02734374999997, 4.47265625], [28.06640625, 4.43359375], [28.11523437499997, 4.453125], [28.193359375, 4.35546875], [28.3203125, 4.365234375], [28.369140625, 4.287109375], [28.4375, 4.296875], [28.505859375, 4.384765625], [28.6328125, 4.423828125], [28.681640625, 4.51171875], [28.759765625, 4.560546875], [28.80859375, 4.4921875], [29.00390625, 4.501953125], [29.21875, 4.345703125], [29.25781249999997, 4.39453125], [29.326171875, 4.404296875], [29.34570312499997, 4.462890625], [29.423828125, 4.53125], [29.453125, 4.658203125], [29.4921875, 4.6875], [29.62890625000003, 4.658203125], [29.794921875, 4.5703125], [29.78515624999997, 4.384765625], [29.912109375, 4.345703125], [29.951171875, 4.306640625], [29.94140625, 4.2578125], [30.0, 4.228515625], [30.06835937500003, 4.130859375], [30.13671874999997, 4.111328125], [30.1953125, 4.013671875], [30.745442708333325, 4.000651041666667], [30.99609375, 1.7578125], [30.693359375, 1.513671875], [30.439453125, 1.2109375], [30.341796875, 1.201171875], [30.322265625, 1.162109375], [30.263671875, 1.171875], [30.205078125, 1.07421875], [30.21484375, 1.005859375], [30.126953125, 0.8984375], [29.951171875, 0.830078125], [29.951171875, 0.48828125], [29.84375, 0.361328125], [29.814453125, 0.17578125], [29.7705078125, 0.1708984375], [29.70703125, 0.078125], [29.7265625, -0.009765625], [29.638671875, -0.4296875], [29.658203125, -0.566406249999986], [29.609375, -0.732421875], [29.619140625, -0.87890625], [29.5703125, -0.8984375], [29.560546875, -1.171875], [29.58984375, -1.201171875], [29.638671875, -1.359375], [29.443359375, -1.494140625], [29.35546875, -1.50390625], [29.25781249999997, -1.630859375000014], [29.130859375, -1.8359375], [29.12109375, -1.93359375], [29.16992187499997, -2.070312500000014], [29.130859375, -2.216796875], [29.08203124999997, -2.275390625], [29.00390625, -2.28515625], [28.857421875, -2.421875], [28.88671875, -2.470703125], [28.857421875, -2.51953125], [28.896484375, -2.65625], [29.029947916666668, -2.727864583333333], [28.99414062499997, -2.802734375], [29.033203125, -2.8125], [29.08203124999997, -2.900390625], [29.248046875, -3.046875], [29.208984375, -3.291015624999986], [29.23828125, -3.652343750000014], [29.208984375, -3.759765625], [29.23828125, -3.90625], [29.306640625, -3.96484375], [29.36523437500003, -4.1015625], [29.42382812499999, -4.436848958333329]]]]}}, {"type": "Feature", "properties": {"FID": 995, "FIR_NAME": "ZAGREB", "ICAO_CODE": "LDZO", "TYPE": "FIR", "COUNTRY": "Croatia"}, "geometry": {"type": "MultiPolygon", "coordinates": [[[[18.221666, 41.4425], [16.396484375, 42.333984375], [16.201171875, 42.333984375], [16.103515625, 42.48046875], [14.47265625, 43.509114583333336], [13.359375, 44.501953125], [13.2421875, 44.6875], [12.998046874999972, 45.15625], [12.98828125, 45.283203125], [13.3984375, 45.559895833333336], [13.671875, 45.44921875], [13.84765625, 45.48828125], [13.896484375000028, 45.458984375], [13.974609375, 45.46875], [13.984375, 45.52734375], [14.091796875, 45.48828125], [14.35546875, 45.48828125], [14.482421875, 45.537109375], [14.58984375, 45.68359375], [14.697265625, 45.537109375], [14.78515625, 45.517578125], [14.814453125, 45.46875], [14.94140625, 45.52734375], [15.068359375, 45.498046875], [15.166015625, 45.4296875], [15.322265625, 45.478515625], [15.283203124999972, 45.60546875], [15.322265624999986, 45.6884765625], [15.302734375000028, 45.76171875], [15.4296875, 45.8203125], [15.595703125, 45.859375], [15.64453125, 45.830078125], [15.68359375, 45.859375], [15.68359375, 45.908203125], [15.722656249999972, 45.9375], [15.712890625, 46.044921875], [15.595703125, 46.1328125], [15.659179687500014, 46.23046875], [15.78125, 46.220703125], [15.8203125, 46.26953125], [16.025390625, 46.30859375], [16.07421874999997, 46.337890625], [16.083984375, 46.396484375], [16.142578125, 46.416015625], [16.19140625, 46.38671875], [16.264648437500014, 46.40625], [16.240234375, 46.494140625], [16.279296875, 46.533203125], [16.396484375, 46.552734375], [16.526692708333325, 46.50390625], [16.826171875, 46.38671875], [16.93359375, 46.25], [17.14843750000003, 46.19140625], [17.24609374999999, 46.061197916666664], [17.307135413364215, 45.993858634201885], [17.36328125, 45.966796875], [17.56835937499997, 45.947265625], [17.666015625, 45.83984375], [17.8125, 45.8203125], [17.85156250000003, 45.78125], [17.98828125, 45.80078125], [18.06640625, 45.771484375], [18.212890625, 45.791015625], [18.4375, 45.76171875], [18.564453125, 45.810546875], [18.671875, 45.927734375], [18.815104166666686, 45.901692708333336], [18.9453125, 45.78125], [18.916015625, 45.712890625], [18.96484375, 45.673828125], [18.90625, 45.625], [18.896484375, 45.576171875], [18.92578125, 45.546875], [19.013671875, 45.56640625], [19.091796875, 45.517578125], [18.99414062500003, 45.48828125], [19.013671875, 45.4248046875], [18.97460937499997, 45.390625], [19.08203125000003, 45.3515625], [19.130859375, 45.29296875], [19.41406249999997, 45.234375], [19.404296875, 45.185546875], [19.248046875, 45.185546875], [19.16992187500003, 45.224609375], [19.16992187500003, 45.166015625], [19.08203125000003, 45.126953125], [19.1015625, 45.0], [19.140625, 44.98046875], [19.05664062500001, 44.900390625], [18.84765625, 44.86328125], [18.779296875, 44.90234375], [18.759765625, 44.94140625], [18.7890625, 44.990234375], [18.601074218749993, 45.07568359375], [18.505859375, 45.05859375], [18.41796875, 45.1171875], [18.33984375, 45.107421875], [18.251953125, 45.146484375], [18.193359375, 45.087890625], [18.11523437500003, 45.087890625], [18.056640625, 45.146484375], [17.98828125, 45.15625], [17.880859375, 45.05859375], [17.822265625, 45.05859375], [17.67578125000003, 45.13671875], [17.475585937499986, 45.1318359375], [17.353515625, 45.146484375], [17.28515625, 45.185546875], [17.16796875, 45.15625], [16.9189453125, 45.25390625], [16.826171875, 45.1953125], [16.53320312500003, 45.234375], [16.396484375, 45.1171875], [16.33789062499997, 45.009765625], [16.220703125, 45.029296875], [15.986328124999972, 45.234375], [15.83984375, 45.224609375], [15.78125, 45.17578125], [15.751953125, 45.068359375], [15.791015625, 44.853515625], [15.732421875, 44.814453125], [15.849609375, 44.716796875], [15.947265625, 44.70703125], [16.025390625, 44.5703125], [16.1328125, 44.482421875], [16.15234375, 44.404296875], [16.2109375, 44.345703125], [16.16210937499997, 44.2138671875], [16.25, 44.19921875], [16.416015625, 44.04296875], [16.5234375, 44.0234375], [16.669921875, 43.88671875], [16.728515625, 43.779296875], [16.86523437499997, 43.701171875], [16.9921875, 43.57421875], [17.23632812500003, 43.4765625], [17.265625, 43.447265625], [17.275390625, 43.310546875], [17.451171875, 43.1640625], [17.607421875, 43.095703125], [17.666015625, 43.02734375], [17.67578125000003, 42.978515625], [17.58789062500003, 42.939453125], [17.63671875, 42.900390625], [17.705078125, 42.939453125], [17.822265625, 42.919921875], [17.880859375, 42.822265625], [17.998046875, 42.763671875], [18.09570312499997, 42.75390625], [18.251953125, 42.626953125], [18.343858160387143, 42.598246733448725], [18.438333, 42.54], [18.48, 42.450277], [18.554166, 42.410555], [18.59375, 42.197265625], [18.526944, 42.014166], [18.663611, 41.927222], [18.59, 41.865555], [18.48, 41.884166], [18.339444, 41.495], [18.221666, 41.4425]]]]}}, {"type": "Feature", "properties": {"FID": 994, "FIR_NAME": "BUDAPEST", "ICAO_CODE": "LHCC", "TYPE": "FIR", "COUNTRY": "Hungary"}, "geometry": {"type": "MultiPolygon", "coordinates": [[[[20.250651041666668, 46.129557291666664], [20.11718749999997, 46.171875], [20.02929687499997, 46.15234375], [19.951171875, 46.181640625], [19.78515625000003, 46.142578125], [19.66796875, 46.19140625], [19.560546875, 46.181640625], [19.443359375, 46.07421875], [19.31640625, 46.044921875], [19.27734375, 45.99609375], [19.15039062499997, 45.99609375], [19.1015625, 46.03515625], [18.97460937499997, 45.9375], [18.90625, 45.947265625], [18.815104166666686, 45.901692708333336], [18.671875, 45.927734375], [18.564453125, 45.810546875], [18.4375, 45.76171875], [18.212890625, 45.791015625], [18.06640625, 45.771484375], [17.98828125, 45.80078125], [17.85156250000003, 45.78125], [17.8125, 45.8203125], [17.666015625, 45.83984375], [17.56835937499997, 45.947265625], [17.36328125, 45.966796875], [17.307135413364215, 45.993858634201885], [17.24609374999999, 46.061197916666664], [17.14843750000003, 46.19140625], [16.93359375, 46.25], [16.826171875, 46.38671875], [16.526692708333325, 46.50390625], [16.50390625, 46.5625], [16.38671875, 46.650390625], [16.416015625, 46.689453125], [16.318359375, 46.767578125], [16.328125, 46.85546875], [16.259765625, 46.884765625], [16.129557291666668, 46.878255208333336], [16.279296875, 47.01171875], [16.474609375, 47.0263671875], [16.494140625, 47.0703125], [16.46484375, 47.099609375], [16.5234375, 47.1484375], [16.46484375, 47.158203125], [16.42578124999997, 47.20703125], [16.435546875, 47.255859375], [16.474609375, 47.275390625], [16.44531250000003, 47.412109375], [16.60156249999997, 47.431640625], [16.69921875, 47.548828125], [16.640625, 47.63671875], [16.42578124999997, 47.67578125], [16.5234375, 47.71484375], [16.552734375, 47.763671875], [16.70898437500003, 47.744140625], [16.748046875, 47.6953125], [17.05078125, 47.7294921875], [17.03125, 47.87109375], [17.08984375, 47.91015625], [17.12890625000001, 48.037109375], [17.32421875000003, 48.0078125], [17.55859375, 47.83203125], [17.6171875, 47.83203125], [17.7734375, 47.75390625], [18.662109375, 47.763671875], [18.75, 47.822265625], [18.818359375, 47.83203125], [18.75, 47.919921875], [18.759765625, 47.978515625], [18.84765625, 48.056640625], [19.23828124999997, 48.056640625], [19.287109375, 48.0859375], [19.462890625, 48.095703125], [19.541015625, 48.22265625], [19.62890625, 48.2421875], [19.921875, 48.134765625], [20.11718749999997, 48.212890625], [20.146484375, 48.26171875], [20.29296874999997, 48.26171875], [20.37109375, 48.330078125], [20.5078125, 48.544921875], [20.66406250000003, 48.57421875], [20.830078125, 48.583984375], [20.947265625, 48.525390625], [21.142578125, 48.505859375], [21.220703125, 48.53515625], [21.27929687500003, 48.515625], [21.318359375, 48.564453125], [21.43554687499997, 48.583984375], [21.533203125, 48.515625], [21.6015625, 48.505859375], [21.69921874999997, 48.37890625], [21.7578125, 48.349609375], [22.109375, 48.388671875], [22.151692708333343, 48.421223958333336], [22.24609375000003, 48.41796875], [22.24609375000003, 48.37890625], [22.3046875, 48.369140625], [22.31445312499997, 48.310546875], [22.3828125, 48.251953125], [22.5, 48.251953125], [22.6171875, 48.10546875], [22.802734375, 48.115234375], [22.880859375, 48.046875], [22.8515625, 47.998046875], [22.880859375, 47.965494791666664], [22.79296875, 47.900390625], [22.763671875, 47.841796875], [22.65625, 47.783203125], [22.5390625, 47.7734375], [22.451171875, 47.802734375], [22.40234374999997, 47.744140625], [22.28515625, 47.744140625], [22.16796875, 47.59765625], [22.03125, 47.5390625], [22.001953125, 47.509765625], [22.01171875, 47.40234375], [21.865234375, 47.3046875], [21.845703125, 47.197265625], [21.66015625, 47.041015625], [21.6796875, 47.001953125], [21.6015625, 46.923828125], [21.6015625, 46.865234375], [21.52343749999997, 46.8359375], [21.484375, 46.767578125], [21.52343749999997, 46.728515625], [21.416015625, 46.640625], [21.30859375, 46.6015625], [21.25, 46.494140625], [21.2890625, 46.42578125], [21.2109375, 46.416015625], [21.15234375, 46.2890625], [21.11328125, 46.298828125], [21.07421875, 46.25], [20.80078125, 46.279296875], [20.703125, 46.162109375], [20.64453124999997, 46.142578125], [20.48828125000003, 46.181640625], [20.46875, 46.15234375], [20.3515625, 46.171875], [20.250651041666668, 46.129557291666664]]]]}}]}